ts,pool,name,tier,price,vol_1h,baseline,multiple,buyer_base,buyer_mult,turnover,chg_1h,liquidity,mcap,buyers,sellers,age_days,fired
2026-08-18T08:17:55+00:00,9R27f7ibnqi9jfk5LdWHRhX7faJBPPZyr5Va35RYWwoo,LAYOOO / SOL,A,0.002173190913077551,22705.9049916744,7333.34070622648,3.1,,,2.1306,-0.642,166069.0035,2173190.913,67,145,8.4,0
2026-08-18T09:05:13+00:00,9R27f7ibnqi9jfk5LdWHRhX7faJBPPZyr5Va35RYWwoo,LAYOOO / SOL,A,0.0022125535336421707,18758.9765239051,7333.34070622648,2.6,,,2.0739,0.095,165621.9664,2212553.534,74,135,8.4,0
2026-08-18T09:50:24+00:00,9R27f7ibnqi9jfk5LdWHRhX7faJBPPZyr5Va35RYWwoo,LAYOOO / SOL,A,0.002304769509097753,23505.1426528094,7333.34070622648,3.2,,,1.9584,3.416,169243.7498,2313620.066,60,167,8.5,0
2026-08-18T10:35:39+00:00,9R27f7ibnqi9jfk5LdWHRhX7faJBPPZyr5Va35RYWwoo,LAYOOO / SOL,A,0.0022456744750424217,17957.4404457872,7333.34070622648,2.4,,,1.9838,-3.044,166803.446,2245674.475,59,115,8.5,0
2026-08-18T11:04:49+00:00,9R27f7ibnqi9jfk5LdWHRhX7faJBPPZyr5Va35RYWwoo,LAYOOO / SOL,A,0.0023416923952660528,20587.1258560458,7333.34070622648,2.8,,,1.8939,2.634,172360.4455,2341830.622,61,116,8.5,0
2026-08-18T11:43:21+00:00,9R27f7ibnqi9jfk5LdWHRhX7faJBPPZyr5Va35RYWwoo,LAYOOO / SOL,A,0.0024550685814140787,38910.7196895971,7333.34070622648,5.3,,,1.8101,7.016,177784.1178,2455068.581,96,180,8.6,0
2026-08-18T12:14:45+00:00,9R27f7ibnqi9jfk5LdWHRhX7faJBPPZyr5Va35RYWwoo,LAYOOO / SOL,A,0.0022866455730787623,36278.149430751,7333.34070622648,4.9,,,1.938,-3.709,170692.8043,2286645.573,105,183,8.6,0
2026-08-18T13:13:44+00:00,68C62WPYiiNZxprbuaMj2ULXpiTDKcs5xsX7kBGnyajR,MANLET / SOL,A,0.0020691822279688505,148290.632020264,35206.25789098566,4.2,,,4.2058,-17.399,294250.8525,2069182.228,167,102,11.5,0
2026-08-18T13:13:44+00:00,9R27f7ibnqi9jfk5LdWHRhX7faJBPPZyr5Va35RYWwoo,LAYOOO / SOL,A,0.0021340808638532173,70927.9213583456,7333.34070622648,9.7,,,2.0712,-6.307,167113.2927,2134080.864,148,297,8.6,0
2026-08-18T14:00:16+00:00,9R27f7ibnqi9jfk5LdWHRhX7faJBPPZyr5Va35RYWwoo,LAYOOO / SOL,A,0.001908290336333214,71142.3128818064,7333.34070622648,9.7,,,2.3101,-12.973,152910.5416,1871326.275,206,245,8.7,0
2026-08-18T14:00:16+00:00,68C62WPYiiNZxprbuaMj2ULXpiTDKcs5xsX7kBGnyajR,MANLET / SOL,A,0.0020520403286202354,100678.20345046,35206.25789098566,2.9,,,4.259,-1.423,300838.2565,2053340.827,110,81,11.6,0
2026-08-18T14:54:26+00:00,9R27f7ibnqi9jfk5LdWHRhX7faJBPPZyr5Va35RYWwoo,LAYOOO / SOL,A,0.0018702076125519142,213055.16185933,7333.34070622648,29.1,,,2.3308,-3.633,155664.348,1877512.654,522,516,8.7,0
2026-08-18T14:54:26+00:00,68C62WPYiiNZxprbuaMj2ULXpiTDKcs5xsX7kBGnyajR,MANLET / SOL,A,0.0022869203815329207,68826.2847810256,35206.25789098566,2.0,,,3.7068,9.436,290077.7236,2286920.382,77,99,11.6,0
2026-08-18T15:38:23+00:00,9R27f7ibnqi9jfk5LdWHRhX7faJBPPZyr5Va35RYWwoo,LAYOOO / SOL,A,0.00176850734197451,112403.144077914,7333.34070622648,15.3,,,2.4383,5.35,150473.8448,1664023.68792284,163,355,8.7,0
2026-08-18T16:04:14+00:00,9R27f7ibnqi9jfk5LdWHRhX7faJBPPZyr5Va35RYWwoo,LAYOOO / SOL,A,0.0017473860545509914,71495.8306602322,7333.34070622648,9.7,,,1.8796,-9.224,151736.9171,1767924.629,154,218,8.7,0
2026-08-18T16:50:22+00:00,9R27f7ibnqi9jfk5LdWHRhX7faJBPPZyr5Va35RYWwoo,LAYOOO / SOL,A,0.0018579523823118332,98096.174215322,7333.34070622648,13.4,,,1.3768,-1.334,152409.8464,1829168.366,250,218,8.8,0
2026-08-18T17:33:59+00:00,9R27f7ibnqi9jfk5LdWHRhX7faJBPPZyr5Va35RYWwoo,LAYOOO / SOL,A,0.001611394786632813,53196.2597982813,7333.34070622648,7.3,,,1.4483,-9.772,143002.9438,1611394.787,152,158,8.8,0
2026-08-18T17:54:23+00:00,9R27f7ibnqi9jfk5LdWHRhX7faJBPPZyr5Va35RYWwoo,LAYOOO / SOL,A,0.0015918261317388101,59260.879876925,7333.34070622648,8.1,,,1.4196,-15.426,144187.2917,1591826.132,201,140,8.8,0
2026-08-18T17:59:57+00:00,9R27f7ibnqi9jfk5LdWHRhX7faJBPPZyr5Va35RYWwoo,LAYOOO / SOL,A,0.0015700639516562735,46688.5636226874,7333.34070622648,6.4,,,1.4267,-5.314,143967.2613,1570063.952,185,128,8.8,0
2026-08-18T18:04:06+00:00,9R27f7ibnqi9jfk5LdWHRhX7faJBPPZyr5Va35RYWwoo,LAYOOO / SOL,A,0.0016100632420435875,47079.7929139046,7333.34070622648,6.4,,,1.3865,-4.506,144841.7809,1610063.242,200,124,8.8,0
2026-08-18T18:58:22+00:00,9R27f7ibnqi9jfk5LdWHRhX7faJBPPZyr5Va35RYWwoo,LAYOOO / SOL,A,0.001714914244210173,50097.2804390815,7333.34070622648,6.8,,,1.1958,10.049,147612.4357,1710938.64,109,150,8.9,0
2026-08-18T19:34:52+00:00,9R27f7ibnqi9jfk5LdWHRhX7faJBPPZyr5Va35RYWwoo,LAYOOO / SOL,A,0.001617838188763004,41461.2494436187,7333.34070622648,5.7,,,1.2157,-2.494,144680.3881,1626308.435,122,123,8.9,0
2026-08-18T20:00:01+00:00,13MEx6gjRadJNUdmToaGSzgeWHLH7FzScUQS9Mc5nYF5,MU / USDC,A,943.5085939773544,111055.80245489,19437.320365413918,5.7,,,0.4484,0.581,4010479.1059,6144032.84699245,11,12,57.2,0
2026-08-18T20:00:01+00:00,9R27f7ibnqi9jfk5LdWHRhX7faJBPPZyr5Va35RYWwoo,LAYOOO / SOL,A,0.0017988371707660946,54009.157636881,7333.34070622648,7.4,,,1.0769,3.4,157382.3249,1818070.274,133,137,8.9,0
2026-08-18T20:35:26+00:00,9R27f7ibnqi9jfk5LdWHRhX7faJBPPZyr5Va35RYWwoo,LAYOOO / SOL,A,0.0021204933591053975,84704.2891768237,7333.34070622648,11.6,,,0.9368,29.752,164798.6982,2082018.08,168,220,8.9,0
2026-08-18T20:35:26+00:00,13MEx6gjRadJNUdmToaGSzgeWHLH7FzScUQS9Mc5nYF5,MU / USDC,A,939.870073363818,89378.4580484901,19437.320365413918,4.6,,,0.4513,0.201,3997352.3705,6129735.92464556,8,19,57.3,0
2026-08-18T21:02:28+00:00,9R27f7ibnqi9jfk5LdWHRhX7faJBPPZyr5Va35RYWwoo,LAYOOO / SOL,A,0.0017617329426455144,86698.5666543549,7333.34070622648,11.8,,,1.0866,-1.305,153294.7205,1761694.31,217,238,8.9,0
2026-08-18T21:40:58+00:00,9R27f7ibnqi9jfk5LdWHRhX7faJBPPZyr5Va35RYWwoo,LAYOOO / SOL,A,0.0018711777050747058,32163.5107222174,7333.34070622648,4.4,,,0.9726,0.738,155098.0214,1849880.047,127,147,9.0,0
2026-08-18T22:00:34+00:00,9R27f7ibnqi9jfk5LdWHRhX7faJBPPZyr5Va35RYWwoo,LAYOOO / SOL,A,0.0017347486977156948,26318.4959791144,7333.34070622648,3.6,144.5,,0.9914,-3.737,150219.3595,1734748.698,85,103,9.0,0
2026-08-18T22:43:28+00:00,9R27f7ibnqi9jfk5LdWHRhX7faJBPPZyr5Va35RYWwoo,LAYOOO / SOL,A,0.0014872218671116311,89026.9975120887,7333.34070622648,12.1,141,,1.1357,-19.091,141239.5286,1487286.242,269,135,9.0,0
2026-08-18T23:05:24+00:00,9R27f7ibnqi9jfk5LdWHRhX7faJBPPZyr5Va35RYWwoo,LAYOOO / SOL,A,0.001478845011659878,105121.387855769,7333.34070622648,14.3,144.5,,1.1686,-14.745,137859.3016,1458638.826,303,177,9.0,0
2026-08-18T23:39:44+00:00,9R27f7ibnqi9jfk5LdWHRhX7faJBPPZyr5Va35RYWwoo,LAYOOO / SOL,A,0.0014075552082904149,55852.4843849785,7333.34070622648,7.6,148,,1.1774,-5.49,135345.3201,1422493.292,163,178,9.1,0
2026-08-19T00:00:06+00:00,13MEx6gjRadJNUdmToaGSzgeWHLH7FzScUQS9Mc5nYF5,MU / USDC,A,932.5335001885647,67503.7149083794,19437.320365413918,3.5,,,0.4586,-0.185,3976076.0837,6081887.54918355,4,14,57.4,0
2026-08-19T00:00:06+00:00,2sLVno3U42bPYSsRwGWKUyt1JqzqReVRaUQaZ9ZjsdBh,HOOD / SOL,A,0.00014847774777190974,15302102.6893744,2316914.1625790303,6.6,,,7.0763,51.836,492297.1563,14934711.73,3001,55,0.3,0
2026-08-19T00:00:06+00:00,9R27f7ibnqi9jfk5LdWHRhX7faJBPPZyr5Va35RYWwoo,LAYOOO / SOL,A,0.0014841344625218767,41218.3171365921,7333.34070622648,5.6,150.0,,1.1145,1.155,139513.8785,1484134.463,139,155,9.1,0
2026-08-19T01:54:41+00:00,13MEx6gjRadJNUdmToaGSzgeWHLH7FzScUQS9Mc5nYF5,MU / USDC,A,937.7913103085997,124265.557045479,19437.320365413918,6.4,,,0.4533,0.378,3999700.3695,6145244.9958726,5,17,57.5,0
2026-08-19T01:54:41+00:00,2sLVno3U42bPYSsRwGWKUyt1JqzqReVRaUQaZ9ZjsdBh,HOOD / SOL,A,0.0003008911101013781,13474778.7682471,2316914.1625790303,5.8,,,4.3985,35.926,483203.2968,30250518.88,2980,66,0.4,0
2026-08-19T01:54:41+00:00,3vzCDcWV1gWExDYtd2YGtoAD1wvMNv9ceiGzFs7ZrnpM,BULLSHIT / SOL,A,0.0015983661657352252,181086.635097708,29931.477013074797,6.1,,,0.8628,-33.051,178181.2901,1575916.14037432,220,460,1.3,0
2026-08-19T01:54:41+00:00,9R27f7ibnqi9jfk5LdWHRhX7faJBPPZyr5Va35RYWwoo,LAYOOO / SOL,A,0.0013593996063182405,50911.2445803737,7333.34070622648,6.9,148,,1.1894,-3.907,132825.6388,1359399.606,200,182,9.1,0
2026-08-19T01:54:41+00:00,CD5HDt23sjGud5VTWsv51BMPey2Qf9qH5cyswWmjBDdq,BULLSHIT / SOL,A,0.0016017563872648016,788975.892800425,293182.13371419936,2.7,,,3.1657,-31.293,125092.8433,1566742.17479754,1582,1653,1.3,0
2026-08-19T02:37:49+00:00,9R27f7ibnqi9jfk5LdWHRhX7faJBPPZyr5Va35RYWwoo,LAYOOO / SOL,A,0.0015624960341054565,187297.374301837,7333.34070622648,25.5,150.0,,1.07,11.214,142401.5917,1541158.823,264,352,9.2,0
2026-08-19T02:37:49+00:00,13MEx6gjRadJNUdmToaGSzgeWHLH7FzScUQS9Mc5nYF5,MU / USDC,A,932.2695059083532,74964.116089164,19437.320365413918,3.9,,,0.4463,-0.61,3975931.3571,6109063.8075805,3,17,57.5,0
2026-08-19T02:37:49+00:00,3vzCDcWV1gWExDYtd2YGtoAD1wvMNv9ceiGzFs7ZrnpM,BULLSHIT / SOL,A,0.0014207434658166105,91524.3537090846,29931.477013074797,3.1,,,0.9147,-22.362,124269.7202,1389676.25969669,121,201,1.3,0
2026-08-19T03:04:09+00:00,13MEx6gjRadJNUdmToaGSzgeWHLH7FzScUQS9Mc5nYF5,MU / USDC,A,934.0955999697313,73365.3528252983,19437.320365413918,3.8,,,0.4204,-0.015,3981520.4205,6145309.61610804,7,14,57.5,0
2026-08-19T03:04:09+00:00,9R27f7ibnqi9jfk5LdWHRhX7faJBPPZyr5Va35RYWwoo,LAYOOO / SOL,A,0.0016293378496076427,58809.6402181784,7333.34070622648,8.0,152,,0.9694,0.582,145526.9074,1629337.85,115,155,9.2,0
2026-08-19T04:01:03+00:00,9R27f7ibnqi9jfk5LdWHRhX7faJBPPZyr5Va35RYWwoo,LAYOOO / SOL,A,0.0015404955672856057,21576.6992588306,7333.34070622648,2.9,150.0,,0.9875,-7.873,142000.6362,1540495.567,97,86,9.2,0
2026-08-19T04:53:42+00:00,13MEx6gjRadJNUdmToaGSzgeWHLH7FzScUQS9Mc5nYF5,MU / USDC,A,923.2269094166209,54777.4982136473,19437.320365413918,2.8,,,0.3883,-0.589,3960774.0829,6073805.72659969,4,13,57.6,0
2026-08-19T05:36:46+00:00,13MEx6gjRadJNUdmToaGSzgeWHLH7FzScUQS9Mc5nYF5,MU / USDC,A,926.6824705085775,112357.89879871,19437.320365413918,5.8,,,0.3926,0.0,3964452.7858,6096534.07411831,14,18,57.6,0
2026-08-19T05:36:46+00:00,9R27f7ibnqi9jfk5LdWHRhX7faJBPPZyr5Va35RYWwoo,LAYOOO / SOL,A,0.0014306290078948086,16802.1686844304,7333.34070622648,2.3,144.5,,1.0198,-6.597,138048.539,1432495.757,87,52,9.3,0
2026-08-19T05:36:46+00:00,3vzCDcWV1gWExDYtd2YGtoAD1wvMNv9ceiGzFs7ZrnpM,BULLSHIT / SOL,A,0.0017612484575028173,138936.453585838,29931.477013074797,4.6,,,0.7401,59.439,125829.4879,1722743.85578444,171,179,1.4,0
2026-08-19T06:04:49+00:00,13MEx6gjRadJNUdmToaGSzgeWHLH7FzScUQS9Mc5nYF5,MU / USDC,A,921.421365758985,78017.5141784124,19437.320365413918,4.0,,,0.3936,-0.918,3944806.2288,6061930.38763085,12,15,57.7,0
2026-08-19T06:04:49+00:00,3vzCDcWV1gWExDYtd2YGtoAD1wvMNv9ceiGzFs7ZrnpM,BULLSHIT / SOL,A,0.001985117478156033,143774.270648884,29931.477013074797,4.8,,,0.668,102.221,121784.7366,1941707.39324302,182,228,1.5,0
2026-08-19T06:04:49+00:00,CD5HDt23sjGud5VTWsv51BMPey2Qf9qH5cyswWmjBDdq,BULLSHIT / SOL,A,0.001943376764047931,939710.851761415,293182.13371419936,3.2,,,2.6898,101.521,138727.3985,1873059.19540526,1446,1319,1.5,0
2026-08-19T07:07:54+00:00,13MEx6gjRadJNUdmToaGSzgeWHLH7FzScUQS9Mc5nYF5,MU / USDC,A,941.9226501443779,166530.849191371,19437.320365413918,8.6,,,0.3955,2.036,4000000.0798,6215727.54585312,19,6,57.7,0
2026-08-19T07:07:54+00:00,9R27f7ibnqi9jfk5LdWHRhX7faJBPPZyr5Va35RYWwoo,LAYOOO / SOL,A,0.0016096177985451823,15666.9853819716,7333.34070622648,2.1,140.0,,0.8798,10.962,145982.9412,1615800.116,52,87,9.4,0
2026-08-19T07:55:51+00:00,13MEx6gjRadJNUdmToaGSzgeWHLH7FzScUQS9Mc5nYF5,MU / USDC,A,960.7929055277014,192143.257010494,19437.320365413918,9.9,,,0.4024,1.999,4058862.2647,6340146.24566831,20,10,57.7,0
2026-08-19T08:48:35+00:00,13MEx6gjRadJNUdmToaGSzgeWHLH7FzScUQS9Mc5nYF5,MU / USDC,A,957.1661229374013,233740.373339145,19437.320365413918,12.0,,,0.4113,0.425,4055182.4467,6321105.55734701,20,14,57.8,0
2026-08-19T08:48:35+00:00,9R27f7ibnqi9jfk5LdWHRhX7faJBPPZyr5Va35RYWwoo,LAYOOO / SOL,A,0.0015904105405735252,15291.302378952,7333.34070622648,2.1,136.0,,0.8879,-4.02,144381.0956,1590410.541,48,45,9.4,0
2026-08-19T09:40:19+00:00,13MEx6gjRadJNUdmToaGSzgeWHLH7FzScUQS9Mc5nYF5,MU / USDC,A,947.4109830978972,87179.9457930409,19437.320365413918,4.5,,,0.4177,-0.994,4027983.5763,6281311.16203424,7,10,57.8,0
2026-08-19T10:11:02+00:00,13MEx6gjRadJNUdmToaGSzgeWHLH7FzScUQS9Mc5nYF5,MU / USDC,A,930.7219330532726,181936.23816906,19437.320365413918,9.4,,,0.4416,-2.542,3963051.9147,6170664.19913311,3,18,57.8,0
2026-08-19T10:48:27+00:00,13MEx6gjRadJNUdmToaGSzgeWHLH7FzScUQS9Mc5nYF5,MU / USDC,A,935.9782130371345,160896.54264584,19437.320365413918,8.3,,,0.4433,-0.397,3997811.8711,6210191.01166186,14,14,57.9,0
2026-08-19T11:31:30+00:00,13MEx6gjRadJNUdmToaGSzgeWHLH7FzScUQS9Mc5nYF5,MU / USDC,A,936.0914935039168,154976.84530034,19437.320365413918,8.0,,,0.456,0.395,3996587.0465,6210937.70996018,17,9,57.9,0
2026-08-19T11:31:30+00:00,3vzCDcWV1gWExDYtd2YGtoAD1wvMNv9ceiGzFs7ZrnpM,BULLSHIT / SOL,A,0.0033312792262994283,465181.948688245,29931.477013074797,15.5,,,0.5615,55.267,552407.1809,3036558.2172381,332,304,1.7,0
2026-08-19T11:31:30+00:00,9R27f7ibnqi9jfk5LdWHRhX7faJBPPZyr5Va35RYWwoo,LAYOOO / SOL,A,0.001440149715044362,29418.2183449411,7333.34070622648,4.0,127,,0.9639,-11.196,138343.9782,1442311.421,137,77,9.5,0
2026-08-19T11:31:30+00:00,CD5HDt23sjGud5VTWsv51BMPey2Qf9qH5cyswWmjBDdq,BULLSHIT / SOL,A,0.003267437617965948,2279644.07920008,293182.13371419936,7.8,338.5,,2.2731,67.987,182590.2852,3195984.67116768,2328,2098,1.7,0
2026-08-19T12:02:16+00:00,3vzCDcWV1gWExDYtd2YGtoAD1wvMNv9ceiGzFs7ZrnpM,BULLSHIT / SOL,A,0.0032699253941329428,247139.660945238,29931.477013074797,8.3,,,0.5227,-11.43,476165.0043,3198418.0440093,239,212,1.7,0
2026-08-19T12:02:16+00:00,13MEx6gjRadJNUdmToaGSzgeWHLH7FzScUQS9Mc5nYF5,MU / USDC,A,941.7519850210247,125517.556365932,19437.320365413918,6.5,,,0.4551,0.012,4004329.6215,6256825.61867029,12,9,57.9,0
2026-08-19T12:02:16+00:00,CD5HDt23sjGud5VTWsv51BMPey2Qf9qH5cyswWmjBDdq,BULLSHIT / SOL,A,0.003100611706670366,797165.685617738,293182.13371419936,2.7,349,,2.4151,-18.791,187677.1447,3035751.90797442,1405,1377,1.7,0
2026-08-19T12:02:16+00:00,9R27f7ibnqi9jfk5LdWHRhX7faJBPPZyr5Va35RYWwoo,LAYOOO / SOL,A,0.0014239096612522404,22097.2013573342,7333.34070622648,3.0,130.0,,0.9654,-8.722,137614.633,1425350.729,103,71,9.6,0
2026-08-19T13:11:23+00:00,13MEx6gjRadJNUdmToaGSzgeWHLH7FzScUQS9Mc5nYF5,MU / USDC,A,964.7247737418053,220739.676017735,19437.320365413918,11.4,,,0.4731,2.645,4080068.3587,6422077.21650354,14,15,58.0,0
2026-08-19T13:11:23+00:00,3vzCDcWV1gWExDYtd2YGtoAD1wvMNv9ceiGzFs7ZrnpM,BULLSHIT / SOL,A,0.0035861089022461616,82287.9937449852,29931.477013074797,2.7,,,0.4768,9.646,437760.4908,3507687.1403197,150,135,1.8,0
2026-08-19T13:11:23+00:00,9R27f7ibnqi9jfk5LdWHRhX7faJBPPZyr5Va35RYWwoo,LAYOOO / SOL,A,0.0012783913672131176,34055.0734736095,7333.34070622648,4.6,127,,1.0342,-11.667,131001.0391,1291518.963,155,91,9.6,0
2026-08-19T14:00:19+00:00,13MEx6gjRadJNUdmToaGSzgeWHLH7FzScUQS9Mc5nYF5,MU / USDC,A,928.6136998720118,691792.178040009,19437.320365413918,35.6,,,0.5242,-3.728,3973782.2421,6181689.37628747,20,29,58.0,0
2026-08-19T14:00:19+00:00,9R27f7ibnqi9jfk5LdWHRhX7faJBPPZyr5Va35RYWwoo,LAYOOO / SOL,A,0.0012878975212420674,29250.4584279147,7333.34070622648,4.0,130.0,,1.0056,-4.978,130939.8641,1287897.521,108,99,9.7,0
2026-08-19T14:00:19+00:00,3vzCDcWV1gWExDYtd2YGtoAD1wvMNv9ceiGzFs7ZrnpM,BULLSHIT / SOL,A,0.0030415033251429925,108013.482822065,29931.477013074797,3.6,,,0.5634,-9.446,375159.3196,2974970.00944861,170,128,1.8,0
2026-08-19T14:54:51+00:00,13MEx6gjRadJNUdmToaGSzgeWHLH7FzScUQS9Mc5nYF5,MU / USDC,A,930.6507385893896,526791.257724974,19437.320365413918,27.1,,,0.5551,0.663,3989673.2844,6207364.39279152,20,23,58.0,0
2026-08-19T14:54:51+00:00,3vzCDcWV1gWExDYtd2YGtoAD1wvMNv9ceiGzFs7ZrnpM,BULLSHIT / SOL,A,0.0027317005305128347,94658.8731131123,29931.477013074797,3.2,,,0.6466,-12.33,388616.5476,2671957.00360347,90,98,1.8,0
2026-08-19T14:54:51+00:00,68C62WPYiiNZxprbuaMj2ULXpiTDKcs5xsX7kBGnyajR,MANLET / SOL,A,0.0011481202109818933,93051.8244470998,35206.25789098566,2.6,50,,0.752,-16.296,208888.9479,1139638.203,127,113,12.6,0
2026-08-19T14:54:51+00:00,9R27f7ibnqi9jfk5LdWHRhX7faJBPPZyr5Va35RYWwoo,LAYOOO / SOL,A,0.0013524902549393943,32912.4192108116,7333.34070622648,4.5,127,,0.8174,3.183,136012.8533,1352490.255,102,113,9.7,0
2026-08-19T15:38:01+00:00,13MEx6gjRadJNUdmToaGSzgeWHLH7FzScUQS9Mc5nYF5,MU / USDC,A,934.1515575470496,140818.137817494,19437.320365413918,7.2,9.5,,0.5416,-0.423,4053649.0257,6246567.88414409,8,17,58.1,0
2026-08-19T15:38:01+00:00,9R27f7ibnqi9jfk5LdWHRhX7faJBPPZyr5Va35RYWwoo,LAYOOO / SOL,A,0.0013962927608196691,66112.1185325567,7333.34070622648,9.0,124.5,,0.7897,8.059,141594.9312,1396292.761,145,161,9.7,0
2026-08-19T15:38:01+00:00,3vzCDcWV1gWExDYtd2YGtoAD1wvMNv9ceiGzFs7ZrnpM,BULLSHIT / SOL,A,0.0027370597423848012,64604.4913700882,29931.477013074797,2.2,,,0.6541,-5.828,374212.4035,2677198.96321535,84,78,1.9,0
2026-08-19T16:04:29+00:00,13MEx6gjRadJNUdmToaGSzgeWHLH7FzScUQS9Mc5nYF5,MU / USDC,A,937.8566887381662,124149.011062097,19437.320365413918,6.4,8,,0.547,1.005,4013743.5909,6271343.67866413,9,12,58.1,0
2026-08-19T16:04:29+00:00,3vzCDcWV1gWExDYtd2YGtoAD1wvMNv9ceiGzFs7ZrnpM,BULLSHIT / SOL,A,0.0023352295401645523,103405.877311775,29931.477013074797,3.5,,,0.792,-16.875,368085.2159,2284156.97597801,123,87,1.9,0
2026-08-19T16:04:29+00:00,68C62WPYiiNZxprbuaMj2ULXpiTDKcs5xsX7kBGnyajR,MANLET / SOL,A,0.0014082550188927892,101895.991766992,35206.25789098566,2.9,54,,0.6294,19.814,215067.3374,1412472.229,101,105,12.7,0
2026-08-19T16:04:29+00:00,9R27f7ibnqi9jfk5LdWHRhX7faJBPPZyr5Va35RYWwoo,LAYOOO / SOL,A,0.0012743239527273312,60283.1700315293,7333.34070622648,8.2,127,,0.8495,-3.341,134875.222,1278692.82,196,152,9.7,0
2026-08-19T16:48:39+00:00,9R27f7ibnqi9jfk5LdWHRhX7faJBPPZyr5Va35RYWwoo,LAYOOO / SOL,A,0.0013327870511847249,57671.6795267327,7333.34070622648,7.9,130.0,,0.7887,0.497,136339.8741,1332787.051,188,146,9.8,0
2026-08-19T16:48:39+00:00,13MEx6gjRadJNUdmToaGSzgeWHLH7FzScUQS9Mc5nYF5,MU / USDC,A,941.7749810009301,72416.3998003154,19437.320365413918,3.7,8.5,,0.5456,0.604,4017369.7628,6297544.86452537,8,11,58.1,0
2026-08-19T16:48:39+00:00,3vzCDcWV1gWExDYtd2YGtoAD1wvMNv9ceiGzFs7ZrnpM,BULLSHIT / SOL,A,0.002837655010652736,87154.5029030201,29931.477013074797,2.9,,,0.6562,10.033,363738.6771,2776901.74086554,143,89,1.9,0
2026-08-19T16:48:39+00:00,68C62WPYiiNZxprbuaMj2ULXpiTDKcs5xsX7kBGnyajR,MANLET / SOL,A,0.0013324223481109081,108539.327431871,35206.25789098566,3.1,55.5,,0.658,1.542,213105.138,1332422.348,93,134,12.7,0
2026-08-19T17:32:17+00:00,13MEx6gjRadJNUdmToaGSzgeWHLH7FzScUQS9Mc5nYF5,MU / USDC,A,930.2820653915811,78988.1246060597,19437.320365413918,4.1,8,,0.553,-1.01,3982535.4951,6233779.11614652,6,13,58.1,0
2026-08-19T17:32:17+00:00,3vzCDcWV1gWExDYtd2YGtoAD1wvMNv9ceiGzFs7ZrnpM,BULLSHIT / SOL,A,0.002521838734809585,66655.7914148927,29931.477013074797,2.2,104.5,,0.7467,0.445,345064.3771,2466740.15820061,106,113,1.9,0
2026-08-19T17:32:17+00:00,9R27f7ibnqi9jfk5LdWHRhX7faJBPPZyr5Va35RYWwoo,LAYOOO / SOL,A,0.0012396967866567762,25991.1788334162,7333.34070622648,3.5,133,,0.8311,-4.948,131051.3457,1239696.787,89,140,9.8,0
2026-08-19T18:01:19+00:00,13MEx6gjRadJNUdmToaGSzgeWHLH7FzScUQS9Mc5nYF5,MU / USDC,A,932.2950311177165,67674.3358440136,19437.320365413918,3.5,8.0,,0.5515,-0.614,3993410.6982,6247267.91075162,4,11,58.2,0
2026-08-19T18:01:19+00:00,9R27f7ibnqi9jfk5LdWHRhX7faJBPPZyr5Va35RYWwoo,LAYOOO / SOL,A,0.0013550781273851597,36628.0178717653,7333.34070622648,5.0,130.0,,0.75,4.658,139405.0442,1366160.564,126,122,9.8,0
2026-08-19T18:01:19+00:00,3vzCDcWV1gWExDYtd2YGtoAD1wvMNv9ceiGzFs7ZrnpM,BULLSHIT / SOL,A,0.0026402925046169986,66692.4025804252,29931.477013074797,2.2,106,,0.7226,-2.654,346475.9596,2582548.03249393,81,112,2.0,0
2026-08-19T18:55:33+00:00,13MEx6gjRadJNUdmToaGSzgeWHLH7FzScUQS9Mc5nYF5,MU / USDC,A,932.8923713716687,112628.63828299,19437.320365413918,5.8,8,,0.5574,0.078,4000553.654,6251270.66146471,8,9,58.2,0
2026-08-19T18:55:33+00:00,9R27f7ibnqi9jfk5LdWHRhX7faJBPPZyr5Va35RYWwoo,LAYOOO / SOL,A,0.0013509396994277035,36715.9728744555,7333.34070622648,5.0,127,,0.7451,5.451,139134.761,1352050.866,96,165,9.9,0
2026-08-19T19:32:27+00:00,13MEx6gjRadJNUdmToaGSzgeWHLH7FzScUQS9Mc5nYF5,MU / USDC,A,937.9060875918119,55582.9899195443,19437.320365413918,2.9,8.0,,0.5524,0.985,4004811.0079,6286753.29724068,8,0,58.2,0
2026-08-19T19:32:27+00:00,9R27f7ibnqi9jfk5LdWHRhX7faJBPPZyr5Va35RYWwoo,LAYOOO / SOL,A,0.0014625217973016796,15028.0791508619,7333.34070622648,2.0,126.5,,0.6753,4.77,143352.8389,1462521.797,42,99,9.9,0
2026-08-19T20:01:06+00:00,13MEx6gjRadJNUdmToaGSzgeWHLH7FzScUQS9Mc5nYF5,MU / USDC,A,937.8983178767712,100730.196552597,19437.320365413918,5.2,8,,0.5508,0.403,3998336.1424,6286701.21709956,9,9,58.2,0
2026-08-19T20:01:06+00:00,9R27f7ibnqi9jfk5LdWHRhX7faJBPPZyr5Va35RYWwoo,LAYOOO / SOL,A,0.001468331936717577,18217.2767746191,7333.34070622648,2.5,126,,0.6593,1.035,145501.9888,1468331.937,56,117,9.9,0
2026-08-19T20:47:24+00:00,13MEx6gjRadJNUdmToaGSzgeWHLH7FzScUQS9Mc5nYF5,MU / USDC,A,937.8623590827835,67843.9592885622,19437.320365413918,3.5,8.0,,0.5508,0.602,4013825.9302,6286460.18649987,11,8,58.3,0
2026-08-19T20:47:24+00:00,9R27f7ibnqi9jfk5LdWHRhX7faJBPPZyr5Va35RYWwoo,LAYOOO / SOL,A,0.0014236303208729202,22134.7301576458,7333.34070622648,3.0,124.0,,0.6372,-6.101,141864.5894,1415624.514,57,76,9.9,0
2026-08-19T20:52:09+00:00,13MEx6gjRadJNUdmToaGSzgeWHLH7FzScUQS9Mc5nYF5,MU / USDC,A,937.0592734467343,56585.6617040617,19437.320365413918,2.9,8,,0.5508,0.818,4003307.0229,6287410.46063439,13,9,58.3,0
2026-08-19T20:52:09+00:00,9R27f7ibnqi9jfk5LdWHRhX7faJBPPZyr5Va35RYWwoo,LAYOOO / SOL,A,0.0014948788199729856,29153.1418225933,7333.34070622648,4.0,122,,0.6184,-2.495,144484.5995,1469993.407,78,84,9.9,0
2026-08-19T20:58:42+00:00,9R27f7ibnqi9jfk5LdWHRhX7faJBPPZyr5Va35RYWwoo,LAYOOO / SOL,A,0.0014590238662216043,33407.0378084728,7333.34070622648,4.6,118.5,,0.5952,3.419,148385.2679,1535096.479,85,82,9.9,0
2026-08-19T21:31:45+00:00,9R27f7ibnqi9jfk5LdWHRhX7faJBPPZyr5Va35RYWwoo,LAYOOO / SOL,A,0.0015028867369713103,30355.928267477,7333.34070622648,4.1,115,,0.6053,2.675,151229.5468,1504258.003,87,83,10.0,0
2026-08-19T22:02:03+00:00,9R27f7ibnqi9jfk5LdWHRhX7faJBPPZyr5Va35RYWwoo,LAYOOO / SOL,A,0.0015290432686352723,16418.4245690012,7333.34070622648,2.2,112.0,,0.5918,8.702,151306.9307,1529043.269,54,84,10.0,0
2026-08-19T22:44:25+00:00,2C7PaLGC7wtQZWR9wa7QT2bthqTDyzcBL6BEYFGdSA5e,Z500 / SOL,B,0.00041733462357113776,82990.3640785496,29695.067630826787,2.8,138,,2.6782,1.391,74350.0327,418252.729987579,245,256,2.3,0
2026-08-19T22:44:25+00:00,3vzCDcWV1gWExDYtd2YGtoAD1wvMNv9ceiGzFs7ZrnpM,BULLSHIT / SOL,A,0.0034062885176706316,59386.0734867314,29931.477013074797,2.0,85.5,,0.5967,3.007,322232.2209,3288746.37652704,79,70,2.1,0
2026-08-19T23:09:46+00:00,9R27f7ibnqi9jfk5LdWHRhX7faJBPPZyr5Va35RYWwoo,LAYOOO / SOL,A,0.001965700160108956,129604.60312753,7333.34070622648,17.7,108.5,,0.4711,28.82,171215.9785,1971810.875,253,238,10.0,0
2026-08-19T23:40:03+00:00,9R27f7ibnqi9jfk5LdWHRhX7faJBPPZyr5Va35RYWwoo,LAYOOO / SOL,A,0.0016287108902276572,191694.550349347,7333.34070622648,26.1,109,4.6,0.5975,10.666,155213.83,1628710.89,506,363,10.1,1
2026-08-20T00:00:54+00:00,13MEx6gjRadJNUdmToaGSzgeWHLH7FzScUQS9Mc5nYF5,MU / USDC,A,947.0725078652782,93331.5785417084,21470.144498770827,4.3,8,,0.5494,-0.205,4016956.7368,6388909.58714718,8,8,58.4,0
2026-08-20T00:00:54+00:00,9R27f7ibnqi9jfk5LdWHRhX7faJBPPZyr5Va35RYWwoo,LAYOOO / SOL,A,0.0017593909037890707,174982.985722614,7333.34070622648,23.9,112.0,,0.56,20.701,162273.2702,1759390.904,463,369,10.1,0
2026-08-20T01:53:37+00:00,13MEx6gjRadJNUdmToaGSzgeWHLH7FzScUQS9Mc5nYF5,MU / USDC,A,954.8296498739355,61489.7289472778,21470.144498770827,2.9,8.0,,0.5318,0.318,4058534.8706,6441238.9268081,8,10,58.5,0
2026-08-20T01:53:37+00:00,9R27f7ibnqi9jfk5LdWHRhX7faJBPPZyr5Va35RYWwoo,LAYOOO / SOL,A,0.001398166698257676,81713.0199149012,7333.34070622648,11.1,115,,0.754,-15.208,144342.0197,1318056.97325327,319,173,10.1,0
2026-08-20T03:03:36+00:00,13MEx6gjRadJNUdmToaGSzgeWHLH7FzScUQS9Mc5nYF5,MU / USDC,A,949.1417292647346,46041.5093115812,21470.144498770827,2.1,8,,0.5328,-0.409,4023667.7908,6402868.46392458,12,14,58.5,0
2026-08-20T03:03:36+00:00,9R27f7ibnqi9jfk5LdWHRhX7faJBPPZyr5Va35RYWwoo,LAYOOO / SOL,A,0.001844314773008367,144602.659430975,7333.34070622648,19.7,118.5,,0.5512,30.497,163620.0267,1723046.44174645,272,326,10.2,0
2026-08-20T04:00:52+00:00,9R27f7ibnqi9jfk5LdWHRhX7faJBPPZyr5Va35RYWwoo,LAYOOO / SOL,A,0.0016934644520225255,223661.682834891,7333.34070622648,30.5,122,,0.7047,-14.31,159748.5082,1603311.49828043,411,367,10.2,0
2026-08-20T04:55:03+00:00,9R27f7ibnqi9jfk5LdWHRhX7faJBPPZyr5Va35RYWwoo,LAYOOO / SOL,A,0.0016863204999596727,34001.1287566518,7333.34070622648,4.6,124.0,,0.7205,0.576,160063.0193,1591171.57134859,163,134,10.3,0
2026-08-20T04:59:43+00:00,9R27f7ibnqi9jfk5LdWHRhX7faJBPPZyr5Va35RYWwoo,LAYOOO / SOL,A,0.0017841952837225651,32044.8690594698,7333.34070622648,4.4,126,,0.6833,4.971,164416.83,1683523.86965291,140,130,10.3,0
2026-08-20T05:28:30+00:00,9R27f7ibnqi9jfk5LdWHRhX7faJBPPZyr5Va35RYWwoo,LAYOOO / SOL,A,0.0017286721778703748,20834.2122825402,7333.34070622648,2.8,126.5,,0.701,3.834,160882.628,1631133.59875235,116,100,10.3,0
2026-08-20T05:28:30+00:00,13MEx6gjRadJNUdmToaGSzgeWHLH7FzScUQS9Mc5nYF5,MU / USDC,A,954.8839826964414,51180.0897314043,21470.144498770827,2.4,8,,0.5176,0.221,4058026.8973,6441605.45364494,9,11,58.6,0
2026-08-20T05:37:00+00:00,9R27f7ibnqi9jfk5LdWHRhX7faJBPPZyr5Va35RYWwoo,LAYOOO / SOL,A,0.0016589647910966814,23752.96640172,7333.34070622648,3.2,126,,0.7337,0.432,156992.0182,1565359.38056109,117,90,10.3,0
2026-08-20T06:16:24+00:00,9R27f7ibnqi9jfk5LdWHRhX7faJBPPZyr5Va35RYWwoo,LAYOOO / SOL,A,0.0015977287722989853,21770.5566703456,7333.34070622648,3.0,124.0,,0.7665,-8.477,154709.8706,1507578.50674954,123,65,10.3,0
2026-08-20T08:57:54+00:00,13MEx6gjRadJNUdmToaGSzgeWHLH7FzScUQS9Mc5nYF5,MU / USDC,A,941.4811588418385,123164.888487837,21470.144498770827,5.7,8,,0.4673,-1.18,4014517.9848,6351210.58122582,8,15,58.8,0
2026-08-20T08:57:54+00:00,9R27f7ibnqi9jfk5LdWHRhX7faJBPPZyr5Va35RYWwoo,LAYOOO / SOL,A,0.0014928595422971473,15712.9223021673,7333.34070622648,2.1,122,,0.8225,0.102,150803.9848,1408626.41915186,78,43,10.4,0
2026-08-20T10:14:53+00:00,9R27f7ibnqi9jfk5LdWHRhX7faJBPPZyr5Va35RYWwoo,LAYOOO / SOL,A,0.0014733605459871348,23708.2790052543,7333.34070622648,3.2,117,,0.8417,-0.935,152097.1886,1391861.04872746,79,71,10.5,0
2026-08-20T10:52:27+00:00,9R27f7ibnqi9jfk5LdWHRhX7faJBPPZyr5Va35RYWwoo,LAYOOO / SOL,A,0.0014336016150021304,35341.7450445383,7333.34070622648,4.8,116.5,,0.8764,-4.522,150172.5169,1352712.06206199,75,72,10.5,0
2026-08-20T11:33:24+00:00,13MEx6gjRadJNUdmToaGSzgeWHLH7FzScUQS9Mc5nYF5,MU / USDC,A,935.8548872325143,72462.1832547173,21470.144498770827,3.4,8.0,,0.4273,-0.996,4000058.0302,6312410.17684339,1,16,58.9,0
2026-08-20T12:04:17+00:00,13MEx6gjRadJNUdmToaGSzgeWHLH7FzScUQS9Mc5nYF5,MU / USDC,A,930.0899331775506,114130.832847499,21470.144498770827,5.3,8,,0.4276,-1.407,3982233.3206,6273524.34517346,3,17,58.9,0
2026-08-20T13:13:30+00:00,13MEx6gjRadJNUdmToaGSzgeWHLH7FzScUQS9Mc5nYF5,MU / USDC,A,930.2728794171603,103980.960263079,21470.144498770827,4.8,8.0,,0.4089,0.415,3990808.0222,6274758.33088501,13,11,59.0,0
2026-08-20T14:03:22+00:00,13MEx6gjRadJNUdmToaGSzgeWHLH7FzScUQS9Mc5nYF5,MU / USDC,A,941.3808203514493,726980.746794876,21470.144498770827,33.9,8,,0.4093,1.565,4041626.2584,6372971.86999979,21,24,59.0,0
2026-08-20T14:57:03+00:00,13MEx6gjRadJNUdmToaGSzgeWHLH7FzScUQS9Mc5nYF5,MU / USDC,A,954.6389294938238,516631.568743943,21470.144498770827,24.1,8.0,,0.4,1.149,4057425.7496,6439045.51979605,21,18,59.0,0
2026-08-20T15:41:53+00:00,13MEx6gjRadJNUdmToaGSzgeWHLH7FzScUQS9Mc5nYF5,MU / USDC,A,954.7555245048451,147878.525066575,21470.144498770827,6.9,8,,0.4069,-0.584,4054630.6277,6439895.55526777,11,19,59.1,0
2026-08-20T15:41:53+00:00,9R27f7ibnqi9jfk5LdWHRhX7faJBPPZyr5Va35RYWwoo,LAYOOO / SOL,A,0.0016451017363034097,15669.1214908081,7333.34070622648,2.1,108.5,,0.685,2.643,160220.2603,1555946.410853,42,82,10.7,0
2026-08-20T16:14:54+00:00,13MEx6gjRadJNUdmToaGSzgeWHLH7FzScUQS9Mc5nYF5,MU / USDC,A,956.6855992465793,78346.7711259495,21470.144498770827,3.6,8.0,,0.4018,-0.201,4050617.4046,6455025.3508228,12,18,59.1,0
2026-08-20T16:14:54+00:00,68C62WPYiiNZxprbuaMj2ULXpiTDKcs5xsX7kBGnyajR,MANLET / SOL,A,0.0017909027661670756,82233.8696688325,35206.25789098566,2.3,45,,0.327,27.689,160671.9989,1792361.442,76,99,13.7,0
2026-08-20T16:14:54+00:00,9R27f7ibnqi9jfk5LdWHRhX7faJBPPZyr5Va35RYWwoo,LAYOOO / SOL,A,0.0016751003192828635,22156.9241499423,7333.34070622648,3.0,108,,0.6589,8.395,161613.3618,1580584.40029142,59,103,10.7,0
2026-08-20T16:19:46+00:00,13MEx6gjRadJNUdmToaGSzgeWHLH7FzScUQS9Mc5nYF5,MU / USDC,A,956.6855992465793,78346.7711259495,21470.144498770827,3.6,8,,0.4018,-0.201,4050617.4046,6455025.3508228,12,18,59.1,0
2026-08-20T16:19:46+00:00,9R27f7ibnqi9jfk5LdWHRhX7faJBPPZyr5Va35RYWwoo,LAYOOO / SOL,A,0.0016786946626414722,21281.4814579871,7333.34070622648,2.9,106.5,,0.6555,5.888,162160.7937,1586148.72437271,60,105,10.7,0
2026-08-20T16:19:46+00:00,68C62WPYiiNZxprbuaMj2ULXpiTDKcs5xsX7kBGnyajR,MANLET / SOL,A,0.0017562936767555016,88711.8081469185,35206.25789098566,2.5,46.0,,0.33,27.069,162503.1866,1756293.677,88,102,13.7,0
2026-08-20T16:56:05+00:00,9R27f7ibnqi9jfk5LdWHRhX7faJBPPZyr5Va35RYWwoo,LAYOOO / SOL,A,0.0016756205480125664,23250.9361459798,7333.34070622648,3.2,105,,0.6501,4.649,162482.2558,1584910.04691156,53,88,10.8,0
2026-08-20T16:56:05+00:00,68C62WPYiiNZxprbuaMj2ULXpiTDKcs5xsX7kBGnyajR,MANLET / SOL,A,0.0016116393666021078,75097.8861790293,35206.25789098566,2.1,47,,0.3551,-2.099,180655.7874,1619295.249,84,88,13.7,0
2026-08-20T17:37:32+00:00,9R27f7ibnqi9jfk5LdWHRhX7faJBPPZyr5Va35RYWwoo,LAYOOO / SOL,A,0.0016581820945657214,21394.6133726312,7333.34070622648,2.9,104.0,,0.6521,-3.067,160801.6874,1564620.77075131,58,89,10.8,0
2026-08-20T18:13:37+00:00,9R27f7ibnqi9jfk5LdWHRhX7faJBPPZyr5Va35RYWwoo,LAYOOO / SOL,A,0.0018079241765590474,22567.6332440283,7333.34070622648,3.1,103,,0.586,5.915,167134.2815,1723831.12935669,66,92,10.8,0
2026-08-20T19:05:44+00:00,13MEx6gjRadJNUdmToaGSzgeWHLH7FzScUQS9Mc5nYF5,MU / USDC,A,960.5133278801185,111928.745955696,21470.144498770827,5.2,8.0,,0.3888,1.174,4060659.4966,6480856.87034659,12,13,59.2,0
2026-08-20T19:05:44+00:00,9R27f7ibnqi9jfk5LdWHRhX7faJBPPZyr5Va35RYWwoo,LAYOOO / SOL,A,0.0017113383223160885,35269.078564771,7333.34070622648,4.8,102.5,,0.6271,4.61,161857.842,1614777.70894873,82,98,10.9,0
2026-08-20T19:47:50+00:00,13MEx6gjRadJNUdmToaGSzgeWHLH7FzScUQS9Mc5nYF5,MU / USDC,A,968.2221859287845,101574.754003478,21470.144498770827,4.7,8,,0.3861,1.791,4093569.911,6532869.86798154,15,2,59.2,0
2026-08-20T19:47:50+00:00,9R27f7ibnqi9jfk5LdWHRhX7faJBPPZyr5Va35RYWwoo,LAYOOO / SOL,A,0.0015668090753356337,26462.1156443587,7333.34070622648,3.6,102,,0.6904,-8.75,155679.6936,1478403.34359702,84,66,10.9,0
2026-08-20T20:36:21+00:00,13MEx6gjRadJNUdmToaGSzgeWHLH7FzScUQS9Mc5nYF5,MU / USDC,A,970.1334331896893,68064.8838402015,21470.144498770827,3.2,8.5,,0.3844,0.2,4098913.0431,6545765.59565898,11,7,59.3,0
2026-08-20T21:46:54+00:00,9R27f7ibnqi9jfk5LdWHRhX7faJBPPZyr5Va35RYWwoo,LAYOOO / SOL,A,0.001461259629096502,30671.7709454685,7333.34070622648,4.2,97,,0.7326,1.171,149938.6285,1378809.4260157,97,73,11.0,0
2026-08-20T22:34:21+00:00,9R27f7ibnqi9jfk5LdWHRhX7faJBPPZyr5Va35RYWwoo,LAYOOO / SOL,A,0.00130699369701619,20229.3290765577,7333.34070622648,2.8,97.0,,0.817,-10.141,143454.8358,1247673.18300062,103,63,11.0,0
2026-08-20T23:04:28+00:00,9R27f7ibnqi9jfk5LdWHRhX7faJBPPZyr5Va35RYWwoo,LAYOOO / SOL,A,0.0013455424600325283,26254.5571815285,7333.34070622648,3.6,97,,0.7605,-8.687,144775.407,1260802.85347146,115,77,11.0,0
2026-08-20T23:42:15+00:00,9R27f7ibnqi9jfk5LdWHRhX7faJBPPZyr5Va35RYWwoo,LAYOOO / SOL,A,0.001278355065515394,19964.4167274928,7333.34070622648,2.7,99.5,,0.704,-3.148,141140.6035,1206225.08130328,97,84,11.1,0
2026-08-21T00:02:49+00:00,9R27f7ibnqi9jfk5LdWHRhX7faJBPPZyr5Va35RYWwoo,LAYOOO / SOL,A,0.001283631450493566,19632.9916654623,7333.34070622648,2.7,97,,0.6894,-5.575,140226.4452,1211203.75028865,94,85,11.1,0
2026-08-21T01:59:28+00:00,13MEx6gjRadJNUdmToaGSzgeWHLH7FzScUQS9Mc5nYF5,MU / USDC,A,977.8793465710635,95972.7340305975,21470.144498770827,4.5,8.0,,0.3653,0.057,4111697.633,6598031.43607762,14,17,59.5,0
2026-08-21T01:59:28+00:00,9R27f7ibnqi9jfk5LdWHRhX7faJBPPZyr5Va35RYWwoo,LAYOOO / SOL,A,0.001220392826640415,16308.6594423022,7333.34070622648,2.2,97.0,,0.6732,-0.551,137726.9771,1151533.30625537,90,58,11.2,0
2026-08-21T03:12:39+00:00,13MEx6gjRadJNUdmToaGSzgeWHLH7FzScUQS9Mc5nYF5,MU / USDC,A,977.8821221856364,43690.9835089891,21470.144498770827,2.0,8,,0.3633,-0.397,4118565.8816,6598050.16394194,10,6,59.5,0
2026-08-21T03:12:39+00:00,68C62WPYiiNZxprbuaMj2ULXpiTDKcs5xsX7kBGnyajR,MANLET / SOL,A,0.001969244693536197,298291.516755167,35206.25789098566,8.5,47,,0.4458,7.278,228331.8503,1968259.005,288,279,14.1,0
2026-08-21T03:12:39+00:00,9R27f7ibnqi9jfk5LdWHRhX7faJBPPZyr5Va35RYWwoo,LAYOOO / SOL,A,0.0012096089594067774,18865.7681845361,7333.34070622648,2.6,97,,0.5245,-2.986,138475.1615,1139286.50820067,80,76,11.2,0
2026-08-21T04:05:11+00:00,68C62WPYiiNZxprbuaMj2ULXpiTDKcs5xsX7kBGnyajR,MANLET / SOL,A,0.0019369948002062832,74807.2965522076,35206.25789098566,2.1,47.0,,0.4913,-5.732,215979.4135,1871253.508,99,109,14.2,0
2026-08-21T04:05:11+00:00,13MEx6gjRadJNUdmToaGSzgeWHLH7FzScUQS9Mc5nYF5,MU / USDC,A,975.9049698560498,43605.0617322025,21470.144498770827,2.0,8.5,,0.3658,-0.219,4114926.1414,6584709.75209083,0,10,59.6,0
2026-08-21T04:55:58+00:00,9R27f7ibnqi9jfk5LdWHRhX7faJBPPZyr5Va35RYWwoo,LAYOOO / SOL,A,0.0012430795566475345,19025.4185358725,7333.34070622648,2.6,97,,0.3861,5.677,140934.5567,1172939.88615018,64,59,11.3,0
2026-08-21T05:39:33+00:00,9R27f7ibnqi9jfk5LdWHRhX7faJBPPZyr5Va35RYWwoo,LAYOOO / SOL,A,0.0012555149308207396,14988.1756595077,7333.34070622648,2.0,96.5,,0.3757,4.025,141759.2632,1184673.6051078,51,52,11.3,0
2026-08-21T06:17:57+00:00,9R27f7ibnqi9jfk5LdWHRhX7faJBPPZyr5Va35RYWwoo,LAYOOO / SOL,A,0.0013242199548230407,17793.65157045,7333.34070622648,2.4,96,,0.3524,5.606,147138.1513,1264148.12550914,70,83,11.3,0
2026-08-21T07:25:25+00:00,13MEx6gjRadJNUdmToaGSzgeWHLH7FzScUQS9Mc5nYF5,MU / USDC,A,983.7765390994812,76391.9443222683,21470.144498770827,3.6,8,,0.3625,0.606,4125401.0474,6637825.41266424,14,0,59.7,0
2026-08-21T08:08:08+00:00,13MEx6gjRadJNUdmToaGSzgeWHLH7FzScUQS9Mc5nYF5,MU / USDC,A,977.8334023703807,118567.141112473,21470.144498770827,5.5,8.0,,0.3728,-0.399,4128000.762,6597724.38394309,13,8,59.7,0
2026-08-21T08:59:53+00:00,13MEx6gjRadJNUdmToaGSzgeWHLH7FzScUQS9Mc5nYF5,MU / USDC,A,979.8040542008662,190264.685567593,21470.144498770827,8.9,8,,0.3776,-0.182,4142062.9913,6611021.9058074,11,11,59.8,0
2026-08-21T08:59:53+00:00,2C7PaLGC7wtQZWR9wa7QT2bthqTDyzcBL6BEYFGdSA5e,Z500 / SOL,B,0.00030142179319231095,114985.590539431,29695.067630826787,3.9,98.0,,1.3178,41.447,66570.9035,303897.76432787,392,350,3.7,0
2026-08-21T08:59:53+00:00,68C62WPYiiNZxprbuaMj2ULXpiTDKcs5xsX7kBGnyajR,MANLET / SOL,A,0.0023317381321147257,115892.400624684,35206.25789098566,3.3,47.5,,0.4562,15.784,275295.6425,2331738.132,106,140,14.4,0
2026-08-21T08:59:53+00:00,9R27f7ibnqi9jfk5LdWHRhX7faJBPPZyr5Va35RYWwoo,LAYOOO / SOL,A,0.0012400796113632945,16111.1197836193,7333.34070622648,2.2,96,,0.3744,-6.398,142869.6703,1162452.79993715,149,99,11.4,0
2026-08-21T09:48:35+00:00,13MEx6gjRadJNUdmToaGSzgeWHLH7FzScUQS9Mc5nYF5,MU / USDC,A,983.6880485002899,107462.374738884,21470.144498770827,5.0,8.5,,0.39,0.396,4157404.7221,6637228.34094642,11,3,59.8,0
2026-08-21T09:48:35+00:00,9R27f7ibnqi9jfk5LdWHRhX7faJBPPZyr5Va35RYWwoo,LAYOOO / SOL,A,0.0013225307918316223,21897.790125792,7333.34070622648,3.0,96.0,,0.3636,4.629,146293.42,1230591.10083475,141,132,11.5,0
2026-08-21T10:36:49+00:00,13MEx6gjRadJNUdmToaGSzgeWHLH7FzScUQS9Mc5nYF5,MU / USDC,A,979.622848191351,43626.5789723865,21470.144498770827,2.0,9,,0.3899,-0.415,4130405.1016,6610736.29771662,5,3,59.8,0
2026-08-21T10:36:49+00:00,9R27f7ibnqi9jfk5LdWHRhX7faJBPPZyr5Va35RYWwoo,LAYOOO / SOL,A,0.0012850199507696786,43604.5128481688,7333.34070622648,5.9,96,,0.3732,5.795,145365.5495,1212513.81779017,86,132,11.5,0
2026-08-21T11:05:57+00:00,9R27f7ibnqi9jfk5LdWHRhX7faJBPPZyr5Va35RYWwoo,LAYOOO / SOL,A,0.0013323513006171363,24480.9094974995,7333.34070622648,3.3,96.0,,0.3557,-8.737,149121.5413,1267412.95847426,70,98,11.5,0
2026-08-21T11:05:57+00:00,13MEx6gjRadJNUdmToaGSzgeWHLH7FzScUQS9Mc5nYF5,MU / USDC,A,977.6607429639088,44626.0199117547,21470.144498770827,2.1,8.5,,0.3936,-0.618,4124700.0669,6596560.36374905,1,7,59.9,0
2026-08-21T11:44:40+00:00,13MEx6gjRadJNUdmToaGSzgeWHLH7FzScUQS9Mc5nYF5,MU / USDC,A,987.6436019952808,88508.7268704759,21470.144498770827,4.1,8,,0.3901,0.803,4146436.6688,6648809.98763021,11,6,59.9,0
2026-08-21T12:16:30+00:00,13MEx6gjRadJNUdmToaGSzgeWHLH7FzScUQS9Mc5nYF5,MU / USDC,A,983.721528369242,108333.831753532,21470.144498770827,5.0,8.5,,0.3835,0.216,4154613.113,6635487.00580047,11,5,59.9,0
2026-08-21T13:27:44+00:00,13MEx6gjRadJNUdmToaGSzgeWHLH7FzScUQS9Mc5nYF5,MU / USDC,A,979.7508540029391,87238.6809624969,21470.144498770827,4.1,9,,0.3779,-0.784,4101014.2385,6606744.36261166,8,13,60.0,0
2026-08-21T14:09:03+00:00,13MEx6gjRadJNUdmToaGSzgeWHLH7FzScUQS9Mc5nYF5,MU / USDC,A,970.0293182948249,895016.856128613,21470.144498770827,41.7,8.5,,0.3917,-1.39,4103455.7992,6541189.22584091,26,24,60.0,0
2026-08-21T14:55:18+00:00,13MEx6gjRadJNUdmToaGSzgeWHLH7FzScUQS9Mc5nYF5,MU / USDC,A,962.2648980131407,232673.124441561,21470.144498770827,10.8,9,,0.3743,-1.767,4086507.0546,6484982.83673874,12,18,60.0,0
2026-08-21T14:55:18+00:00,2C7PaLGC7wtQZWR9wa7QT2bthqTDyzcBL6BEYFGdSA5e,Z500 / SOL,A,0.0006931598723387902,310385.387600961,29695.067630826787,10.5,107,,1.111,78.894,100936.2082,686158.402284149,889,795,4.0,0
2026-08-21T14:55:18+00:00,9R27f7ibnqi9jfk5LdWHRhX7faJBPPZyr5Va35RYWwoo,LAYOOO / SOL,A,0.0014221578605713855,21861.9374201953,7333.34070622648,3.0,94,,0.343,-0.026,152705.6386,1341420.42526004,50,104,11.7,0
2026-08-21T15:40:22+00:00,13MEx6gjRadJNUdmToaGSzgeWHLH7FzScUQS9Mc5nYF5,MU / USDC,A,970.9737461951594,71901.3246694993,21470.144498770827,3.3,9.0,,0.3613,0.699,4103213.8008,6543674.2959256,13,8,60.1,0
2026-08-21T15:40:22+00:00,2C7PaLGC7wtQZWR9wa7QT2bthqTDyzcBL6BEYFGdSA5e,Z500 / SOL,B,0.0005314765279385686,177942.410125002,29695.067630826787,6.0,107.5,,1.5795,-23.643,88647.4343,528901.209731751,615,573,4.0,0
2026-08-21T15:40:22+00:00,9R27f7ibnqi9jfk5LdWHRhX7faJBPPZyr5Va35RYWwoo,LAYOOO / SOL,A,0.001373836208732208,17464.0621633665,7333.34070622648,2.4,93.5,,0.3528,-12.163,148907.1141,1296318.69242686,69,52,11.7,0
2026-08-21T16:12:42+00:00,13MEx6gjRadJNUdmToaGSzgeWHLH7FzScUQS9Mc5nYF5,MU / USDC,A,962.245993100824,89602.4053832455,21470.144498770827,4.2,9,,0.3655,-0.391,4080237.4777,6484855.43103991,13,11,60.1,0
2026-08-21T16:12:42+00:00,9R27f7ibnqi9jfk5LdWHRhX7faJBPPZyr5Va35RYWwoo,LAYOOO / SOL,A,0.0014150049437789884,18990.9863905767,7333.34070622648,2.6,93,,0.3416,3.099,152074.2553,1335164.51725988,105,49,11.7,0
2026-08-21T16:55:15+00:00,13MEx6gjRadJNUdmToaGSzgeWHLH7FzScUQS9Mc5nYF5,MU / USDC,A,968.1503088427357,65295.8783394639,21470.144498770827,3.0,9.0,,0.3643,-0.01,4112042.3497,6524646.33095527,8,11,60.1,0
2026-08-21T20:00:05+00:00,13MEx6gjRadJNUdmToaGSzgeWHLH7FzScUQS9Mc5nYF5,MU / USDC,A,968.2824638558766,61593.3759167211,21470.144498770827,2.9,9,,0.3422,-0.181,4103100.8158,6525536.96200101,11,12,60.2,0
2026-08-21T20:36:03+00:00,13MEx6gjRadJNUdmToaGSzgeWHLH7FzScUQS9Mc5nYF5,MU / USDC,A,964.232793248014,61560.1590076664,21470.144498770827,2.9,9.0,,0.3428,-0.184,4128345.8654,6498245.05470926,11,12,60.3,0
2026-08-21T21:41:46+00:00,9R27f7ibnqi9jfk5LdWHRhX7faJBPPZyr5Va35RYWwoo,LAYOOO / SOL,A,0.001638839898592875,53205.936033071,7333.34070622648,7.3,88.0,,0.2723,24.401,165046.8562,1546369.68821861,94,137,12.0,0
2026-08-21T22:02:10+00:00,9R27f7ibnqi9jfk5LdWHRhX7faJBPPZyr5Va35RYWwoo,LAYOOO / SOL,A,0.0017301942309546389,70576.7659773523,7333.34070622648,9.6,89,,0.2668,29.74,171938.3761,1636477.10955299,109,169,12.0,0
2026-08-21T22:44:03+00:00,2C7PaLGC7wtQZWR9wa7QT2bthqTDyzcBL6BEYFGdSA5e,Z500 / SOL,A,0.0007110952386908614,69447.5527581528,29695.067630826787,2.3,108,,1.4429,49.133,105323.504,692610.091218765,198,279,4.3,0
2026-08-21T22:44:03+00:00,9R27f7ibnqi9jfk5LdWHRhX7faJBPPZyr5Va35RYWwoo,LAYOOO / SOL,A,0.0016118351349855456,44031.6099042632,7333.34070622648,6.0,89.5,,0.2928,-1.174,165122.0435,1507675.68324129,78,105,12.0,0
2026-08-21T23:09:37+00:00,9R27f7ibnqi9jfk5LdWHRhX7faJBPPZyr5Va35RYWwoo,LAYOOO / SOL,A,0.0016170459286378054,24314.0684773518,7333.34070622648,3.3,89,,0.2877,-7.63,164157.3063,1524334.39530924,61,72,12.0,0
2026-08-21T23:09:37+00:00,2C7PaLGC7wtQZWR9wa7QT2bthqTDyzcBL6BEYFGdSA5e,Z500 / SOL,A,0.0006470993580302254,82458.1094264355,29695.067630826787,2.8,109.0,,1.5712,23.374,100527.4955,643929.867544276,241,314,4.3,0
2026-08-22T00:02:00+00:00,9R27f7ibnqi9jfk5LdWHRhX7faJBPPZyr5Va35RYWwoo,LAYOOO / SOL,A,0.0016450924428853585,16588.653688767,7333.34070622648,2.3,87,,0.2802,3.698,168725.7598,1552269.43749965,47,76,12.1,0
2026-08-22T01:52:12+00:00,9R27f7ibnqi9jfk5LdWHRhX7faJBPPZyr5Va35RYWwoo,LAYOOO / SOL,A,0.00141701502098667,16785.8267565437,7333.34070622648,2.3,87.0,,0.3203,-4.422,155926.6996,1386572.82454768,107,58,12.1,0
2026-08-22T04:42:41+00:00,9R27f7ibnqi9jfk5LdWHRhX7faJBPPZyr5Va35RYWwoo,LAYOOO / SOL,A,0.00148419666370058,15522.7518632022,7333.34070622648,2.1,87.0,,0.3264,-0.686,165088.2817,1400452.05755194,71,61,12.3,0
2026-08-22T05:12:48+00:00,9R27f7ibnqi9jfk5LdWHRhX7faJBPPZyr5Va35RYWwoo,LAYOOO / SOL,A,0.001376285903054704,19357.49239745,7333.34070622648,2.6,87,,0.3417,-2.686,156790.2339,1341501.22423869,78,67,12.3,0
2026-08-22T05:47:02+00:00,13MEx6gjRadJNUdmToaGSzgeWHLH7FzScUQS9Mc5nYF5,MU / USDC,A,958.4622104498014,108100.67611557,21470.144498770827,5.0,8,,0.3076,-0.181,4016364.3098,6459276.70913826,10,5,60.6,0
2026-08-22T05:47:02+00:00,9R27f7ibnqi9jfk5LdWHRhX7faJBPPZyr5Va35RYWwoo,LAYOOO / SOL,A,0.0013778216107105908,16313.8818739495,7333.34070622648,2.2,86.5,,0.3546,-5.676,153901.6363,1300079.08431636,49,70,12.3,0
2026-08-22T09:33:39+00:00,9R27f7ibnqi9jfk5LdWHRhX7faJBPPZyr5Va35RYWwoo,LAYOOO / SOL,A,0.001403810415385336,18711.1072534053,7333.34070622648,2.6,86,,0.3351,1.45,155717.2088,1324601.48978716,45,40,12.5,0
2026-08-22T14:40:44+00:00,9R27f7ibnqi9jfk5LdWHRhX7faJBPPZyr5Va35RYWwoo,LAYOOO / SOL,A,0.0014440515809410962,14352.885360746,7333.34070622648,2.0,81.0,,0.2886,0.135,156874.7109,1362572.07888154,32,41,12.7,0
2026-08-22T16:35:19+00:00,9R27f7ibnqi9jfk5LdWHRhX7faJBPPZyr5Va35RYWwoo,LAYOOO / SOL,A,0.001543695214037307,20073.0719851812,7333.34070622648,2.7,78.5,,0.27,3.339,161808.5144,1452553.73620276,58,56,12.8,0
2026-08-22T17:01:42+00:00,9R27f7ibnqi9jfk5LdWHRhX7faJBPPZyr5Va35RYWwoo,LAYOOO / SOL,A,0.001658745159975362,25674.6001918938,7333.34070622648,3.5,78,,0.2584,10.526,168152.7704,1565151.73746822,60,82,12.8,0
2026-08-22T17:38:50+00:00,9R27f7ibnqi9jfk5LdWHRhX7faJBPPZyr5Va35RYWwoo,LAYOOO / SOL,A,0.0017089712251827848,23697.5667191358,7333.34070622648,3.2,78.0,,0.2511,11.048,171564.5254,1612543.83530014,58,98,12.8,0
2026-08-22T18:45:04+00:00,9R27f7ibnqi9jfk5LdWHRhX7faJBPPZyr5Va35RYWwoo,LAYOOO / SOL,A,0.0020387928143527734,63550.8531357305,7333.34070622648,8.7,78.0,,0.2391,18.845,187277.0765,1927812.51434698,165,142,12.9,0
2026-08-22T19:11:33+00:00,9R27f7ibnqi9jfk5LdWHRhX7faJBPPZyr5Va35RYWwoo,LAYOOO / SOL,A,0.0020180260243225167,34508.6725174351,7333.34070622648,4.7,78,,0.2467,2.322,186508.7217,1904160.45166566,80,105,12.9,0
2026-08-22T19:39:55+00:00,9R27f7ibnqi9jfk5LdWHRhX7faJBPPZyr5Va35RYWwoo,LAYOOO / SOL,A,0.0017192175425514947,46103.4737700835,7333.34070622648,6.3,78.0,,0.3051,-17.215,172030.4429,1624724.06495465,145,119,12.9,0
2026-08-22T19:58:42+00:00,9R27f7ibnqi9jfk5LdWHRhX7faJBPPZyr5Va35RYWwoo,LAYOOO / SOL,A,0.0018508075901567714,58710.3463906972,7333.34070622648,8.0,78,,0.2946,-6.793,179271.624,1739317.18842088,169,151,12.9,0
2026-08-22T20:34:39+00:00,9R27f7ibnqi9jfk5LdWHRhX7faJBPPZyr5Va35RYWwoo,LAYOOO / SOL,A,0.002060172026429992,125664.127477859,7333.34070622648,17.1,78.5,,0.3169,18.364,188471.1349,1942478.76961226,214,251,12.9,0
2026-08-22T20:34:39+00:00,3vzCDcWV1gWExDYtd2YGtoAD1wvMNv9ceiGzFs7ZrnpM,BULLSHIT / SOL,A,0.004328286119777986,86331.4187793703,35641.64609479753,2.4,39,,0.1258,13.061,405327.4651,4233588.49567315,57,58,5.1,0
2026-08-22T21:01:42+00:00,3vzCDcWV1gWExDYtd2YGtoAD1wvMNv9ceiGzFs7ZrnpM,BULLSHIT / SOL,A,0.0042422757437426285,73423.9243001193,35641.64609479753,2.1,39.5,,0.1278,0.494,399846.7852,4149461.19048062,46,85,5.1,0
2026-08-22T21:01:42+00:00,9R27f7ibnqi9jfk5LdWHRhX7faJBPPZyr5Va35RYWwoo,LAYOOO / SOL,A,0.0020837998251809465,158428.651652682,7333.34070622648,21.6,79,,0.3341,16.046,189934.2648,1990304.91753365,307,303,12.9,0
2026-08-22T21:38:31+00:00,9R27f7ibnqi9jfk5LdWHRhX7faJBPPZyr5Va35RYWwoo,LAYOOO / SOL,A,0.002191111850325831,84454.5469504287,7333.34070622648,11.5,79.5,,0.3168,13.787,193367.4804,2092901.05324123,181,216,13.0,0
2026-08-22T21:59:43+00:00,9R27f7ibnqi9jfk5LdWHRhX7faJBPPZyr5Va35RYWwoo,LAYOOO / SOL,A,0.002016352319518867,66976.95753621,7333.34070622648,9.1,80,,0.3499,-4.529,183924.3831,1902581.08830457,139,165,13.0,0
2026-08-22T22:33:19+00:00,9R27f7ibnqi9jfk5LdWHRhX7faJBPPZyr5Va35RYWwoo,LAYOOO / SOL,A,0.0019639628994343452,30076.0928561948,7333.34070622648,4.1,80.0,,0.3477,-6.614,183499.759,1853147.70276319,97,102,13.0,0
2026-08-22T23:00:25+00:00,9R27f7ibnqi9jfk5LdWHRhX7faJBPPZyr5Va35RYWwoo,LAYOOO / SOL,A,0.001938404460443013,15422.176072002,7333.34070622648,2.1,80,,0.3545,-3.512,181896.5257,1829031.38033002,68,79,13.0,0
2026-08-22T23:00:25+00:00,68C62WPYiiNZxprbuaMj2ULXpiTDKcs5xsX7kBGnyajR,MANLET / SOL,A,0.0014880178350580168,84250.3434333639,35206.25789098566,2.4,47.0,,0.3898,-2.99,293909.3566,1488017.835,130,53,16.0,0
2026-08-22T23:36:57+00:00,9R27f7ibnqi9jfk5LdWHRhX7faJBPPZyr5Va35RYWwoo,LAYOOO / SOL,A,0.001912355704930062,20477.8580402486,7333.34070622648,2.8,80.0,,0.3686,-5.231,179482.4298,1776763.85660807,100,67,13.1,0
2026-08-22T23:59:02+00:00,9R27f7ibnqi9jfk5LdWHRhX7faJBPPZyr5Va35RYWwoo,LAYOOO / SOL,A,0.0019824854372171284,20673.0941766001,7333.34070622648,2.8,80,,0.35,2.383,183760.8048,1870625.11985772,98,64,13.1,0
2026-08-23T01:55:32+00:00,9R27f7ibnqi9jfk5LdWHRhX7faJBPPZyr5Va35RYWwoo,LAYOOO / SOL,A,0.0025593910170685595,107214.536503896,7333.34070622648,14.6,81.0,,0.333,7.195,215533.5228,2437194.4676497,205,193,13.1,0
2026-08-23T03:10:54+00:00,9R27f7ibnqi9jfk5LdWHRhX7faJBPPZyr5Va35RYWwoo,LAYOOO / SOL,A,0.00215909205495126,46120.9448545937,7333.34070622648,6.3,82,,0.4216,-16.835,192701.6197,2036200.29803761,208,111,13.2,0
2026-08-23T04:03:53+00:00,9R27f7ibnqi9jfk5LdWHRhX7faJBPPZyr5Va35RYWwoo,LAYOOO / SOL,A,0.002098076161639626,70092.274210607,7333.34070622648,9.6,83.0,,0.4431,-8.135,189229.5069,1980675.4406789,331,175,13.2,0
2026-08-23T04:53:57+00:00,9R27f7ibnqi9jfk5LdWHRhX7faJBPPZyr5Va35RYWwoo,LAYOOO / SOL,A,0.0019218069329907741,21632.3918717406,7333.34070622648,2.9,84,,0.4863,-5.788,181345.086,1812510.04806844,124,81,13.3,0
2026-08-23T05:35:30+00:00,9R27f7ibnqi9jfk5LdWHRhX7faJBPPZyr5Va35RYWwoo,LAYOOO / SOL,A,0.0019291876272688234,21756.5552918999,7333.34070622648,3.0,84.5,,0.4781,-4.359,182256.4662,1842660.48005549,135,67,13.3,0
2026-08-23T06:03:55+00:00,9R27f7ibnqi9jfk5LdWHRhX7faJBPPZyr5Va35RYWwoo,LAYOOO / SOL,A,0.0019457758870170224,14767.5380588702,7333.34070622648,2.0,85,,0.4819,-1.551,180865.5842,1834178.11841733,80,70,13.3,0
2026-08-23T07:03:45+00:00,9R27f7ibnqi9jfk5LdWHRhX7faJBPPZyr5Va35RYWwoo,LAYOOO / SOL,A,0.0018825657555152048,21620.0124959646,7333.34070622648,2.9,84.5,,0.5054,-1.686,179730.3515,1785132.17280132,86,71,13.4,0
2026-08-23T07:48:44+00:00,9R27f7ibnqi9jfk5LdWHRhX7faJBPPZyr5Va35RYWwoo,LAYOOO / SOL,A,0.0018581141490321175,20452.211818859,7333.34070622648,2.8,85,,0.5144,-2.212,179014.7297,1753644.22652285,131,81,13.4,0
2026-08-23T09:10:46+00:00,9R27f7ibnqi9jfk5LdWHRhX7faJBPPZyr5Va35RYWwoo,LAYOOO / SOL,A,0.002036420073530167,17267.0347813662,7333.34070622648,2.4,85,,0.4705,6.912,186256.0348,1921516.52637309,43,102,13.5,0
2026-08-23T10:30:21+00:00,3vzCDcWV1gWExDYtd2YGtoAD1wvMNv9ceiGzFs7ZrnpM,BULLSHIT / SOL,A,0.002870739533061208,99047.2571194452,35641.64609479753,2.8,39,,0.2819,-10.592,356705.322,2807930.95283571,109,34,5.6,0
2026-08-23T11:01:21+00:00,68C62WPYiiNZxprbuaMj2ULXpiTDKcs5xsX7kBGnyajR,MANLET / SOL,A,0.0016689413031747275,82434.174011631,35206.25789098566,2.3,46.0,,0.4432,9.134,301107.7094,1672275.227,61,110,16.5,0
2026-08-23T14:02:44+00:00,9R27f7ibnqi9jfk5LdWHRhX7faJBPPZyr5Va35RYWwoo,LAYOOO / SOL,A,0.0017291746154980843,22540.0033611703,7333.34070622648,3.1,81.0,,0.5669,-4.653,173617.2276,1631607.17274695,114,81,13.7,0
2026-08-23T14:42:49+00:00,9R27f7ibnqi9jfk5LdWHRhX7faJBPPZyr5Va35RYWwoo,LAYOOO / SOL,A,0.0019044569548379566,24783.8847486777,7333.34070622648,3.4,82,,0.5178,7.022,183000.9888,1796999.33194186,67,79,13.7,0
2026-08-23T14:42:49+00:00,2C7PaLGC7wtQZWR9wa7QT2bthqTDyzcBL6BEYFGdSA5e,Z500 / SOL,B,0.00048285726951907156,76433.4247050214,29695.067630826787,2.6,87,,0.7347,23.403,87898.7202,481826.018736907,583,398,5.9,0
2026-08-23T15:02:36+00:00,9R27f7ibnqi9jfk5LdWHRhX7faJBPPZyr5Va35RYWwoo,LAYOOO / SOL,A,0.0018694361052711101,20996.1287498331,7333.34070622648,2.9,81.0,,0.5296,7.428,181495.959,1763954.50838268,41,73,13.7,0
2026-08-23T15:39:42+00:00,9R27f7ibnqi9jfk5LdWHRhX7faJBPPZyr5Va35RYWwoo,LAYOOO / SOL,A,0.0020662026808107186,68744.6083360881,7333.34070622648,9.4,80,,0.5069,8.246,191352.0229,1949618.67091056,86,159,13.7,0
2026-08-23T16:00:25+00:00,9R27f7ibnqi9jfk5LdWHRhX7faJBPPZyr5Va35RYWwoo,LAYOOO / SOL,A,0.0021612778763308387,76625.8232085227,7333.34070622648,10.4,81.0,,0.4892,14.876,196568.9472,2039679.72412305,105,176,13.7,0
2026-08-23T16:44:47+00:00,9R27f7ibnqi9jfk5LdWHRhX7faJBPPZyr5Va35RYWwoo,LAYOOO / SOL,A,0.0019876585279071574,19219.4513308453,7333.34070622648,2.6,82,,0.5295,-11.647,187670.0635,1875506.31561634,50,83,13.8,0
2026-08-23T17:37:35+00:00,9R27f7ibnqi9jfk5LdWHRhX7faJBPPZyr5Va35RYWwoo,LAYOOO / SOL,A,0.0019064628687734905,15556.0705636131,7333.34070622648,2.1,80,,0.5447,-4.681,183745.7347,1807269.60378499,52,64,13.8,0
2026-08-23T17:58:52+00:00,9R27f7ibnqi9jfk5LdWHRhX7faJBPPZyr5Va35RYWwoo,LAYOOO / SOL,A,0.0017819851999778566,28280.4614807967,7333.34070622648,3.9,80.0,,0.5979,-13.523,176365.9094,1662634.4850713,175,65,13.8,0
2026-08-23T18:43:27+00:00,9R27f7ibnqi9jfk5LdWHRhX7faJBPPZyr5Va35RYWwoo,LAYOOO / SOL,A,0.0017424416175052418,16904.6419089412,7333.34070622648,2.3,80,,0.5744,-5.354,176228.1059,1644286.32572,137,54,13.8,0
2026-08-23T19:10:04+00:00,3vzCDcWV1gWExDYtd2YGtoAD1wvMNv9ceiGzFs7ZrnpM,BULLSHIT / SOL,A,0.003950861479735366,71730.5132392918,35641.64609479753,2.0,38.0,,0.2237,31.385,301238.8046,3864421.02942895,95,35,6.0,0
2026-08-23T19:37:59+00:00,3vzCDcWV1gWExDYtd2YGtoAD1wvMNv9ceiGzFs7ZrnpM,BULLSHIT / SOL,A,0.0034226784289954665,72741.265863877,35641.64609479753,2.0,39,,0.2603,6.179,315460.4241,3347788.35444329,52,54,6.0,0
2026-08-23T19:58:27+00:00,13MEx6gjRadJNUdmToaGSzgeWHLH7FzScUQS9Mc5nYF5,MU / USDC,A,968.7501908852024,78935.9339318124,21470.144498770827,3.7,7,,0.0269,0.096,4115376.5922,6542883.77085642,13,9,62.2,0
2026-08-23T20:34:23+00:00,13MEx6gjRadJNUdmToaGSzgeWHLH7FzScUQS9Mc5nYF5,MU / USDC,A,969.9001319871936,79002.0559034105,21470.144498770827,3.7,7.0,,0.0269,0.214,4096246.5771,6550611.17544301,13,9,62.3,0
2026-08-23T21:00:57+00:00,9R27f7ibnqi9jfk5LdWHRhX7faJBPPZyr5Va35RYWwoo,LAYOOO / SOL,A,0.0016434162613511833,14553.5372300173,7333.34070622648,2.0,81.0,,0.4862,0.367,169156.3422,1550687.60905502,67,49,13.9,0
2026-08-23T21:38:31+00:00,9R27f7ibnqi9jfk5LdWHRhX7faJBPPZyr5Va35RYWwoo,LAYOOO / SOL,A,0.0016570764499951017,15311.9614237632,7333.34070622648,2.1,80,,0.4541,0.105,172404.1614,1563577.03112193,80,94,14.0,0
2026-08-23T23:00:07+00:00,9R27f7ibnqi9jfk5LdWHRhX7faJBPPZyr5Va35RYWwoo,LAYOOO / SOL,A,0.0015909578687783974,14581.5039944904,7333.34070622648,2.0,80.0,,0.4633,-4.762,169275.7821,1501189.14637348,54,62,14.0,0
2026-08-24T01:53:23+00:00,13MEx6gjRadJNUdmToaGSzgeWHLH7FzScUQS9Mc5nYF5,MU / USDC,A,954.5685962195761,50391.4202807319,21470.144498770827,2.3,6.5,,0.0551,-0.594,4062986.499,6459881.5149824,12,13,62.5,0
2026-08-24T03:10:32+00:00,13MEx6gjRadJNUdmToaGSzgeWHLH7FzScUQS9Mc5nYF5,MU / USDC,A,943.330408100123,46625.885696182,21470.144498770827,2.2,7,,0.068,-1.176,4029577.0919,6371161.8440292,2,12,62.5,0
2026-08-24T12:03:47+00:00,13MEx6gjRadJNUdmToaGSzgeWHLH7FzScUQS9Mc5nYF5,MU / USDC,A,939.3868284938563,64114.4857147396,21470.144498770827,3.0,6.0,,0.106,0.798,3993855.343,6346360.87248988,8,7,62.9,0
2026-08-24T13:15:34+00:00,68C62WPYiiNZxprbuaMj2ULXpiTDKcs5xsX7kBGnyajR,MANLET / SOL,A,0.002640629653203026,1352890.64287616,35206.25789098566,38.4,44.0,,0.6691,70.976,384447.2044,2640642.037,1124,1024,17.5,0
2026-08-24T14:19:29+00:00,13MEx6gjRadJNUdmToaGSzgeWHLH7FzScUQS9Mc5nYF5,MU / USDC,A,893.6431225287982,408560.068144353,21470.144498770827,19.0,6.0,,0.1852,-4.106,3849665.8206,6061421.25199393,11,21,63.0,0
2026-08-24T14:19:29+00:00,68C62WPYiiNZxprbuaMj2ULXpiTDKcs5xsX7kBGnyajR,MANLET / SOL,A,0.0023437930795777977,290194.514587477,35206.25789098566,8.2,44,,0.8806,-4.411,418870.7014,2343793.08,358,248,17.6,0
2026-08-24T15:11:34+00:00,13MEx6gjRadJNUdmToaGSzgeWHLH7FzScUQS9Mc5nYF5,MU / USDC,A,897.2973930862225,148499.877752444,21470.144498770827,6.9,6,,0.2026,0.601,3855536.7431,6061281.97450176,8,11,63.0,0
2026-08-24T15:11:34+00:00,68C62WPYiiNZxprbuaMj2ULXpiTDKcs5xsX7kBGnyajR,MANLET / SOL,A,0.00217282779394449,103135.703750944,35206.25789098566,2.9,44.5,,0.9523,-4.575,413586.7368,2253863.08,115,125,17.6,0
2026-08-24T15:11:34+00:00,9R27f7ibnqi9jfk5LdWHRhX7faJBPPZyr5Va35RYWwoo,LAYOOO / SOL,A,0.0014948843948367242,21450.4708625009,7333.34070622648,2.9,78.0,,0.2661,3.232,162149.183,1372450.55107824,86,73,14.7,0
2026-08-24T15:58:22+00:00,13MEx6gjRadJNUdmToaGSzgeWHLH7FzScUQS9Mc5nYF5,MU / USDC,A,913.4783026352593,121205.468254279,21470.144498770827,5.6,6.0,,0.2128,1.412,3889086.7541,6171326.63761932,9,7,63.1,0
2026-08-24T15:58:22+00:00,68C62WPYiiNZxprbuaMj2ULXpiTDKcs5xsX7kBGnyajR,MANLET / SOL,A,0.0020204982509352425,135940.391416156,35206.25789098566,3.9,45,,1.1234,-19.564,405948.7355,1983306.822,156,154,17.7,0
2026-08-24T15:58:22+00:00,9R27f7ibnqi9jfk5LdWHRhX7faJBPPZyr5Va35RYWwoo,LAYOOO / SOL,A,0.0013225164920045002,33136.8412230649,7333.34070622648,4.5,78,,0.2554,-4.677,153959.2324,1247894.34249291,108,61,14.7,0
2026-08-24T16:50:24+00:00,13MEx6gjRadJNUdmToaGSzgeWHLH7FzScUQS9Mc5nYF5,MU / USDC,A,915.4052375146836,62244.3204925745,21470.144498770827,2.9,6,,0.2181,0.41,3900906.9672,6296001.80429407,9,6,63.1,0
2026-08-24T16:50:24+00:00,68C62WPYiiNZxprbuaMj2ULXpiTDKcs5xsX7kBGnyajR,MANLET / SOL,A,0.002163603261313237,77064.9477887537,35206.25789098566,2.2,45.0,,1.0418,9.305,376926.0921,2162717.583,95,160,17.7,0
2026-08-24T17:36:15+00:00,13MEx6gjRadJNUdmToaGSzgeWHLH7FzScUQS9Mc5nYF5,MU / USDC,A,911.5160552242626,71290.5861629684,21470.144498770827,3.3,6.5,,0.2302,-0.608,3891408.2377,6269252.66881385,7,12,63.1,0
2026-08-24T17:36:15+00:00,68C62WPYiiNZxprbuaMj2ULXpiTDKcs5xsX7kBGnyajR,MANLET / SOL,A,0.0018664365901908892,72642.0467940419,35206.25789098566,2.1,45,,1.2204,-11.094,360315.1226,1865668.199,95,152,17.7,0
2026-08-24T17:36:15+00:00,9R27f7ibnqi9jfk5LdWHRhX7faJBPPZyr5Va35RYWwoo,LAYOOO / SOL,A,0.0011981111796693859,30418.9023804041,7333.34070622648,4.1,78,,0.2958,-8.351,145645.3642,1130508.37683995,161,101,14.8,0
2026-08-24T18:14:31+00:00,9R27f7ibnqi9jfk5LdWHRhX7faJBPPZyr5Va35RYWwoo,LAYOOO / SOL,A,0.0012460880374705133,23771.101281139,7333.34070622648,3.2,78.0,,0.287,-0.138,147726.2427,1163228.66863499,109,114,14.8,0
2026-08-24T18:14:31+00:00,13MEx6gjRadJNUdmToaGSzgeWHLH7FzScUQS9Mc5nYF5,MU / USDC,A,917.1467939003954,63324.5801830824,21470.144498770827,2.9,7,,0.2358,0.404,3909213.0249,6303394.68921687,7,7,63.2,0
2026-08-24T19:05:48+00:00,13MEx6gjRadJNUdmToaGSzgeWHLH7FzScUQS9Mc5nYF5,MU / USDC,A,915.2724406898948,59210.4851465697,21470.144498770827,2.8,7.0,,0.2406,-0.003,3912454.8033,6290512.57683164,10,7,63.2,0
2026-08-24T19:05:48+00:00,68C62WPYiiNZxprbuaMj2ULXpiTDKcs5xsX7kBGnyajR,MANLET / SOL,A,0.0017440933412410122,77487.2085238708,35206.25789098566,2.2,45,,1.343,-9.594,336069.1033,1742689.467,85,106,17.8,0
2026-08-24T19:05:48+00:00,9R27f7ibnqi9jfk5LdWHRhX7faJBPPZyr5Va35RYWwoo,LAYOOO / SOL,A,0.0011293097725145092,18590.0187416157,7333.34070622648,2.5,78,,0.3142,-5.432,142054.1775,1065994.02962378,49,83,14.9,0
2026-08-24T19:46:53+00:00,13MEx6gjRadJNUdmToaGSzgeWHLH7FzScUQS9Mc5nYF5,MU / USDC,A,909.8001453251335,47941.790531203,21470.144498770827,2.2,7,,0.2362,-0.8,3897237.7036,6252939.93181967,0,9,63.2,0
2026-08-24T19:46:53+00:00,9R27f7ibnqi9jfk5LdWHRhX7faJBPPZyr5Va35RYWwoo,LAYOOO / SOL,A,0.0011165516407654781,22468.8376204625,7333.34070622648,3.1,78.0,,0.3261,-7.097,141538.5823,1045357.86320975,126,96,14.9,0
2026-08-24T19:46:53+00:00,68C62WPYiiNZxprbuaMj2ULXpiTDKcs5xsX7kBGnyajR,MANLET / SOL,A,0.0017226089644308306,74640.655319191,35206.25789098566,2.1,46.0,,1.3779,-4.19,348291.9534,1723049.047,92,84,17.8,0
2026-08-25T00:00:54+00:00,9R27f7ibnqi9jfk5LdWHRhX7faJBPPZyr5Va35RYWwoo,LAYOOO / SOL,A,0.0012166936607289128,17253.2704245712,7333.34070622648,2.4,78,,0.2942,5.002,149942.3229,1148042.3275837,42,73,15.1,0
2026-08-25T01:54:38+00:00,13MEx6gjRadJNUdmToaGSzgeWHLH7FzScUQS9Mc5nYF5,MU / USDC,A,913.3658732720921,62256.5073779682,21470.144498770827,2.9,6,,0.2272,1.002,3893566.4571,6351375.19743236,13,8,63.5,0
2026-08-25T04:02:28+00:00,9R27f7ibnqi9jfk5LdWHRhX7faJBPPZyr5Va35RYWwoo,LAYOOO / SOL,A,0.0012343295016675213,26463.1497550031,7333.34070622648,3.6,76.5,,0.2742,-2.258,152573.1456,1164682.96877538,134,51,15.2,0
2026-08-25T09:02:19+00:00,13MEx6gjRadJNUdmToaGSzgeWHLH7FzScUQS9Mc5nYF5,MU / USDC,A,928.0693057273304,48861.2126060489,21470.144498770827,2.3,7.0,,0.2271,0.399,3933247.2544,6453739.16067197,10,6,63.8,0
2026-08-25T10:39:33+00:00,13MEx6gjRadJNUdmToaGSzgeWHLH7FzScUQS9Mc5nYF5,MU / USDC,A,933.6599322443275,65606.0126674248,21470.144498770827,3.1,7.0,,0.2311,0.017,3966246.725,6492616.04741178,8,11,63.9,0
2026-08-25T11:11:06+00:00,13MEx6gjRadJNUdmToaGSzgeWHLH7FzScUQS9Mc5nYF5,MU / USDC,A,928.1082983325798,63700.5062711691,21470.144498770827,3.0,7,,0.2352,-1.079,3943532.2187,6493658.82871644,3,16,63.9,0
2026-08-25T12:59:45+00:00,9R27f7ibnqi9jfk5LdWHRhX7faJBPPZyr5Va35RYWwoo,LAYOOO / SOL,A,0.0012166452926861597,23087.5984204417,7333.34070622648,3.1,73,,0.284,-1.126,149808.6036,1147996.58158123,122,42,15.6,0
2026-08-25T14:56:58+00:00,13MEx6gjRadJNUdmToaGSzgeWHLH7FzScUQS9Mc5nYF5,MU / USDC,A,933.5650898426246,303961.258529167,21470.144498770827,14.2,7.0,,0.2511,0.582,3956999.6716,6548887.74510529,18,19,64.0,0
2026-08-25T14:56:58+00:00,9R27f7ibnqi9jfk5LdWHRhX7faJBPPZyr5Va35RYWwoo,LAYOOO / SOL,A,0.001118834475604569,15456.0567249917,7333.34070622648,2.1,73.0,,0.2957,-4.482,144223.5391,1067235.59138506,56,55,15.7,0
2026-08-25T15:52:58+00:00,13MEx6gjRadJNUdmToaGSzgeWHLH7FzScUQS9Mc5nYF5,MU / USDC,A,926.2930359791038,120840.133890467,21470.144498770827,5.6,7,,0.2487,-0.382,3936652.6537,6497879.36186373,11,14,64.1,0
2026-08-25T16:45:48+00:00,13MEx6gjRadJNUdmToaGSzgeWHLH7FzScUQS9Mc5nYF5,MU / USDC,A,926.0979011508034,60802.866987843,21470.144498770827,2.8,7.0,,0.2456,-0.401,3956405.5041,6496510.50500706,9,14,64.1,0
2026-08-25T18:14:25+00:00,9R27f7ibnqi9jfk5LdWHRhX7faJBPPZyr5Va35RYWwoo,LAYOOO / SOL,A,0.001021143492465771,54827.9611789939,7333.34070622648,7.5,71,,0.3066,-15.792,136589.7649,956623.534936076,320,126,15.8,0
2026-08-25T19:03:56+00:00,9R27f7ibnqi9jfk5LdWHRhX7faJBPPZyr5Va35RYWwoo,LAYOOO / SOL,A,0.0009091898430266575,41806.0299915665,7333.34070622648,5.7,72.0,,0.3682,-5.953,129543.9729,850628.957387737,209,139,15.9,0
2026-08-25T19:47:28+00:00,9R27f7ibnqi9jfk5LdWHRhX7faJBPPZyr5Va35RYWwoo,LAYOOO / SOL,A,0.000877097864039325,26636.6585889153,7333.34070622648,3.6,73,,0.383,-1.399,125808.0984,827607.976587607,125,107,15.9,0
2026-08-25T20:36:21+00:00,9R27f7ibnqi9jfk5LdWHRhX7faJBPPZyr5Va35RYWwoo,LAYOOO / SOL,A,0.0009282788157404635,21078.8853133601,7333.34070622648,2.9,73.0,,0.3737,4.831,129740.6139,865803.334261772,94,94,15.9,0
2026-08-25T21:08:19+00:00,9R27f7ibnqi9jfk5LdWHRhX7faJBPPZyr5Va35RYWwoo,LAYOOO / SOL,A,0.0008333663916126113,17482.4913080811,7333.34070622648,2.4,73,,0.418,-5.62,122777.089,786344.034590183,90,102,16.0,0
2026-08-25T21:45:42+00:00,9R27f7ibnqi9jfk5LdWHRhX7faJBPPZyr5Va35RYWwoo,LAYOOO / SOL,A,0.0008384418736446142,15068.9846707767,7333.34070622648,2.1,73.5,,0.4116,-6.666,124103.4951,791133.134599013,117,61,16.0,0
2026-08-25T22:34:02+00:00,9R27f7ibnqi9jfk5LdWHRhX7faJBPPZyr5Va35RYWwoo,LAYOOO / SOL,A,0.000816279377745033,15618.0312814563,7333.34070622648,2.1,74,,0.4435,-2.909,121412.6499,753158.111596227,89,65,16.0,0
2026-08-25T23:04:26+00:00,9R27f7ibnqi9jfk5LdWHRhX7faJBPPZyr5Va35RYWwoo,LAYOOO / SOL,A,0.0007002375012904921,69521.0701154159,7333.34070622648,9.5,74.5,,0.5885,-15.039,113267.659,660726.887349522,275,194,16.0,0
2026-08-25T23:40:52+00:00,9R27f7ibnqi9jfk5LdWHRhX7faJBPPZyr5Va35RYWwoo,LAYOOO / SOL,A,0.0007099719114361994,43549.4739262186,7333.34070622648,5.9,75,,0.603,5.429,113687.5108,669748.222657157,122,187,16.1,0
2026-08-26T00:01:27+00:00,9R27f7ibnqi9jfk5LdWHRhX7faJBPPZyr5Va35RYWwoo,LAYOOO / SOL,A,0.0007251849377775885,31462.1042234137,7333.34070622648,4.3,76.5,,0.5905,5.278,114679.9463,686045.583350167,104,172,16.1,0
2026-08-26T02:00:18+00:00,9R27f7ibnqi9jfk5LdWHRhX7faJBPPZyr5Va35RYWwoo,LAYOOO / SOL,A,0.0008081162730687242,15913.0858618577,7333.34070622648,2.2,78,,0.5483,10.974,120624.7011,753138.432859265,52,107,16.2,0
2026-08-26T05:07:11+00:00,9R27f7ibnqi9jfk5LdWHRhX7faJBPPZyr5Va35RYWwoo,LAYOOO / SOL,A,0.0007147481988011076,15591.9670847986,7333.34070622648,2.1,76,,0.6036,-0.912,113083.7543,674418.824691704,116,50,16.3,0
2026-08-26T13:05:28+00:00,13MEx6gjRadJNUdmToaGSzgeWHLH7FzScUQS9Mc5nYF5,MU / USDC,A,920.7581811014797,44045.8634536346,21470.144498770827,2.1,6,,0.201,-0.582,3921126.7562,6461847.511243,0,10,65.0,0
2026-08-26T14:05:38+00:00,13MEx6gjRadJNUdmToaGSzgeWHLH7FzScUQS9Mc5nYF5,MU / USDC,A,939.2493159844615,376123.833571097,21470.144498770827,17.5,6.0,,0.1855,2.007,3988084.2869,6591605.14944387,17,19,65.0,0
2026-08-26T15:54:06+00:00,13MEx6gjRadJNUdmToaGSzgeWHLH7FzScUQS9Mc5nYF5,MU / USDC,A,941.2519211014658,123233.191745614,21470.144498770827,5.7,6,,0.1737,0.556,3991375.6569,6601581.98813528,15,12,65.1,0
2026-08-26T22:14:00+00:00,13MEx6gjRadJNUdmToaGSzgeWHLH7FzScUQS9Mc5nYF5,MU / USDC,A,969.8142765107349,165238.247841831,21470.144498770827,7.7,6.0,,0.2232,0.798,4064902.91,6806108.63059481,16,9,65.3,0
2026-08-27T14:32:12+00:00,13MEx6gjRadJNUdmToaGSzgeWHLH7FzScUQS9Mc5nYF5,MU / USDC,A,931.7911558744768,544407.373920992,21470.144498770827,25.4,6.0,,0.2864,-2.163,3953152.3744,6514365.71242829,19,20,66.0,0
2026-08-31T15:22:57+00:00,13MEx6gjRadJNUdmToaGSzgeWHLH7FzScUQS9Mc5nYF5,MU / USDC,A,941.0512676121467,111673.715610489,21470.144498770827,5.2,5.0,,0.1549,-0.387,3957111.8854,6594164.53723104,15,9,70.0,0
2026-08-31T19:42:34+00:00,13MEx6gjRadJNUdmToaGSzgeWHLH7FzScUQS9Mc5nYF5,MU / USDC,A,946.9803479082949,71056.5569229041,21470.144498770827,3.3,5,,0.1757,0.232,3983286.0362,6635824.59320879,9,12,70.2,0
2026-08-31T20:50:20+00:00,13MEx6gjRadJNUdmToaGSzgeWHLH7FzScUQS9Mc5nYF5,MU / USDC,A,954.3966574635323,62389.0087628135,21470.144498770827,2.9,5.5,,0.1835,0.599,3994628.4396,6687038.49257174,11,1,70.3,0
2026-08-31T20:50:20+00:00,68C62WPYiiNZxprbuaMj2ULXpiTDKcs5xsX7kBGnyajR,MANLET / SOL,A,0.0010600336984169544,35371.0579990443,13873.572799437445,2.5,42,,0.3305,-5.392,165846.0468,1094992.381,54,26,24.9,0
2026-08-31T20:50:20+00:00,GwTzkbi3ogqYSphVeSMGaBwdkBvEzBo87dmDWyCxd1aj,BILLY / SOL,C,0.00010637494580769988,509.2805228843,112.5001631834917,4.5,7,,0.0849,3.793,31853.4052,105270.551479438,2,2,14.7,0
2026-08-31T21:01:09+00:00,GwTzkbi3ogqYSphVeSMGaBwdkBvEzBo87dmDWyCxd1aj,BILLY / SOL,C,0.00010637494580769988,509.1472383745,112.5001631834917,4.5,7.0,,0.0849,1.457,31891.8661,105270.551479438,2,1,14.7,0
2026-08-31T21:01:09+00:00,68C62WPYiiNZxprbuaMj2ULXpiTDKcs5xsX7kBGnyajR,MANLET / SOL,A,0.0010806012070301242,34983.2282232985,13873.572799437445,2.5,42.0,,0.3429,-8.335,158938.2902,1058908.217,54,36,24.9,0
2026-08-31T22:16:33+00:00,4tJW2axbTxtT6nKbjB5pZwePtW84cB7E1B6tdCCLGfrC,hyUSD / USDC,A,1.0029150171241816,16776.8426130003,8589.358871017974,2.0,21.0,,0.0307,0.498,1790503.2835,17083148.5597776,28,15,306.5,0
2026-08-31T22:16:33+00:00,68C62WPYiiNZxprbuaMj2ULXpiTDKcs5xsX7kBGnyajR,MANLET / SOL,A,0.0008152074068395138,107537.891423381,13873.572799437445,7.8,42,,0.5573,-23.678,129094.8413,815211.4314,178,98,24.9,0
2026-08-31T22:16:33+00:00,GwTzkbi3ogqYSphVeSMGaBwdkBvEzBo87dmDWyCxd1aj,BILLY / SOL,C,0.00010364148533135732,828.1545697698,112.5001631834917,7.4,7,,0.0931,-0.446,31371.6979,102565.47001389,2,2,14.8,0
2026-09-01T05:43:18+00:00,6qjVoJXVLL7JWiknpeqg88SYexdm7KQqWu8Uir3aD4ZJ,TROOPET / SOL,D,9.07879834237468e-06,61.2982361832,4.6963367210753,13.1,1,,0.1524,0.136,8809.3527,7376.3817294148,1,1,12.4,0
2026-09-01T10:31:25+00:00,6qjVoJXVLL7JWiknpeqg88SYexdm7KQqWu8Uir3aD4ZJ,TROOPET / SOL,D,8.632324705097482e-06,155.7853878993,4.6963367210753,33.2,1.0,,0.1057,0.0,8653.0878,7013.6288788093,0,1,12.6,0
2026-09-01T15:12:48+00:00,13MEx6gjRadJNUdmToaGSzgeWHLH7FzScUQS9Mc5nYF5,MU / USDC,A,959.0432078288927,122128.480164871,21470.144498770827,5.7,6.0,,0.1434,2.61,3999257.9319,6719317.33308196,23,7,71.0,0
2026-09-01T15:12:48+00:00,A9W9TH82joZ23fz1M1sNoFGrm2RnPJTk5hnD8stDs8LV,AXE / SOL,C,0.0002279447705288739,832.193523818,276.94631578926936,3.0,15,,0.0498,-4.618,47290.7942,226652.570830445,0,3,13.8,0
2026-09-01T18:37:22+00:00,13MEx6gjRadJNUdmToaGSzgeWHLH7FzScUQS9Mc5nYF5,MU / USDC,A,931.8161829279769,66129.2793901853,21470.144498770827,3.1,6,,0.1866,-0.59,3943709.9727,6528526.34697539,3,15,71.2,0
2026-09-01T18:37:22+00:00,4tJW2axbTxtT6nKbjB5pZwePtW84cB7E1B6tdCCLGfrC,hyUSD / USDC,A,0.9980658255117725,35269.5105443561,8589.358871017974,4.1,21,,0.0273,-0.007,1792153.5308,17114879.8373725,45,30,307.3,0
2026-09-01T18:37:22+00:00,9R27f7ibnqi9jfk5LdWHRhX7faJBPPZyr5Va35RYWwoo,LAYOOO / SOL,A,0.0006036943543602428,15752.9666040151,3215.727933538163,4.9,63,,0.1014,4.998,107846.4693,573449.3017528,54,54,22.8,0
2026-09-01T18:37:22+00:00,Ayk5yA1PTkjgwn3My9ERGyT55t3Dinyf9zfDFVSuimSb,MEMESLY / SOL,D,8.135456821472994e-06,7.7745510923,0.471780387932208,16.5,0,,0.0059,0.407,5817.6281,8248.801952,1,1,13.6,0
2026-09-01T18:37:22+00:00,GwTzkbi3ogqYSphVeSMGaBwdkBvEzBo87dmDWyCxd1aj,BILLY / SOL,C,9.287748291850035e-05,602.7603702006,112.5001631834917,5.4,7.0,,0.0617,4.054,29033.9697,90557.1339377427,1,3,15.6,0
2026-09-01T21:23:52+00:00,4tJW2axbTxtT6nKbjB5pZwePtW84cB7E1B6tdCCLGfrC,hyUSD / USDC,A,0.9965649243193888,25697.0834281381,8589.358871017974,3.0,21.0,,0.0299,-0.209,1796209.4983,17029645.837059,24,22,307.5,0
2026-09-01T21:23:52+00:00,6qjVoJXVLL7JWiknpeqg88SYexdm7KQqWu8Uir3aD4ZJ,TROOPET / SOL,D,8.164230397263764e-06,9.1758893746,4.6963367210753,2.0,1,,0.083,-0.446,8083.8971,6633.3095709995,0,2,13.1,0
2026-09-01T21:23:52+00:00,A9W9TH82joZ23fz1M1sNoFGrm2RnPJTk5hnD8stDs8LV,AXE / SOL,C,0.0002153044120166845,682.578636748,276.94631578926936,2.5,15,,0.0706,-5.941,45735.4479,217306.667227293,2,3,14.1,0
2026-09-01T21:23:52+00:00,CD5HDt23sjGud5VTWsv51BMPey2Qf9qH5cyswWmjBDdq,BULLSHIT / SOL,A,0.0020910904446644614,51418.3850947784,25325.490215492762,2.0,177,,0.3623,-4.958,202455.92,2045324.01475036,97,111,15.1,0
2026-09-01T21:23:52+00:00,GwTzkbi3ogqYSphVeSMGaBwdkBvEzBo87dmDWyCxd1aj,BILLY / SOL,C,9.213703318120189e-05,279.6611583756,112.5001631834917,2.5,7,,0.0609,1.138,29252.7995,91967.6015194139,1,3,15.7,0
2026-09-01T21:23:52+00:00,HZp4qwbMUCdwj6ATZCpUZCKeAhBZmWSwj7kLMgYA6Ztg,EYE / SOL,C,0.00024776448877789466,1934.7177769655,453.5339110594628,4.3,9,,0.0342,2.242,21931.2872,247568.016936534,9,3,15.2,0
2026-09-01T23:30:16+00:00,CsioJDbZethDNdy6M6HV5ECeowF8zm7BFvTBcb7FZeCt,SPCX / USDC,A,141.922622012188,8548.7419308513,4067.2400008934624,2.1,29,,0.2098,-0.037,758836.8632,6366580.87848066,11,37,81.4,0
2026-09-01T23:30:16+00:00,GwTzkbi3ogqYSphVeSMGaBwdkBvEzBo87dmDWyCxd1aj,BILLY / SOL,C,8.648474775747135e-05,617.1896294953,112.5001631834917,5.5,7.0,,0.0558,-4.894,28287.5565,85586.8552767367,2,3,15.8,0
2026-09-02T06:21:43+00:00,4tJW2axbTxtT6nKbjB5pZwePtW84cB7E1B6tdCCLGfrC,hyUSD / USDC,A,1.0017995091013114,27578.5181521148,8589.358871017974,3.2,21,,0.0325,0.234,1798372.6646,17107129.2029098,19,13,307.8,0
2026-09-02T06:21:43+00:00,E3H4To39g5m31DyVUGqr7shi4m3DpXUVLngBStfam7E8,Sakadung / SOL,C,6.758298440522387e-05,4722.3075210246,1511.9976373544682,3.1,32.0,,0.9016,57.213,25194.1142,67770.99466,20,15,13.1,0
2026-09-02T11:38:33+00:00,13MEx6gjRadJNUdmToaGSzgeWHLH7FzScUQS9Mc5nYF5,MU / USDC,A,926.2838229619524,52251.1968345544,21470.144498770827,2.4,5.5,,0.1876,0.284,3920753.8536,6554679.70466458,11,0,71.9,0
2026-09-02T11:38:33+00:00,4tJW2axbTxtT6nKbjB5pZwePtW84cB7E1B6tdCCLGfrC,hyUSD / USDC,A,0.9944742555053144,37552.4786147408,8589.358871017974,4.4,21.0,,0.0345,-0.669,1797517.6244,16991712.7193534,30,32,308.0,0
2026-09-02T11:38:33+00:00,Ayk5yA1PTkjgwn3My9ERGyT55t3Dinyf9zfDFVSuimSb,MEMESLY / SOL,D,8.057816886367668e-06,3.5507067036,0.471780387932208,7.5,0.0,,0.0022,0.0,5678.9144,8057.816886,1,0,14.4,0
2026-09-02T11:38:33+00:00,CsioJDbZethDNdy6M6HV5ECeowF8zm7BFvTBcb7FZeCt,SPCX / USDC,A,141.668432234463,9065.2077965617,4067.2400008934624,2.2,28.0,,0.1871,0.128,757658.1151,6360066.32526933,22,25,81.9,0
2026-09-02T11:38:33+00:00,EcGDaedZL6ZPqKHyQThL6epLS1KuHtk94jWcRWXAC8mn,CLUG / SOL,D,1.918891977848244e-05,294.4174809774,91.12369139107115,3.2,21.0,,0.1176,-0.781,15851.2872,19048.9151104085,2,4,14.4,0
2026-09-02T11:38:33+00:00,F1w2HgzJHTGVhDdH8u95gjSuWTjchGJfmukTyhXnTJYx,Intismeran / SOL,D,2.772779548769967e-05,537.3413134743,50.89835200838492,10.6,17,,0.1005,-3.122,19869.8371,27727.79549,6,3,14.0,0
2026-09-02T15:20:02+00:00,13MEx6gjRadJNUdmToaGSzgeWHLH7FzScUQS9Mc5nYF5,MU / USDC,A,943.1776477038218,402361.871981617,21470.144498770827,18.7,6,,0.3719,-0.384,3977638.8075,6674225.79564039,15,16,72.0,0
2026-09-02T15:20:02+00:00,4tJW2axbTxtT6nKbjB5pZwePtW84cB7E1B6tdCCLGfrC,hyUSD / USDC,A,0.9987576198420207,45358.3050160024,8589.358871017974,5.3,21,,0.0336,-0.141,1806388.0186,17060453.3569772,18,19,308.2,0
2026-09-02T15:20:02+00:00,Ayk5yA1PTkjgwn3My9ERGyT55t3Dinyf9zfDFVSuimSb,MEMESLY / SOL,D,8.02167863094115e-06,2.2023780659,0.471780387932208,4.7,0,,0.0023,-0.708,5729.2588,8021.678631,1,1,14.5,0
2026-09-02T15:20:02+00:00,CsioJDbZethDNdy6M6HV5ECeowF8zm7BFvTBcb7FZeCt,SPCX / USDC,A,139.639631447213,191819.979432534,4067.2400008934624,47.2,28,,0.2927,-0.184,752335.7526,6261213.51874544,44,61,82.1,0
2026-09-02T15:20:02+00:00,DPAU7wDyMXDgNAfzQYMfyNqmTjzcoRsSPA2LeGH71hgi,SKHY / USDC,A,161.52185376459187,99552.7324131427,27676.841498245452,3.6,5,,0.2882,1.031,2353680.1955,3255006.88776299,13,10,53.6,0
2026-09-02T18:54:59+00:00,13MEx6gjRadJNUdmToaGSzgeWHLH7FzScUQS9Mc5nYF5,MU / USDC,A,952.6724074005658,174939.708348763,11166.902458356342,15.7,6.0,,0.3925,0.827,4005040.0162,6737604.45374275,11,10,72.2,0
2026-09-02T18:54:59+00:00,5Jm4GnWPt62kphmhEET6rjzzFjvsfNxNqdpEuGwp2U9q,EYE / SOL,B,0.00018562106683922972,5366.0294900498,2651.852760074521,2.0,46,,0.4441,-4.116,60410.4934,185513.430454527,35,17,16.1,0
2026-09-02T18:54:59+00:00,CsioJDbZethDNdy6M6HV5ECeowF8zm7BFvTBcb7FZeCt,SPCX / USDC,A,140.479159165357,73596.5783539228,4067.2400008934624,18.1,28.0,,0.2958,-0.088,753744.3453,6299708.56127028,35,46,82.2,0
2026-09-02T18:54:59+00:00,DPAU7wDyMXDgNAfzQYMfyNqmTjzcoRsSPA2LeGH71hgi,SKHY / USDC,A,164.180661623348,72614.066841066,27676.841498245452,2.6,5.0,,0.2628,0.841,2382315.4108,3308385.38844347,10,0,53.7,0
2026-09-02T21:41:57+00:00,13MEx6gjRadJNUdmToaGSzgeWHLH7FzScUQS9Mc5nYF5,MU / USDC,A,954.4256339383104,86265.803982124,11166.902458356342,7.7,6,,0.4177,0.419,4019931.7017,6750003.83346349,11,0,72.3,0
2026-09-02T21:41:57+00:00,4tJW2axbTxtT6nKbjB5pZwePtW84cB7E1B6tdCCLGfrC,hyUSD / USDC,A,1.0036549934490882,25404.3700928423,8589.358871017974,3.0,21,,0.0327,0.36,1803325.7468,17197025.3442198,10,16,308.5,0
2026-09-02T21:41:57+00:00,A9W9TH82joZ23fz1M1sNoFGrm2RnPJTk5hnD8stDs8LV,AXE / SOL,C,0.00023304460862833874,970.3233629706,276.94631578926936,3.5,14.0,,0.0638,-3.34,47241.2489,231723.49837859,2,3,15.1,0
2026-09-02T21:41:57+00:00,CsioJDbZethDNdy6M6HV5ECeowF8zm7BFvTBcb7FZeCt,SPCX / USDC,A,140.137696386685,17914.4993369903,4067.2400008934624,4.4,28,,0.3126,-0.026,753800.6473,6294264.79532683,18,9,82.3,0
2026-09-02T21:41:57+00:00,DPAU7wDyMXDgNAfzQYMfyNqmTjzcoRsSPA2LeGH71hgi,SKHY / USDC,A,164.168463873653,57148.6379655792,27676.841498245452,2.1,5,,0.2934,0.23,2381928.625,3308139.59301209,10,11,53.9,0
2026-09-02T23:35:29+00:00,6VZYoRYbZzeLtUf6BEJJgreKK2EEhq2bx2UNU3EvibLc,67coin / SOL,D,1.5281840365747494e-05,145.117735698,17.66491931643175,8.2,4.5,,0.0221,0.387,13733.1904,15117.9678558798,3,1,15.5,0
2026-09-02T23:35:29+00:00,CsioJDbZethDNdy6M6HV5ECeowF8zm7BFvTBcb7FZeCt,SPCX / USDC,A,140.422762010911,16609.6746659432,4067.2400008934624,4.1,28.0,,0.3139,0.152,753878.1793,6296327.81704001,27,9,82.4,0
2026-09-03T01:29:53+00:00,4tJW2axbTxtT6nKbjB5pZwePtW84cB7E1B6tdCCLGfrC,hyUSD / USDC,A,0.9997049670107584,39118.6471241981,8589.358871017974,4.6,21,,0.0361,0.25,1803694.9426,17151445.9736919,9,14,308.6,0
2026-09-03T01:29:53+00:00,6VZYoRYbZzeLtUf6BEJJgreKK2EEhq2bx2UNU3EvibLc,67coin / SOL,D,1.581639094110743e-05,36.1285244643,17.66491931643175,2.0,4,,0.0326,0.533,13839.3395,15646.7862533332,2,1,15.6,0
2026-09-03T01:29:53+00:00,9R27f7ibnqi9jfk5LdWHRhX7faJBPPZyr5Va35RYWwoo,LAYOOO / SOL,B,0.00042556647227620875,6577.0506194412,3215.727933538163,2.0,61,,0.1748,4.069,89833.3884,401553.284446758,19,16,24.1,0
2026-09-03T01:29:53+00:00,Ayk5yA1PTkjgwn3My9ERGyT55t3Dinyf9zfDFVSuimSb,MEMESLY / SOL,D,8.254062935587454e-06,0.9544036384,0.471780387932208,2.0,0,,0.0013,0.519,5820.3937,8159.355321,2,2,14.9,0
2026-09-03T01:29:53+00:00,CqU5xCL88SMmPZyTborzUc3afYwJjqu51AXsCjH5WJj2,UMPALUMPA / SOL,D,3.7555711293453115e-05,496.9183218587,5.561638714300216,89.3,0.0,,0.0214,0.0,16813.0558,37555.71129,0,1,14.8,0
2026-09-03T01:29:53+00:00,DPAU7wDyMXDgNAfzQYMfyNqmTjzcoRsSPA2LeGH71hgi,SKHY / USDC,A,162.81402946805954,75811.2281385178,27676.841498245452,2.7,5,,0.3306,0.229,2379247.9084,3261308.85953454,9,4,54.0,0
2026-09-03T01:29:53+00:00,ExoRMH6uApXi6abtqfNbcbDsDYvNP5ZC6cYybzZVUoLH,Z / SOL,C,0.00012077785622623851,3986.107917154,1031.8081551818298,3.9,36.5,,0.2762,17.911,38004.4701,118283.66911344,423,227,16.3,0
2026-09-03T06:27:48+00:00,13MEx6gjRadJNUdmToaGSzgeWHLH7FzScUQS9Mc5nYF5,MU / USDC,A,954.6886899182186,110031.753281154,11166.902458356342,9.9,6.0,,0.4582,1.169,4013087.7624,6751864.24962333,11,1,72.7,0
2026-09-03T06:27:48+00:00,DPAU7wDyMXDgNAfzQYMfyNqmTjzcoRsSPA2LeGH71hgi,SKHY / USDC,A,160.11951307286412,79341.6247072782,27676.841498245452,2.9,5.0,,0.4072,0.627,2347248.3644,3205830.8775171,11,1,54.2,0
2026-09-03T06:27:48+00:00,EcGDaedZL6ZPqKHyQThL6epLS1KuHtk94jWcRWXAC8mn,CLUG / SOL,D,2.0457593778319852e-05,2803.8441244907,91.12369139107115,30.8,20.5,,0.2183,7.854,16579.3279,20270.8883883545,22,12,15.2,0
2026-09-03T11:39:13+00:00,13MEx6gjRadJNUdmToaGSzgeWHLH7FzScUQS9Mc5nYF5,MU / USDC,A,952.3509307686312,36687.1430911079,11166.902458356342,3.3,6,,0.4615,0.184,4009055.1268,6720093.24264805,11,0,72.9,0
2026-09-03T11:39:13+00:00,CsioJDbZethDNdy6M6HV5ECeowF8zm7BFvTBcb7FZeCt,SPCX / USDC,A,140.600521516749,90153.5400857857,4067.2400008934624,22.2,28,,0.3405,0.186,755104.6377,6315352.52275202,25,29,82.9,0
2026-09-03T11:39:13+00:00,GwTzkbi3ogqYSphVeSMGaBwdkBvEzBo87dmDWyCxd1aj,BILLY / SOL,C,8.738135480112064e-05,2150.2814744884,112.5001631834917,19.1,6.0,,0.1098,2.347,29295.1536,88104.4736295192,2,1,17.3,0
2026-09-03T15:13:44+00:00,13MEx6gjRadJNUdmToaGSzgeWHLH7FzScUQS9Mc5nYF5,MU / USDC,A,946.6523895214256,666444.766068689,11166.902458356342,59.7,6.0,,0.5541,0.974,3981689.2641,6687811.48880018,19,15,73.0,0
2026-09-03T15:13:44+00:00,4tJW2axbTxtT6nKbjB5pZwePtW84cB7E1B6tdCCLGfrC,hyUSD / USDC,A,0.9982876568277059,104455.276805966,8589.358871017974,12.2,20.5,,0.0291,-0.093,1809967.0251,17162375.3964098,37,33,309.2,0
2026-09-03T15:13:44+00:00,CsioJDbZethDNdy6M6HV5ECeowF8zm7BFvTBcb7FZeCt,SPCX / USDC,A,148.222855026909,332007.540798501,4067.2400008934624,81.6,27.5,,0.3583,0.52,779152.2274,6647637.71344924,78,78,83.1,0
2026-09-03T15:13:44+00:00,DPAU7wDyMXDgNAfzQYMfyNqmTjzcoRsSPA2LeGH71hgi,SKHY / USDC,A,158.96459501055256,75835.8969140613,27676.841498245452,2.7,5.0,,0.5778,0.004,2321925.2419,3165125.53490106,13,4,54.6,0
2026-09-03T15:13:44+00:00,GwTzkbi3ogqYSphVeSMGaBwdkBvEzBo87dmDWyCxd1aj,BILLY / SOL,C,8.81010136991498e-05,472.7856269002,112.5001631834917,4.2,6,,0.1062,-3.787,29420.3109,87186.3409973793,2,2,17.5,0
2026-09-03T18:45:06+00:00,13MEx6gjRadJNUdmToaGSzgeWHLH7FzScUQS9Mc5nYF5,MU / USDC,A,952.212267140714,183372.313036694,11166.902458356342,16.4,6,,0.597,0.803,4012221.2913,6728946.37837624,16,0,73.2,0
2026-09-03T18:45:06+00:00,5Jm4GnWPt62kphmhEET6rjzzFjvsfNxNqdpEuGwp2U9q,EYE / SOL,B,0.0001965354650417741,5339.0989768238,2651.852760074521,2.0,45.0,,0.2483,3.083,63992.1077,196378.946183346,28,28,17.1,0
2026-09-03T18:45:06+00:00,6qjVoJXVLL7JWiknpeqg88SYexdm7KQqWu8Uir3aD4ZJ,TROOPET / SOL,D,8.551841076093463e-06,46.4046778969,4.6963367210753,9.9,1.0,,0.0167,1.406,8475.1267,6948.2371883996,1,0,15.0,0
2026-09-03T18:45:06+00:00,Ayk5yA1PTkjgwn3My9ERGyT55t3Dinyf9zfDFVSuimSb,MEMESLY / SOL,D,8.635144436380722e-06,1.954253364,0.471780387932208,4.1,1,,0.0015,1.235,6087.2929,8635.144436,3,5,15.7,0
2026-09-03T18:45:06+00:00,CsioJDbZethDNdy6M6HV5ECeowF8zm7BFvTBcb7FZeCt,SPCX / USDC,A,151.224132223624,100265.411323729,4067.2400008934624,24.7,28,,0.4142,-0.073,791927.3956,6780613.91477618,37,42,83.2,0
2026-09-03T18:45:06+00:00,EcGDaedZL6ZPqKHyQThL6epLS1KuHtk94jWcRWXAC8mn,CLUG / SOL,D,2.136856035462301e-05,501.7528004666,91.12369139107115,5.5,20,,0.3271,-2.333,17383.5866,21212.6527603208,2,4,15.7,0
2026-09-03T21:25:29+00:00,4tJW2axbTxtT6nKbjB5pZwePtW84cB7E1B6tdCCLGfrC,hyUSD / USDC,A,1.0016925617764167,61501.3666308711,8589.358871017974,7.2,21.0,,0.0347,0.22,1781083.8944,17216004.3853916,18,24,309.5,0
2026-09-03T21:25:29+00:00,5Jm4GnWPt62kphmhEET6rjzzFjvsfNxNqdpEuGwp2U9q,EYE / SOL,B,0.00023960956967375977,18023.7838113432,2651.852760074521,6.8,45,,0.3162,-5.725,70891.3058,239418.747110762,55,60,17.2,0
2026-09-03T21:25:29+00:00,68C62WPYiiNZxprbuaMj2ULXpiTDKcs5xsX7kBGnyajR,MANLET / SOL,C,0.0006361132778382777,31016.612313387,13873.572799437445,2.2,41,,0.1887,10.967,40143.0229,636470.821,66,66,27.9,0
2026-09-03T21:25:29+00:00,CD5HDt23sjGud5VTWsv51BMPey2Qf9qH5cyswWmjBDdq,BULLSHIT / SOL,A,0.0030564721194642195,71962.7374838686,25325.490215492762,2.8,172,,0.2215,-13.22,255688.7391,2989576.37992559,181,144,17.1,0
2026-09-03T21:25:29+00:00,CsioJDbZethDNdy6M6HV5ECeowF8zm7BFvTBcb7FZeCt,SPCX / USDC,A,149.434444785223,18287.8898774182,4067.2400008934624,4.5,28.0,,0.4051,0.101,784992.9906,6698425.39898866,18,19,83.3,0
2026-09-03T21:25:29+00:00,E3H4To39g5m31DyVUGqr7shi4m3DpXUVLngBStfam7E8,Sakadung / SOL,C,5.9370882776353145e-05,3718.1492432142,1511.9976373544682,2.5,29,,0.584,-3.092,24226.9158,59370.88278,28,16,14.8,0
2026-09-03T23:28:56+00:00,5Jm4GnWPt62kphmhEET6rjzzFjvsfNxNqdpEuGwp2U9q,EYE / SOL,B,0.00021810025196363462,12595.8449776652,2651.852760074521,4.7,45.0,,0.4262,4.055,67550.8146,217926.559209465,43,33,17.3,0
2026-09-03T23:28:56+00:00,Ayk5yA1PTkjgwn3My9ERGyT55t3Dinyf9zfDFVSuimSb,MEMESLY / SOL,D,8.565115172828992e-06,4.3824917869,0.471780387932208,9.3,1,,0.0019,1.3,6091.5191,8565.115173,2,1,15.9,0
2026-09-03T23:28:56+00:00,CD5HDt23sjGud5VTWsv51BMPey2Qf9qH5cyswWmjBDdq,BULLSHIT / SOL,A,0.002665284474614601,49686.4568967704,25325.490215492762,2.0,173.0,,0.2747,-6.665,236081.0252,2606950.49783386,184,104,17.2,0
2026-09-03T23:28:56+00:00,EcGDaedZL6ZPqKHyQThL6epLS1KuHtk94jWcRWXAC8mn,CLUG / SOL,D,2.1991631164985687e-05,449.098783091,91.12369139107115,4.9,19,,0.3563,9.502,17645.6412,21831.1775706561,5,3,15.9,0
2026-09-03T23:28:56+00:00,F1w2HgzJHTGVhDdH8u95gjSuWTjchGJfmukTyhXnTJYx,Intismeran / SOL,C,2.9739124510740945e-05,124.4809741366,50.89835200838492,2.4,16.0,,0.0178,-2.169,21201.5713,29739.12451,1,1,15.5,0
2026-09-03T23:28:56+00:00,GwTzkbi3ogqYSphVeSMGaBwdkBvEzBo87dmDWyCxd1aj,BILLY / SOL,C,9.02112843242913e-05,858.1533449336,112.5001631834917,7.6,6.0,,0.0574,0.003,30225.1595,89682.5542215622,2,2,17.8,0
2026-09-04T01:18:58+00:00,13MEx6gjRadJNUdmToaGSzgeWHLH7FzScUQS9Mc5nYF5,MU / USDC,A,960.046109496637,71348.8108376333,11166.902458356342,6.4,6.0,,0.6065,0.356,4036657.005,6784314.3922128,6,0,73.5,0
2026-09-04T01:18:58+00:00,CD5HDt23sjGud5VTWsv51BMPey2Qf9qH5cyswWmjBDdq,BULLSHIT / SOL,A,0.002953399656913474,59544.5721721863,25325.490215492762,2.4,174,,0.3051,-10.033,250411.1298,2888759.82220191,119,159,17.3,0
2026-09-04T01:18:58+00:00,CsioJDbZethDNdy6M6HV5ECeowF8zm7BFvTBcb7FZeCt,SPCX / USDC,A,149.985299178344,9447.6970483156,4067.2400008934624,2.3,27.5,,0.4057,0.035,786615.7485,6722869.19071694,25,21,83.5,0
2026-09-04T01:18:58+00:00,DPAU7wDyMXDgNAfzQYMfyNqmTjzcoRsSPA2LeGH71hgi,SKHY / USDC,A,163.77004574018645,67294.5176585041,27676.841498245452,2.4,5.0,,0.539,0.299,2379124.7128,3241153.8991456,8,9,55.0,0
2026-09-04T01:18:58+00:00,ExoRMH6uApXi6abtqfNbcbDsDYvNP5ZC6cYybzZVUoLH,Z / SOL,C,0.00012324705895927344,6753.3600424828,1031.8081551818298,6.5,36,,0.4041,-16.503,40786.1815,128757.269565777,37,23,17.3,0
2026-09-04T06:27:39+00:00,13MEx6gjRadJNUdmToaGSzgeWHLH7FzScUQS9Mc5nYF5,MU / USDC,A,965.640723517241,36522.5932609735,11166.902458356342,3.3,6,,0.5884,-0.019,4041869.5403,6823849.59791113,0,6,73.7,0
2026-09-04T06:27:39+00:00,DPAU7wDyMXDgNAfzQYMfyNqmTjzcoRsSPA2LeGH71hgi,SKHY / USDC,A,165.0818620138695,74677.0006351012,27676.841498245452,2.7,5,,0.5328,-0.287,2385363.2519,3267115.90205164,10,12,55.2,0
2026-09-04T06:27:39+00:00,EWLKmz6R2tcVKiep4ZZXQYbnBXm96YfhMW97Csn1ZL6P,BOLLOCKS / SOL,D,9.28103824475427e-06,724.2521470072,42.344186576040144,17.1,10,,0.0862,-20.253,8608.6182,9281.038245,7,3,17.4,0
2026-09-04T11:40:36+00:00,13MEx6gjRadJNUdmToaGSzgeWHLH7FzScUQS9Mc5nYF5,MU / USDC,A,973.5568119465694,36519.8694845861,11166.902458356342,3.3,6.0,,0.6285,0.0,4084806.9043,6722077.95938749,0,5,73.9,0
2026-09-04T11:40:36+00:00,6qjVoJXVLL7JWiknpeqg88SYexdm7KQqWu8Uir3aD4ZJ,TROOPET / SOL,D,8.367251765827964e-06,10.0950140856,4.6963367210753,2.1,1,,0.0244,0.0,8371.2749,6798.2612595996,1,0,15.7,0
2026-09-04T11:40:36+00:00,8TbYi38UqcedfptvjN2rURLbGbGub3itp2hgLvvS35hY,DPG / SOL,D,2.1574453476536202e-05,302.6356856752,85.73473585972269,3.5,25.0,,0.0397,0.274,15755.9505,20793.8530052146,2,1,22.9,0
2026-09-04T11:40:36+00:00,CsioJDbZethDNdy6M6HV5ECeowF8zm7BFvTBcb7FZeCt,SPCX / USDC,A,149.066240377729,28511.5257570584,4067.2400008934624,7.0,27.0,,0.3981,-0.869,784917.6217,6658210.51335682,37,18,83.9,0
2026-09-04T11:40:36+00:00,EcGDaedZL6ZPqKHyQThL6epLS1KuHtk94jWcRWXAC8mn,CLUG / SOL,D,1.8616384881815125e-05,198.4328433189,91.12369139107115,2.2,18.0,,0.2627,0.0,16248.9549,18480.557493988,0,1,16.4,0
2026-09-04T11:40:36+00:00,GwTzkbi3ogqYSphVeSMGaBwdkBvEzBo87dmDWyCxd1aj,BILLY / SOL,C,8.377680434328915e-05,221.8116048278,112.5001631834917,2.0,6,,0.0433,-2.235,28464.482,82907.0259705533,1,4,18.3,0
2026-09-04T15:09:02+00:00,13MEx6gjRadJNUdmToaGSzgeWHLH7FzScUQS9Mc5nYF5,MU / USDC,A,997.2674791712338,453725.582314113,11166.902458356342,40.6,6,,0.6134,-0.016,4113918.2868,6856872.03980206,28,16,74.0,0
2026-09-04T15:09:02+00:00,4tJW2axbTxtT6nKbjB5pZwePtW84cB7E1B6tdCCLGfrC,hyUSD / USDC,A,0.9971221792970006,26937.9746778714,8589.358871017974,3.1,20,,0.0334,-0.477,1809406.6047,17228954.610655,30,30,310.2,0
2026-09-04T15:09:02+00:00,5Jm4GnWPt62kphmhEET6rjzzFjvsfNxNqdpEuGwp2U9q,EYE / SOL,B,0.00019157236938927656,5546.7035362537,2651.852760074521,2.1,44.0,,0.5707,-5.046,62524.2564,193506.786427246,48,24,18.0,0
2026-09-04T15:09:02+00:00,CsioJDbZethDNdy6M6HV5ECeowF8zm7BFvTBcb7FZeCt,SPCX / USDC,A,148.722878547628,131005.599638227,4067.2400008934624,32.2,27,,0.3149,-0.563,782615.1325,6634488.59664337,46,49,84.1,0
2026-09-04T15:09:02+00:00,DPAU7wDyMXDgNAfzQYMfyNqmTjzcoRsSPA2LeGH71hgi,SKHY / USDC,A,169.46817151171766,230061.761197967,27676.841498245452,8.3,5,,0.4655,0.244,2421209.1084,3333588.6618151,21,18,55.6,0
2026-09-04T15:09:02+00:00,F1w2HgzJHTGVhDdH8u95gjSuWTjchGJfmukTyhXnTJYx,Intismeran / SOL,D,2.6090391301725986e-05,413.6077897968,50.89835200838492,8.1,16.0,,0.0369,-7.04,19883.1808,26090.3913,4,3,16.1,0
2026-09-04T18:27:14+00:00,13MEx6gjRadJNUdmToaGSzgeWHLH7FzScUQS9Mc5nYF5,MU / USDC,A,997.2764863214325,28755.6821231921,11166.902458356342,2.6,6.0,,0.5505,-0.007,4125605.6243,6367767.00142903,0,6,74.2,0
2026-09-04T18:27:14+00:00,5Jm4GnWPt62kphmhEET6rjzzFjvsfNxNqdpEuGwp2U9q,EYE / SOL,B,0.00022241252715651553,5405.5254685799,2651.852760074521,2.0,44,,0.499,6.768,67018.5244,222235.382557373,12,26,18.1,0
2026-09-04T18:27:14+00:00,Ayk5yA1PTkjgwn3My9ERGyT55t3Dinyf9zfDFVSuimSb,MEMESLY / SOL,D,8.077449355561342e-06,1.795810521,0.471780387932208,3.8,1.0,,0.0059,-1.203,5866.5851,8077.449356,2,1,16.6,0
2026-09-04T18:27:14+00:00,CsioJDbZethDNdy6M6HV5ECeowF8zm7BFvTBcb7FZeCt,SPCX / USDC,A,148.269638553647,35616.7100005092,4067.2400008934624,8.8,27.5,,0.2126,-0.098,781378.6768,6614269.6794122,29,27,84.2,0
2026-09-04T18:27:14+00:00,DPAU7wDyMXDgNAfzQYMfyNqmTjzcoRsSPA2LeGH71hgi,SKHY / USDC,A,173.5773530599049,212718.734721072,27676.841498245452,7.7,5.0,,0.5172,0.032,2453385.3125,3247772.69062975,15,7,55.7,0
2026-09-04T18:27:14+00:00,EWLKmz6R2tcVKiep4ZZXQYbnBXm96YfhMW97Csn1ZL6P,BOLLOCKS / SOL,D,8.896758072371592e-06,181.116467752,42.344186576040144,4.3,10.0,,0.1243,-1.302,8334.7664,8896.758072,1,1,17.9,0
2026-09-04T18:27:14+00:00,F1w2HgzJHTGVhDdH8u95gjSuWTjchGJfmukTyhXnTJYx,Intismeran / SOL,D,2.5100258283278835e-05,227.2387461611,50.89835200838492,4.5,16,,0.0465,-1.707,19076.1092,25100.25828,2,2,16.3,0
2026-09-04T18:27:14+00:00,HttDe6BsDc3y58owhqayQmERsNmWnRzFvDEwJYmxGAx3,Qenis / SOL,A,0.0007082164439369814,31713.6601029381,5958.12062499073,5.3,63.5,,0.1911,21.707,103352.307,677570.623269296,83,80,22.6,0
2026-09-04T20:59:24+00:00,2C7PaLGC7wtQZWR9wa7QT2bthqTDyzcBL6BEYFGdSA5e,Z500 / SOL,C,7.286058488054602e-05,2160.8541819341,1076.8024238179469,2.0,55,,0.5118,-11.945,35852.2277,72700.8640819627,20,17,18.2,0
2026-09-04T20:59:24+00:00,CsioJDbZethDNdy6M6HV5ECeowF8zm7BFvTBcb7FZeCt,SPCX / USDC,A,147.678836372465,22329.581485897,4067.2400008934624,5.5,28,,0.2033,-0.139,779062.4797,6587914.14910201,21,9,84.3,0
2026-09-04T20:59:24+00:00,DPAU7wDyMXDgNAfzQYMfyNqmTjzcoRsSPA2LeGH71hgi,SKHY / USDC,A,175.9595557916748,72249.6748790656,27676.841498245452,2.6,5,,0.5748,-0.017,2466202.0785,3070627.55376504,3,3,55.8,0
2026-09-04T20:59:24+00:00,HttDe6BsDc3y58owhqayQmERsNmWnRzFvDEwJYmxGAx3,Qenis / SOL,A,0.000729683172530514,20036.8165070009,5958.12062499073,3.4,64,,0.2547,28.027,106033.4515,700640.24873729,63,72,22.8,0
2026-09-04T22:59:44+00:00,CsioJDbZethDNdy6M6HV5ECeowF8zm7BFvTBcb7FZeCt,SPCX / USDC,A,147.547903222175,24926.0732233398,4067.2400008934624,6.1,27.5,,0.2096,-0.256,778492.5541,6582073.2556156,5,12,84.4,0
2026-09-04T22:59:44+00:00,HttDe6BsDc3y58owhqayQmERsNmWnRzFvDEwJYmxGAx3,Qenis / SOL,A,0.0007285307135413894,12916.9922556564,5958.12062499073,2.2,63.5,,0.3986,-5.546,106290.2431,702299.756092219,33,60,22.8,0
2026-09-05T00:52:14+00:00,13MEx6gjRadJNUdmToaGSzgeWHLH7FzScUQS9Mc5nYF5,MU / USDC,A,1011.2178064715822,24741.2808734911,11166.902458356342,2.2,6,,0.5498,0.037,4138548.4689,6144136.41231672,0,6,74.4,0
2026-09-05T00:52:14+00:00,Ayk5yA1PTkjgwn3My9ERGyT55t3Dinyf9zfDFVSuimSb,MEMESLY / SOL,D,8.127611022966158e-06,1.1645829407,0.471780387932208,2.5,1,,0.0059,-0.007,5894.9283,8127.611023,2,3,16.9,0
2026-09-05T00:52:14+00:00,EWLKmz6R2tcVKiep4ZZXQYbnBXm96YfhMW97Csn1ZL6P,BOLLOCKS / SOL,D,9.051387798940912e-06,3229.2230722219,42.344186576040144,76.3,10,,0.4913,-17.922,9168.0736,8977.900485,20,18,18.2,0
2026-09-05T05:31:39+00:00,13MEx6gjRadJNUdmToaGSzgeWHLH7FzScUQS9Mc5nYF5,MU / USDC,A,1017.1944559976037,60633.8403400985,11166.902458356342,5.4,5.5,,0.5248,0.383,4148057.1567,6131097.2794253,10,0,74.6,0
2026-09-05T05:31:39+00:00,DPAU7wDyMXDgNAfzQYMfyNqmTjzcoRsSPA2LeGH71hgi,SKHY / USDC,A,176.31145933699082,58200.1388023412,27676.841498245452,2.1,5.0,,0.5196,-0.017,2471519.0136,2896913.54496984,12,0,56.2,0
2026-09-05T05:31:39+00:00,ExoRMH6uApXi6abtqfNbcbDsDYvNP5ZC6cYybzZVUoLH,Z / SOL,C,0.00010188748273531702,2333.8474966695,1031.8081551818298,2.3,35,,0.2182,0.269,35483.026,99783.2230670446,19,10,18.5,0
2026-09-05T05:31:39+00:00,F1w2HgzJHTGVhDdH8u95gjSuWTjchGJfmukTyhXnTJYx,Intismeran / SOL,D,2.4709136475429682e-05,220.4904234719,50.89835200838492,4.3,16,,0.0447,0.0,19044.6218,24709.13648,0,1,16.7,0
2026-09-05T09:25:50+00:00,13MEx6gjRadJNUdmToaGSzgeWHLH7FzScUQS9Mc5nYF5,MU / USDC,A,1011.2729125982031,29820.3210700002,11166.902458356342,2.7,6,,0.4749,-0.001,4152189.848,6105471.25019998,0,5,74.8,0
2026-09-05T09:25:50+00:00,GwTzkbi3ogqYSphVeSMGaBwdkBvEzBo87dmDWyCxd1aj,BILLY / SOL,C,8.286462018536488e-05,476.7988343917,112.5001631834917,4.2,5.0,,0.0309,-5.514,28310.6363,82004.3121990055,0,4,19.2,0
2026-09-05T12:59:10+00:00,4tJW2axbTxtT6nKbjB5pZwePtW84cB7E1B6tdCCLGfrC,hyUSD / USDC,A,0.9987032074581434,18739.2389259499,8589.358871017974,2.2,20.0,,0.0299,0.111,1810366.1699,16985780.4619961,15,10,311.1,0
2026-09-05T12:59:10+00:00,EcGDaedZL6ZPqKHyQThL6epLS1KuHtk94jWcRWXAC8mn,CLUG / SOL,D,1.9655079516121193e-05,196.8504592097,91.12369139107115,2.2,17.0,,0.0919,-2.743,16577.374,19511.673692807,0,2,17.5,0
2026-09-05T12:59:10+00:00,F1w2HgzJHTGVhDdH8u95gjSuWTjchGJfmukTyhXnTJYx,Intismeran / SOL,D,2.5013685532308128e-05,132.3173939528,50.89835200838492,2.6,16,,0.0493,-0.753,19133.3554,25013.68553,1,3,17.0,0
2026-09-05T15:58:56+00:00,4tJW2axbTxtT6nKbjB5pZwePtW84cB7E1B6tdCCLGfrC,hyUSD / USDC,A,0.9969139516532838,42860.0598085152,8589.358871017974,5.0,20,,0.0319,-0.288,1757616.8264,16958229.9730271,24,21,311.2,0
2026-09-05T15:58:56+00:00,ExoRMH6uApXi6abtqfNbcbDsDYvNP5ZC6cYybzZVUoLH,Z / SOL,C,9.662378609921786e-05,2260.7084531245,1031.8081551818298,2.2,34.5,,0.24,8.422,34175.4219,94628.2364280917,221,127,18.9,0
2026-09-05T18:11:18+00:00,6VZYoRYbZzeLtUf6BEJJgreKK2EEhq2bx2UNU3EvibLc,67coin / SOL,D,1.5954025829049294e-05,39.1577164561,17.66491931643175,2.2,3.0,,0.031,0.0,14315.7808,15782.925431332,0,1,18.3,0
2026-09-05T18:11:18+00:00,A9W9TH82joZ23fz1M1sNoFGrm2RnPJTk5hnD8stDs8LV,AXE / SOL,C,0.00017333526958428536,680.849935526,276.94631578926936,2.5,10,,0.0169,-5.673,42789.551,172352.646582994,2,1,17.9,0
2026-09-05T18:11:18+00:00,Ayk5yA1PTkjgwn3My9ERGyT55t3Dinyf9zfDFVSuimSb,MEMESLY / SOL,D,8.319740921576877e-06,1.97665034,0.471780387932208,4.2,0.5,,0.0018,0.371,5965.0593,8319.740922,1,6,17.6,0
2026-09-05T20:26:31+00:00,4tJW2axbTxtT6nKbjB5pZwePtW84cB7E1B6tdCCLGfrC,hyUSD / USDC,A,0.9998461824970701,43827.7150405003,8589.358871017974,5.1,20,,0.0207,0.491,1763782.7038,17004747.4253027,15,22,311.4,0
2026-09-05T20:26:31+00:00,Ayk5yA1PTkjgwn3My9ERGyT55t3Dinyf9zfDFVSuimSb,MEMESLY / SOL,D,8.3953973079691e-06,1.6964021588,0.471780387932208,3.6,1,,0.0022,-0.274,5991.2787,8395.397308,4,5,17.7,0
2026-09-05T20:26:31+00:00,E3H4To39g5m31DyVUGqr7shi4m3DpXUVLngBStfam7E8,Sakadung / SOL,C,4.4357435517237456e-05,3580.4945488703,1511.9976373544682,2.4,26.0,,0.4559,12.388,20830.6978,44982.98271,26,25,16.7,0
2026-09-05T20:26:31+00:00,EcGDaedZL6ZPqKHyQThL6epLS1KuHtk94jWcRWXAC8mn,CLUG / SOL,D,1.960549637105853e-05,438.7098278722,91.12369139107115,4.8,17,,0.1278,-5.797,16934.6017,19462.4523074406,2,3,17.8,0
2026-09-05T20:26:31+00:00,GwTzkbi3ogqYSphVeSMGaBwdkBvEzBo87dmDWyCxd1aj,BILLY / SOL,C,8.476281123826913e-05,263.5021097318,112.5001631834917,2.3,5.0,,0.0196,-0.398,28452.0355,83882.7960576251,1,1,19.7,0
2026-09-05T22:13:21+00:00,5Jm4GnWPt62kphmhEET6rjzzFjvsfNxNqdpEuGwp2U9q,EYE / SOL,B,0.00022946877724191352,5746.5251298084,2651.852760074521,2.2,43,,0.1804,11.84,69621.2064,229285.114032467,14,29,19.3,0
2026-09-05T22:13:21+00:00,68C62WPYiiNZxprbuaMj2ULXpiTDKcs5xsX7kBGnyajR,MANLET / SOL,B,0.0009096184139856372,112523.47083254,13873.572799437445,8.1,40,,0.2801,40.678,54131.7836,882853.9085,354,299,29.9,0
2026-09-05T22:13:21+00:00,6VZYoRYbZzeLtUf6BEJJgreKK2EEhq2bx2UNU3EvibLc,67coin / SOL,D,1.5160116441302413e-05,191.9564615686,17.66491931643175,10.9,3.0,,0.047,-2.416,13945.301,14997.5303946734,0,2,18.4,0
2026-09-05T22:13:21+00:00,8TbYi38UqcedfptvjN2rURLbGbGub3itp2hgLvvS35hY,DPG / SOL,D,5.8816947267248235e-06,602.7944284151,85.73473585972269,7.0,24.0,,0.2541,-20.858,7860.2219,5668.8848040605,3,3,24.3,0
2026-09-05T23:58:15+00:00,6VZYoRYbZzeLtUf6BEJJgreKK2EEhq2bx2UNU3EvibLc,67coin / SOL,D,1.4870536246208662e-05,47.8703447699,17.66491931643175,2.7,3,,0.0522,-0.821,13673.527,14711.0558337155,0,2,18.5,0
2026-09-05T23:58:15+00:00,A9W9TH82joZ23fz1M1sNoFGrm2RnPJTk5hnD8stDs8LV,AXE / SOL,C,0.00015203765607737612,680.9175505841,276.94631578926936,2.5,10.0,,0.0267,-4.851,39199.8553,151175.767456793,1,2,18.2,0
2026-09-05T23:58:15+00:00,Ayk5yA1PTkjgwn3My9ERGyT55t3Dinyf9zfDFVSuimSb,MEMESLY / SOL,D,8.264705459027243e-06,2.7506191476,0.471780387932208,5.8,1,,0.0021,-1.301,5991.6765,8264.705459,3,1,17.9,0
2026-09-06T04:25:42+00:00,4tJW2axbTxtT6nKbjB5pZwePtW84cB7E1B6tdCCLGfrC,hyUSD / USDC,A,0.9986419017517224,45054.1217411896,8589.358871017974,5.2,20.0,,0.0321,0.071,1763313.4403,17109753.8197176,37,26,311.7,0
2026-09-06T04:25:42+00:00,68C62WPYiiNZxprbuaMj2ULXpiTDKcs5xsX7kBGnyajR,MANLET / SOL,B,0.0018243653138363325,70954.9953998232,13873.572799437445,5.1,40,,0.3557,4.146,77490.0354,1901398.567,97,137,30.2,0
2026-09-06T04:25:42+00:00,8TbYi38UqcedfptvjN2rURLbGbGub3itp2hgLvvS35hY,DPG / SOL,D,6.175289137086343e-06,185.1681198721,85.73473585972269,2.2,24.0,,0.2525,-6.859,7780.867,5951.8564587718,3,5,24.6,0
2026-09-06T04:25:42+00:00,CD5HDt23sjGud5VTWsv51BMPey2Qf9qH5cyswWmjBDdq,BULLSHIT / SOL,A,0.0026073414612177727,62600.0822573985,25325.490215492762,2.5,161,,0.2314,21.99,238721.6684,2550265.84954012,108,173,19.4,0
2026-09-06T04:25:42+00:00,CsioJDbZethDNdy6M6HV5ECeowF8zm7BFvTBcb7FZeCt,SPCX / USDC,A,150.339709760983,9201.0582727142,4067.2400008934624,2.3,26.5,,0.017,-0.159,787675.4684,6706614.99412765,26,33,85.6,0
2026-09-06T04:25:42+00:00,E3H4To39g5m31DyVUGqr7shi4m3DpXUVLngBStfam7E8,Sakadung / SOL,C,7.586663850281207e-05,7035.8852996773,1511.9976373544682,4.7,26,,0.4349,83.287,27657.1001,75866.6385,30,29,17.1,0
2026-09-06T08:49:37+00:00,13MEx6gjRadJNUdmToaGSzgeWHLH7FzScUQS9Mc5nYF5,MU / USDC,A,1021.3877362553484,26372.909277794,11166.902458356342,2.4,5,,0.0324,0.006,4150045.5454,6156686.00181368,22,0,75.8,0
2026-09-06T08:49:37+00:00,4tJW2axbTxtT6nKbjB5pZwePtW84cB7E1B6tdCCLGfrC,hyUSD / USDC,A,1.0012106471811912,70873.8551113895,8589.358871017974,8.3,20,,0.0393,0.077,1766137.0836,17091780.7505769,21,3,311.9,0
2026-09-06T08:49:37+00:00,CsioJDbZethDNdy6M6HV5ECeowF8zm7BFvTBcb7FZeCt,SPCX / USDC,A,150.779436073095,8067.1247364579,4067.2400008934624,2.0,26,,0.0202,-0.035,789458.5661,6726231.06949942,22,16,85.8,0
2026-09-06T12:47:39+00:00,13MEx6gjRadJNUdmToaGSzgeWHLH7FzScUQS9Mc5nYF5,MU / USDC,A,1025.3591153984055,65272.4056083884,11166.902458356342,5.8,5.0,,0.0478,-0.203,4173152.8541,6162675.41522792,8,1,75.9,0
2026-09-06T12:47:39+00:00,2C7PaLGC7wtQZWR9wa7QT2bthqTDyzcBL6BEYFGdSA5e,Z500 / SOL,C,5.6374353377627385e-05,2235.1203031163,1076.8024238179469,2.1,51.0,,0.3609,-6.893,31933.7494,56250.0253768957,24,9,19.9,0
2026-09-06T12:47:39+00:00,4tJW2axbTxtT6nKbjB5pZwePtW84cB7E1B6tdCCLGfrC,hyUSD / USDC,A,0.9991254640130772,26781.7824852231,8589.358871017974,3.1,20.0,,0.0425,-0.124,1768176.8395,17040620.9692452,33,12,312.1,0
2026-09-06T12:47:39+00:00,68C62WPYiiNZxprbuaMj2ULXpiTDKcs5xsX7kBGnyajR,MANLET / SOL,B,0.0015204764944374617,32881.0552611334,13873.572799437445,2.4,40,,0.6403,-0.622,82603.1167,1520476.494,96,85,30.5,0
2026-09-06T12:47:39+00:00,EWLKmz6R2tcVKiep4ZZXQYbnBXm96YfhMW97Csn1ZL6P,BOLLOCKS / SOL,D,9.60611038573814e-06,103.3083192137,42.344186576040144,2.4,9.0,,0.0217,1.948,8754.0331,9606.110386,2,0,19.7,0
2026-09-06T16:07:30+00:00,2C7PaLGC7wtQZWR9wa7QT2bthqTDyzcBL6BEYFGdSA5e,Z500 / SOL,C,5.589765990650942e-05,2523.0094292107,1076.8024238179469,2.3,50,,0.4543,5.444,31426.0182,55190.6086288392,15,15,20.0,0
2026-09-06T16:07:30+00:00,4tJW2axbTxtT6nKbjB5pZwePtW84cB7E1B6tdCCLGfrC,hyUSD / USDC,A,0.9996653392362531,67675.795347888,8589.358871017974,7.9,20,,0.0441,0.26,1773690.1668,17061709.1634967,56,13,312.2,0
2026-09-06T16:07:30+00:00,5Jm4GnWPt62kphmhEET6rjzzFjvsfNxNqdpEuGwp2U9q,EYE / SOL,B,0.00020725014196217744,6594.6613543355,2651.852760074521,2.5,42.0,,0.3249,0.348,66489.2474,206796.095543206,38,18,20.0,0
2026-09-06T16:07:30+00:00,68C62WPYiiNZxprbuaMj2ULXpiTDKcs5xsX7kBGnyajR,MANLET / SOL,B,0.0018230560063665635,47291.4326096131,13873.572799437445,3.4,40.5,,0.6172,5.88,76432.186,1748541.261,77,85,30.7,0
2026-09-06T16:07:30+00:00,6qjVoJXVLL7JWiknpeqg88SYexdm7KQqWu8Uir3aD4ZJ,TROOPET / SOL,D,1.1069752166424458e-05,41.531449088,4.6963367210753,8.8,1.0,,0.1033,-0.198,10026.2729,8994.0005912665,1,1,17.9,0
2026-09-06T16:07:30+00:00,A9W9TH82joZ23fz1M1sNoFGrm2RnPJTk5hnD8stDs8LV,AXE / SOL,C,0.00016777788476832846,688.8399584697,276.94631578926936,2.5,10.0,,0.0234,0.0,39635.8413,166826.766128483,1,1,18.8,0
2026-09-06T16:07:30+00:00,CD5HDt23sjGud5VTWsv51BMPey2Qf9qH5cyswWmjBDdq,BULLSHIT / SOL,A,0.0020245898865240215,49650.2423597496,25325.490215492762,2.0,159.5,,0.3619,-6.366,211802.8552,1980767.22354789,149,105,19.9,0
2026-09-06T16:07:30+00:00,CsioJDbZethDNdy6M6HV5ECeowF8zm7BFvTBcb7FZeCt,SPCX / USDC,A,150.051183819204,18648.5328110449,4067.2400008934624,4.6,26,,0.0247,0.416,788399.8567,6709688.48646694,33,41,86.1,0
2026-09-06T16:07:30+00:00,EWLKmz6R2tcVKiep4ZZXQYbnBXm96YfhMW97Csn1ZL6P,BOLLOCKS / SOL,D,1.03505538622733e-05,146.1172025475,42.344186576040144,3.5,9,,0.0523,1.503,9245.3501,10350.55386,2,2,19.8,0
2026-09-06T16:07:30+00:00,ExoRMH6uApXi6abtqfNbcbDsDYvNP5ZC6cYybzZVUoLH,Z / SOL,C,7.825212082011568e-05,3039.2116490916,1031.8081551818298,2.9,33.5,,0.2736,-6.817,32417.0712,82016.8049288161,14,9,19.9,0
2026-09-06T18:20:32+00:00,4tJW2axbTxtT6nKbjB5pZwePtW84cB7E1B6tdCCLGfrC,hyUSD / USDC,A,1.0019632178814757,59005.4816081302,8589.358871017974,6.9,20.0,,0.0484,0.214,1832962.4563,17023365.1075103,43,16,312.3,0
2026-09-06T18:20:32+00:00,68C62WPYiiNZxprbuaMj2ULXpiTDKcs5xsX7kBGnyajR,MANLET / SOL,B,0.0021363114748464878,160624.549717918,13873.572799437445,11.6,41,,0.6903,-12.465,94416.3978,2134996.583,346,250,30.8,0
2026-09-06T18:20:32+00:00,9R27f7ibnqi9jfk5LdWHRhX7faJBPPZyr5Va35RYWwoo,LAYOOO / SOL,A,0.0009481635013675753,89681.5072393763,3215.727933538163,27.9,55.5,,0.6851,-10.574,141787.9859,894659.477201264,206,301,27.8,0
2026-09-06T18:20:32+00:00,A9W9TH82joZ23fz1M1sNoFGrm2RnPJTk5hnD8stDs8LV,AXE / SOL,C,0.0001526910302954781,1173.8229067698,276.94631578926936,4.2,10,,0.0283,-9.414,39171.9079,151825.437733586,2,2,18.9,0
2026-09-06T18:20:32+00:00,CsioJDbZethDNdy6M6HV5ECeowF8zm7BFvTBcb7FZeCt,SPCX / USDC,A,150.724548822338,196266.884529738,4067.2400008934624,48.3,26.0,,0.0608,0.238,789649.6543,6730763.47314128,503,468,86.2,0
2026-09-06T20:43:28+00:00,4tJW2axbTxtT6nKbjB5pZwePtW84cB7E1B6tdCCLGfrC,hyUSD / USDC,A,1.001910821160904,17744.9258597312,8589.358871017974,2.1,20,,0.0505,0.181,1833970.8618,17055367.4955774,13,15,312.4,0
2026-09-06T20:43:28+00:00,68C62WPYiiNZxprbuaMj2ULXpiTDKcs5xsX7kBGnyajR,MANLET / SOL,B,0.0014088055877336482,34220.731685882,13873.572799437445,2.5,41.0,,1.1774,0.742,71652.198,1407932.129,86,94,30.9,0
2026-09-06T20:43:28+00:00,6qjVoJXVLL7JWiknpeqg88SYexdm7KQqWu8Uir3aD4ZJ,TROOPET / SOL,D,9.162126200752407e-06,44.0027861258,4.6963367210753,9.4,1.0,,0.2074,0.0,8801.1724,7444.0843122373,1,0,18.1,0
2026-09-06T20:43:28+00:00,9R27f7ibnqi9jfk5LdWHRhX7faJBPPZyr5Va35RYWwoo,LAYOOO / SOL,A,0.0010396935461883655,12904.0306155517,3215.727933538163,4.0,56,,0.7136,-4.968,148349.0446,981024.535420142,32,58,27.9,0
2026-09-06T20:43:28+00:00,EWLKmz6R2tcVKiep4ZZXQYbnBXm96YfhMW97Csn1ZL6P,BOLLOCKS / SOL,D,1.0038540044007864e-05,186.4258036841,42.344186576040144,4.4,9,,0.0832,0.0,9222.7321,10038.54004,0,1,20.0,0
2026-09-06T20:43:28+00:00,HttDe6BsDc3y58owhqayQmERsNmWnRzFvDEwJYmxGAx3,Qenis / SOL,B,0.0005426169886292283,12593.067142275,5958.12062499073,2.1,60,,0.1635,-7.775,93600.6179,523079.892117271,59,22,24.7,0
2026-09-06T22:26:27+00:00,4tJW2axbTxtT6nKbjB5pZwePtW84cB7E1B6tdCCLGfrC,hyUSD / USDC,A,0.99783324815094,22440.8552889886,8589.358871017974,2.6,20.0,,0.0522,-0.446,1830434.7777,16941073.0625783,9,20,312.5,0
2026-09-06T22:26:27+00:00,68C62WPYiiNZxprbuaMj2ULXpiTDKcs5xsX7kBGnyajR,MANLET / SOL,B,0.0014315784723901842,42161.2187525186,13873.572799437445,3.0,41,,1.1306,14.887,88669.8007,1431578.472,72,108,30.9,0
2026-09-06T22:26:27+00:00,9R27f7ibnqi9jfk5LdWHRhX7faJBPPZyr5Va35RYWwoo,LAYOOO / SOL,A,0.0008472130032016529,30987.305137519,3215.727933538163,9.6,55.5,,0.936,-22.931,133567.9167,799405.503731176,149,48,28.0,0
2026-09-06T22:26:27+00:00,Ayk5yA1PTkjgwn3My9ERGyT55t3Dinyf9zfDFVSuimSb,MEMESLY / SOL,D,8.485254772612455e-06,1.1426421374,0.471780387932208,2.4,1.0,,0.0013,-0.328,6057.5544,8485.254773,4,5,18.8,0
2026-09-07T00:17:28+00:00,13MEx6gjRadJNUdmToaGSzgeWHLH7FzScUQS9Mc5nYF5,MU / USDC,A,1025.588103405255,89491.4173555805,11166.902458356342,8.0,5,,0.1037,0.441,4157566.0131,5998595.02041922,13,1,76.4,0
2026-09-07T00:17:28+00:00,9R27f7ibnqi9jfk5LdWHRhX7faJBPPZyr5Va35RYWwoo,LAYOOO / SOL,A,0.000816125114212553,15553.2674653492,3215.727933538163,4.8,56,,1.002,-3.151,131089.9837,770071.877509534,130,63,28.1,0
2026-09-07T00:17:28+00:00,Ayk5yA1PTkjgwn3My9ERGyT55t3Dinyf9zfDFVSuimSb,MEMESLY / SOL,D,8.53701432012438e-06,1.2507693701,0.471780387932208,2.7,1,,0.0011,-1.415,6175.3704,8537.01432,2,2,18.9,0
2026-09-07T00:17:28+00:00,CsioJDbZethDNdy6M6HV5ECeowF8zm7BFvTBcb7FZeCt,SPCX / USDC,A,150.514992113401,21614.3715800482,4067.2400008934624,5.3,26,,0.0667,-0.176,778391.1948,6714434.29341188,28,13,86.4,0
2026-09-07T00:17:28+00:00,DPAU7wDyMXDgNAfzQYMfyNqmTjzcoRsSPA2LeGH71hgi,SKHY / USDC,A,177.73737385726102,106507.813877415,27676.841498245452,3.8,4,,0.1488,1.023,2475447.0503,2920341.24135184,17,22,58.0,0
2026-09-07T00:17:28+00:00,EWLKmz6R2tcVKiep4ZZXQYbnBXm96YfhMW97Csn1ZL6P,BOLLOCKS / SOL,D,9.610927152376078e-06,86.0461453436,42.344186576040144,2.0,9,,0.0951,0.0,8923.1863,9610.927152,0,1,20.2,0
2026-09-07T00:17:28+00:00,ExoRMH6uApXi6abtqfNbcbDsDYvNP5ZC6cYybzZVUoLH,Z / SOL,C,0.00010744430408002178,3982.2159400079,1031.8081551818298,3.9,32.5,,0.293,29.742,36617.6398,105225.259520511,21,11,20.3,0
2026-09-07T05:07:06+00:00,13MEx6gjRadJNUdmToaGSzgeWHLH7FzScUQS9Mc5nYF5,MU / USDC,A,1033.4832376399563,84799.1996202195,11166.902458356342,7.6,5.0,,0.1527,0.197,4172629.1888,6044772.61478087,15,6,76.6,0
2026-09-07T05:07:06+00:00,9R27f7ibnqi9jfk5LdWHRhX7faJBPPZyr5Va35RYWwoo,LAYOOO / SOL,A,0.0011234101267159587,11485.5082896558,3215.727933538163,3.6,56.0,,0.8036,15.859,154133.1594,1060017.06191841,60,70,28.3,0
2026-09-07T05:07:06+00:00,Ayk5yA1PTkjgwn3My9ERGyT55t3Dinyf9zfDFVSuimSb,MEMESLY / SOL,D,8.38870570028913e-06,13.9249393037,0.471780387932208,29.5,1.0,,0.0027,0.0,6099.269,8388.7057,0,1,19.1,0
2026-09-07T05:07:06+00:00,CqU5xCL88SMmPZyTborzUc3afYwJjqu51AXsCjH5WJj2,UMPALUMPA / SOL,D,3.901780170316425e-05,15.3880373271,5.561638714300216,2.8,0,,0.0022,0.086,16749.3117,39017.8017,2,0,18.9,0
2026-09-07T05:07:06+00:00,ExoRMH6uApXi6abtqfNbcbDsDYvNP5ZC6cYybzZVUoLH,Z / SOL,C,0.00011776126927856626,4580.2294015903,1031.8081551818298,4.4,32,,0.2992,-5.936,38861.6132,115329.148691068,15,16,20.5,0
2026-09-07T10:22:57+00:00,4tJW2axbTxtT6nKbjB5pZwePtW84cB7E1B6tdCCLGfrC,hyUSD / USDC,A,0.9942473017072787,79209.8446478341,8589.358871017974,9.2,20,,0.0453,-0.55,1830837.268,16946837.3270233,16,15,313.0,0
2026-09-07T10:22:57+00:00,68C62WPYiiNZxprbuaMj2ULXpiTDKcs5xsX7kBGnyajR,MANLET / SOL,B,0.0009426185669672949,27590.4519229436,13873.572799437445,2.0,41.0,,1.2543,-7.231,58159.0089,940019.313,84,62,31.4,0
2026-09-07T10:22:57+00:00,9R27f7ibnqi9jfk5LdWHRhX7faJBPPZyr5Va35RYWwoo,LAYOOO / SOL,A,0.0013040302847748826,20096.2530486764,3215.727933538163,6.2,56,,0.7475,-4.369,165665.687,1217350.52639478,69,41,28.5,0
2026-09-07T10:22:57+00:00,GwTzkbi3ogqYSphVeSMGaBwdkBvEzBo87dmDWyCxd1aj,BILLY / SOL,C,8.672770323425934e-05,343.5022071137,112.5001631834917,3.1,5.0,,0.0155,-1.446,29189.1602,85827.2883610452,1,2,21.3,0
2026-09-07T16:00:58+00:00,4tJW2axbTxtT6nKbjB5pZwePtW84cB7E1B6tdCCLGfrC,hyUSD / USDC,A,0.9987007708778524,79554.1866588646,8589.358871017974,9.3,20.0,,0.0489,-0.322,1841414.8267,17025861.4150183,39,25,313.2,0
2026-09-07T16:00:58+00:00,68C62WPYiiNZxprbuaMj2ULXpiTDKcs5xsX7kBGnyajR,MANLET / SOL,C,0.0007545734966107126,38353.5336699826,13873.572799437445,2.8,41,,1.4617,-18.369,44413.4314,741759.0384,120,92,31.7,0
2026-09-07T16:00:58+00:00,6qjVoJXVLL7JWiknpeqg88SYexdm7KQqWu8Uir3aD4ZJ,TROOPET / SOL,D,8.940307717919418e-06,30.6458913509,4.6963367210753,6.5,1,,0.0925,-0.936,8675.376,7263.8602623564,0,2,18.9,0
2026-09-07T16:00:58+00:00,9R27f7ibnqi9jfk5LdWHRhX7faJBPPZyr5Va35RYWwoo,LAYOOO / SOL,A,0.0009096057184339648,8428.261004407,3215.727933538163,2.6,56.0,,1.1146,3.626,136390.7455,858277.436062126,62,51,28.7,0
2026-09-07T16:00:58+00:00,CD5HDt23sjGud5VTWsv51BMPey2Qf9qH5cyswWmjBDdq,BULLSHIT / SOL,A,0.0015359482555393667,53068.2709492795,25325.490215492762,2.1,153,,0.32,-14.563,181015.308,1502325.33944383,197,111,20.9,0
2026-09-07T16:00:58+00:00,CsioJDbZethDNdy6M6HV5ECeowF8zm7BFvTBcb7FZeCt,SPCX / USDC,A,149.371016488614,13792.5063964647,4067.2400008934624,3.4,26.0,,0.0614,-0.723,774338.3537,6663401.18336139,36,42,87.1,0
2026-09-07T19:53:08+00:00,4tJW2axbTxtT6nKbjB5pZwePtW84cB7E1B6tdCCLGfrC,hyUSD / USDC,A,1.0026904349797041,63087.1581323518,8589.358871017974,7.3,20,,0.0556,0.029,1844095.0135,17024463.1335296,5,25,313.4,0
2026-09-07T19:53:08+00:00,Ayk5yA1PTkjgwn3My9ERGyT55t3Dinyf9zfDFVSuimSb,MEMESLY / SOL,D,8.329828360485124e-06,1.7517409393,0.471780387932208,3.7,1,,0.0043,0.505,6036.9894,8329.82836,6,5,19.7,0
2026-09-07T19:53:08+00:00,CD5HDt23sjGud5VTWsv51BMPey2Qf9qH5cyswWmjBDdq,BULLSHIT / SOL,A,0.0014185078197046222,74715.5581311194,25325.490215492762,3.0,154.0,,0.3092,-10.116,177043.0248,1387183.00987714,228,169,21.0,0
2026-09-07T19:53:08+00:00,CsioJDbZethDNdy6M6HV5ECeowF8zm7BFvTBcb7FZeCt,SPCX / USDC,A,150.047098748289,14892.0727691232,4067.2400008934624,3.7,26,,0.0245,0.161,777270.6231,6693561.03254256,26,32,87.3,0
2026-09-07T22:43:15+00:00,4tJW2axbTxtT6nKbjB5pZwePtW84cB7E1B6tdCCLGfrC,hyUSD / USDC,A,0.9999652513848438,38443.3320778163,8589.358871017974,4.5,20.0,,0.0571,0.269,1843705.0973,17015542.4945647,7,14,313.5,0
2026-09-07T22:43:15+00:00,5Jm4GnWPt62kphmhEET6rjzzFjvsfNxNqdpEuGwp2U9q,EYE / SOL,B,0.00017770364566373307,6917.6880721914,2651.852760074521,2.6,41,,0.3159,2.415,60772.5343,177561.057821524,37,23,21.3,0
2026-09-07T22:43:15+00:00,9R27f7ibnqi9jfk5LdWHRhX7faJBPPZyr5Va35RYWwoo,LAYOOO / SOL,A,0.0008807606425078519,105602.322145356,3215.727933538163,32.8,56.0,,0.4292,9.888,137067.2642,831060.06342949,226,220,29.0,0
2026-09-07T22:43:15+00:00,CsioJDbZethDNdy6M6HV5ECeowF8zm7BFvTBcb7FZeCt,SPCX / USDC,A,149.949141895818,15269.899025611,4067.2400008934624,3.8,26.0,,0.0263,-0.106,776434.5849,6689191.20349399,21,26,87.4,0
2026-09-08T00:44:00+00:00,13MEx6gjRadJNUdmToaGSzgeWHLH7FzScUQS9Mc5nYF5,MU / USDC,A,1044.069019594541,575177.122280155,11166.902458356342,51.5,5,,0.228,1.226,4176381.4001,5984290.44868104,63,67,77.4,0
2026-09-08T00:44:00+00:00,68C62WPYiiNZxprbuaMj2ULXpiTDKcs5xsX7kBGnyajR,MANLET / SOL,C,0.0007456626294382665,14481.4789024702,3759.475638725091,3.9,41.0,,0.6169,-0.159,35198.3952,745662.6294,47,34,32.0,0
2026-09-08T00:44:00+00:00,6VZYoRYbZzeLtUf6BEJJgreKK2EEhq2bx2UNU3EvibLc,67coin / SOL,D,1.8819711255440782e-05,2024.474786924,17.66491931643175,114.6,3,,0.176,19.839,15604.613,18612.6801809521,19,11,20.6,0
2026-09-08T00:44:00+00:00,6qjVoJXVLL7JWiknpeqg88SYexdm7KQqWu8Uir3aD4ZJ,TROOPET / SOL,D,8.927585019902555e-06,10.9803162903,2.145730809467815,5.1,1.0,,0.0093,-0.075,8713.7899,7253.5232691178,1,2,19.2,0
2026-09-08T00:44:00+00:00,9R27f7ibnqi9jfk5LdWHRhX7faJBPPZyr5Va35RYWwoo,LAYOOO / SOL,A,0.000838275565216238,16228.8237290957,776.6816379473606,20.9,56,,0.4704,-3.304,131577.2808,790972.383154035,92,65,29.1,0
2026-09-08T00:44:00+00:00,DPAU7wDyMXDgNAfzQYMfyNqmTjzcoRsSPA2LeGH71hgi,SKHY / USDC,A,183.47655515746388,398721.118744359,27676.841498245452,14.4,4,,0.2526,1.613,2516577.3719,3011758.86658509,34,15,59.0,0
2026-09-08T05:21:35+00:00,13MEx6gjRadJNUdmToaGSzgeWHLH7FzScUQS9Mc5nYF5,MU / USDC,A,1048.2740119547123,115462.006983421,11166.902458356342,10.3,5.0,,0.233,-0.204,4180779.8794,5842664.27562871,32,46,77.6,0
2026-09-08T05:21:35+00:00,4tJW2axbTxtT6nKbjB5pZwePtW84cB7E1B6tdCCLGfrC,hyUSD / USDC,A,0.9999419159057268,35207.5766231748,7134.928298235911,4.9,20.0,,0.0539,-0.192,1840987.8292,17129543.0615585,29,17,313.8,0
2026-09-08T05:21:35+00:00,68C62WPYiiNZxprbuaMj2ULXpiTDKcs5xsX7kBGnyajR,MANLET / SOL,C,0.0008101729789594335,14967.6477165118,3759.475638725091,4.0,41,,0.5331,-9.562,47595.6426,810172.979,62,26,32.2,0
2026-09-08T05:21:35+00:00,9R27f7ibnqi9jfk5LdWHRhX7faJBPPZyr5Va35RYWwoo,LAYOOO / SOL,A,0.0008397501192285888,2787.7784828577,776.6816379473606,3.6,56.5,,0.3946,4.648,132170.3959,792363.721549883,11,8,29.3,0
2026-09-08T05:21:35+00:00,CsioJDbZethDNdy6M6HV5ECeowF8zm7BFvTBcb7FZeCt,SPCX / USDC,A,149.60120561664,18328.9981773857,4067.2400008934624,4.5,26.0,,0.0233,-0.091,775620.6213,6673669.85893159,18,17,87.6,0
2026-09-08T05:21:35+00:00,DPAU7wDyMXDgNAfzQYMfyNqmTjzcoRsSPA2LeGH71hgi,SKHY / USDC,A,186.0420341227674,177641.565539242,27676.841498245452,6.4,4.0,,0.3793,-0.993,2484501.4048,2796892.91182143,13,20,59.2,0
2026-09-08T10:01:25+00:00,13MEx6gjRadJNUdmToaGSzgeWHLH7FzScUQS9Mc5nYF5,MU / USDC,A,1032.947076284181,130352.791907404,11166.902458356342,11.7,5,,0.4283,0.723,4174309.8724,5640379.29303459,13,3,77.8,0
2026-09-08T10:01:25+00:00,8TbYi38UqcedfptvjN2rURLbGbGub3itp2hgLvvS35hY,DPG / SOL,D,6.168522630644593e-06,0.1150790746,0.037627829808973924,3.1,23,,0.0238,0.141,7502.1864,5945.3347767022,3,1,26.8,0
2026-09-08T10:01:25+00:00,CsioJDbZethDNdy6M6HV5ECeowF8zm7BFvTBcb7FZeCt,SPCX / USDC,A,149.645446751579,11365.3218937733,4067.2400008934624,2.8,26,,0.0282,0.608,775575.4494,6675643.37187869,10,33,87.8,0
2026-09-08T10:01:25+00:00,DPAU7wDyMXDgNAfzQYMfyNqmTjzcoRsSPA2LeGH71hgi,SKHY / USDC,A,180.55765864079768,59078.0409322406,27676.841498245452,2.1,4,,0.7269,0.211,2465202.9967,2595268.85041211,16,13,59.4,0
2026-09-08T14:35:20+00:00,13MEx6gjRadJNUdmToaGSzgeWHLH7FzScUQS9Mc5nYF5,MU / USDC,A,1019.4729812189621,1400449.91583747,11166.902458356342,125.4,5.0,,0.7704,-1.575,4159305.5931,5509740.61679201,56,46,78.0,0
2026-09-08T14:35:20+00:00,4NfzEdfdSxzsdTUvkCf8UwmMdcV5bq7szcUoQdXFKPm3,BUY / SOL,D,4.923467328002988e-06,3.9933541521,1.9205912899723212,2.1,0,,0.0055,0.0,5699.0367,4850.8371952699,0,1,20.0,0
2026-09-08T14:35:20+00:00,4tJW2axbTxtT6nKbjB5pZwePtW84cB7E1B6tdCCLGfrC,hyUSD / USDC,A,1.0004382027955032,42638.9659586318,7134.928298235911,6.0,20.0,,0.0468,-0.151,1848469.074,17142337.9040391,57,34,314.2,0
2026-09-08T14:35:20+00:00,68C62WPYiiNZxprbuaMj2ULXpiTDKcs5xsX7kBGnyajR,MANLET / SOL,C,0.0006880469794052856,7363.9830656425,3759.475638725091,2.0,41,,0.5106,-0.413,36995.8867,688046.9794,21,59,32.6,0
2026-09-08T14:35:20+00:00,6qjVoJXVLL7JWiknpeqg88SYexdm7KQqWu8Uir3aD4ZJ,TROOPET / SOL,D,8.625982494292906e-06,6.8096171361,2.145730809467815,3.2,1,,0.0477,0.395,8498.0093,7008.4759315159,0,2,19.8,0
2026-09-08T14:35:20+00:00,9R27f7ibnqi9jfk5LdWHRhX7faJBPPZyr5Va35RYWwoo,LAYOOO / SOL,A,0.0007245094373021329,6140.4512911033,776.6816379473606,7.9,56.0,,0.3458,-6.479,122762.7172,683625.975048268,34,20,29.7,0
2026-09-08T14:35:20+00:00,CD5HDt23sjGud5VTWsv51BMPey2Qf9qH5cyswWmjBDdq,BULLSHIT / SOL,A,0.0013620359611156514,25512.6285841795,11807.309323374855,2.2,151,,0.3354,-8.228,172388.221,1332220.09193031,86,44,21.8,0
2026-09-08T14:35:20+00:00,CsioJDbZethDNdy6M6HV5ECeowF8zm7BFvTBcb7FZeCt,SPCX / USDC,A,147.635313803718,325094.333302283,4067.2400008934624,79.9,26.0,,0.1113,1.599,768362.6755,6559218.55409491,70,68,88.0,0
2026-09-08T14:35:20+00:00,DPAU7wDyMXDgNAfzQYMfyNqmTjzcoRsSPA2LeGH71hgi,SKHY / USDC,A,187.52907320234252,552084.719056657,27676.841498245452,19.9,4.0,,1.1223,0.851,2494560.3621,2669497.52842663,26,27,59.6,0
2026-09-08T18:07:41+00:00,13MEx6gjRadJNUdmToaGSzgeWHLH7FzScUQS9Mc5nYF5,MU / USDC,A,1026.7835630819136,58012.1116124504,11166.902458356342,5.2,5,,0.8842,0.0,4169205.8071,5455542.93318209,22,20,78.2,0
2026-09-08T18:07:41+00:00,4tJW2axbTxtT6nKbjB5pZwePtW84cB7E1B6tdCCLGfrC,hyUSD / USDC,A,0.9988661559590348,71166.1535471051,7134.928298235911,10.0,20,,0.0357,-0.04,1848644.4885,17080727.1119439,11,25,314.3,0
2026-09-08T18:07:41+00:00,68C62WPYiiNZxprbuaMj2ULXpiTDKcs5xsX7kBGnyajR,MANLET / SOL,C,0.0005884656737288117,22209.5025985558,3759.475638725091,5.9,41.0,,0.5344,-10.414,37723.2994,588465.6737,92,77,32.7,0
2026-09-08T18:07:41+00:00,6VZYoRYbZzeLtUf6BEJJgreKK2EEhq2bx2UNU3EvibLc,67coin / SOL,D,1.8513003839390727e-05,138.0977171448,17.66491931643175,7.8,3,,0.1753,-2.613,15554.7988,18309.3466616465,1,2,21.3,0
2026-09-08T18:07:41+00:00,8TbYi38UqcedfptvjN2rURLbGbGub3itp2hgLvvS35hY,DPG / SOL,D,6.2601614335227015e-06,0.7088489604,0.037627829808973924,18.8,22,,0.0159,0.972,7557.0048,6033.6579287699,7,3,27.1,0
2026-09-08T18:07:41+00:00,9R27f7ibnqi9jfk5LdWHRhX7faJBPPZyr5Va35RYWwoo,LAYOOO / SOL,A,0.0009588697181323597,26035.0994891967,776.6816379473606,33.5,56.0,,0.3306,4.239,141897.1097,904761.501000216,58,56,29.8,0
2026-09-08T18:07:41+00:00,Ayk5yA1PTkjgwn3My9ERGyT55t3Dinyf9zfDFVSuimSb,MEMESLY / SOL,D,8.1226127816723e-06,0.7808444725,0.16094931513372873,4.9,1,,0.0069,-1.306,5884.9151,8122.612782,2,4,20.6,0
2026-09-08T18:07:41+00:00,CsioJDbZethDNdy6M6HV5ECeowF8zm7BFvTBcb7FZeCt,SPCX / USDC,A,152.547847135525,14239.9799690953,4067.2400008934624,3.5,26,,0.1384,-0.771,786370.829,6783339.84635186,34,26,88.2,0
2026-09-08T18:07:41+00:00,GwTzkbi3ogqYSphVeSMGaBwdkBvEzBo87dmDWyCxd1aj,BILLY / SOL,C,8.830668446134838e-05,4128.8722769597,25.669909776975217,160.8,4.0,,0.0518,-13.918,29211.4448,87389.8764649236,8,4,22.6,0
2026-09-08T21:12:32+00:00,13MEx6gjRadJNUdmToaGSzgeWHLH7FzScUQS9Mc5nYF5,MU / USDC,A,1001.1860435521505,40050.4026057425,11166.902458356342,3.6,5.5,,0.9656,-0.866,4155251.2254,5364021.16625304,23,10,78.3,0
2026-09-08T21:12:32+00:00,68C62WPYiiNZxprbuaMj2ULXpiTDKcs5xsX7kBGnyajR,MANLET / SOL,C,0.0005699073720205037,7815.6610838621,3759.475638725091,2.1,41,,0.5351,-5.787,33868.215,569907.372,32,28,32.9,0
2026-09-08T21:12:32+00:00,6qjVoJXVLL7JWiknpeqg88SYexdm7KQqWu8Uir3aD4ZJ,TROOPET / SOL,D,7.990854182661333e-06,182.9892727311,2.145730809467815,85.3,1,,0.0725,-5.739,8237.1174,6492.4441074119,0,3,20.1,0
2026-09-08T21:12:32+00:00,8TbYi38UqcedfptvjN2rURLbGbGub3itp2hgLvvS35hY,DPG / SOL,D,6.145394339271803e-06,1.6379253735,0.037627829808973924,43.5,22.0,,0.0142,0.921,7562.038,5993.1260561769,7,5,27.3,0
2026-09-08T21:12:32+00:00,9R27f7ibnqi9jfk5LdWHRhX7faJBPPZyr5Va35RYWwoo,LAYOOO / SOL,A,0.000850450063207637,3253.2411728086,776.6816379473606,4.2,56.0,,0.3831,-0.496,133586.5032,802459.876646469,27,10,30.0,0
2026-09-08T21:12:32+00:00,A9W9TH82joZ23fz1M1sNoFGrm2RnPJTk5hnD8stDs8LV,AXE / SOL,C,0.00015374648369862213,2023.8992890834,53.25170680499425,38.0,8,,0.025,-6.076,39027.9545,152874.907857323,4,4,21.1,0
2026-09-08T21:12:32+00:00,HttDe6BsDc3y58owhqayQmERsNmWnRzFvDEwJYmxGAx3,Qenis / SOL,B,0.0005804189460108518,13512.8041802897,5958.12062499073,2.3,59.0,,0.093,16.008,96196.0367,559520.723495642,30,42,26.8,0
2026-09-08T23:26:34+00:00,68C62WPYiiNZxprbuaMj2ULXpiTDKcs5xsX7kBGnyajR,MANLET / SOL,C,0.0006531675832338006,7895.625409585,3759.475638725091,2.1,41.0,,0.4465,7.862,36823.7131,653167.5832,23,38,33.0,0
2026-09-08T23:26:34+00:00,6VZYoRYbZzeLtUf6BEJJgreKK2EEhq2bx2UNU3EvibLc,67coin / SOL,D,1.8174920742269418e-05,73.1336388891,17.66491931643175,4.1,3,,0.1818,0.0,15282.5782,17974.9827338991,0,1,21.5,0
2026-09-08T23:26:34+00:00,8TbYi38UqcedfptvjN2rURLbGbGub3itp2hgLvvS35hY,DPG / SOL,D,6.154848539934281e-06,0.1381425167,0.037627829808973924,3.7,22,,0.0158,-1.284,7577.8582,5932.155438046,2,2,27.4,0
2026-09-08T23:26:34+00:00,9R27f7ibnqi9jfk5LdWHRhX7faJBPPZyr5Va35RYWwoo,LAYOOO / SOL,A,0.0008320367507510828,2325.866561279,776.6816379473606,3.0,55.5,,0.2407,-4.78,132001.0198,785085.612076815,17,4,30.0,0
2026-09-08T23:26:34+00:00,GwTzkbi3ogqYSphVeSMGaBwdkBvEzBo87dmDWyCxd1aj,BILLY / SOL,C,7.803580331255463e-05,186.8353046769,25.669909776975217,7.3,4.0,,0.0709,-0.995,27459.1331,77225.6285331491,2,2,22.8,0
2026-09-09T01:27:34+00:00,13MEx6gjRadJNUdmToaGSzgeWHLH7FzScUQS9Mc5nYF5,MU / USDC,A,1007.3420107181048,101280.022700479,11166.902458356342,9.1,6.0,,0.8808,0.615,4134896.0428,5387059.24413469,10,8,78.5,0
2026-09-09T01:27:34+00:00,6VZYoRYbZzeLtUf6BEJJgreKK2EEhq2bx2UNU3EvibLc,67coin / SOL,D,1.816939352313373e-05,65.4586100219,17.66491931643175,3.7,3.0,,0.0697,1.013,15096.1834,17969.5161089656,1,1,21.6,0
2026-09-09T01:27:34+00:00,8TbYi38UqcedfptvjN2rURLbGbGub3itp2hgLvvS35hY,DPG / SOL,D,6.169663569645591e-06,26.5249245186,0.037627829808973924,704.9,22.0,,0.0202,0.522,7467.3491,5943.7782352643,3,7,27.4,0
2026-09-09T01:27:34+00:00,9R27f7ibnqi9jfk5LdWHRhX7faJBPPZyr5Va35RYWwoo,LAYOOO / SOL,A,0.0008319890619492889,2466.1294681229,776.6816379473606,3.2,54.5,,0.1958,-0.08,132110.3356,785040.6142216,9,10,30.1,0
2026-09-09T01:27:34+00:00,A9W9TH82joZ23fz1M1sNoFGrm2RnPJTk5hnD8stDs8LV,AXE / SOL,C,0.00014396271759075142,170.9593476538,53.25170680499425,3.2,8,,0.0282,2.356,37260.9401,143146.605101771,1,1,21.2,0
2026-09-09T01:27:34+00:00,Ayk5yA1PTkjgwn3My9ERGyT55t3Dinyf9zfDFVSuimSb,MEMESLY / SOL,D,8.09660493257856e-06,1.1677407456,0.16094931513372873,7.3,1.0,,0.0064,0.169,5851.4984,8096.604933,2,4,20.9,0
2026-09-09T01:27:34+00:00,DPAU7wDyMXDgNAfzQYMfyNqmTjzcoRsSPA2LeGH71hgi,SKHY / USDC,A,187.90759013913873,344212.682957448,19936.275771241922,17.3,4.0,,1.4059,0.802,2494657.9646,2471642.88488293,20,19,60.0,0
2026-09-09T06:36:24+00:00,13MEx6gjRadJNUdmToaGSzgeWHLH7FzScUQS9Mc5nYF5,MU / USDC,A,1007.1776462143639,50810.4453961714,11166.902458356342,4.6,6,,0.8131,0.381,4155567.9542,5386180.25635334,34,17,78.7,0
2026-09-09T06:36:24+00:00,68C62WPYiiNZxprbuaMj2ULXpiTDKcs5xsX7kBGnyajR,MANLET / SOL,C,0.0006381122229177383,8440.7624676801,3759.475638725091,2.2,41.0,,0.326,7.448,31424.5071,638112.2229,23,53,33.3,0
2026-09-09T06:36:24+00:00,8TbYi38UqcedfptvjN2rURLbGbGub3itp2hgLvvS35hY,DPG / SOL,D,6.134283842411248e-06,0.2394711499,0.037627829808973924,6.4,22,,0.0159,0.478,7542.6989,5912.3348065098,1,5,27.7,0
2026-09-09T06:36:24+00:00,9R27f7ibnqi9jfk5LdWHRhX7faJBPPZyr5Va35RYWwoo,LAYOOO / SOL,A,0.001063854530259767,3703.4980721404,776.6816379473606,4.8,54.0,,0.196,1.148,151718.3381,1003822.10766854,8,15,30.3,0
2026-09-09T06:36:24+00:00,Ayk5yA1PTkjgwn3My9ERGyT55t3Dinyf9zfDFVSuimSb,MEMESLY / SOL,D,8.131643617585049e-06,0.412764204,0.16094931513372873,2.6,1,,0.0062,0.0,5917.5023,8131.643618,0,1,21.1,0
2026-09-09T06:36:24+00:00,DPAU7wDyMXDgNAfzQYMfyNqmTjzcoRsSPA2LeGH71hgi,SKHY / USDC,A,187.89002545643314,62259.1693085609,19936.275771241922,3.1,4,,1.2651,-0.007,2502044.7631,2471411.84779183,35,20,60.2,0
2026-09-09T06:36:24+00:00,GwTzkbi3ogqYSphVeSMGaBwdkBvEzBo87dmDWyCxd1aj,BILLY / SOL,C,8.03779907913081e-05,152.7592460612,25.669909776975217,6.0,4.0,,0.0734,-2.551,28228.106,79543.4992106243,1,1,23.1,0
2026-09-09T11:55:41+00:00,13MEx6gjRadJNUdmToaGSzgeWHLH7FzScUQS9Mc5nYF5,MU / USDC,A,996.9934346372908,86150.1138327542,11166.902458356342,7.7,6.0,,0.6994,0.599,4131957.5611,5343292.79595143,47,39,78.9,0
2026-09-09T11:55:41+00:00,2C7PaLGC7wtQZWR9wa7QT2bthqTDyzcBL6BEYFGdSA5e,Z500 / SOL,C,4.920505395921527e-05,3042.9468016461,1076.8024238179469,2.8,43.5,,0.1877,-6.752,29386.8936,49095.7056981032,31,10,22.8,0
2026-09-09T11:55:41+00:00,4tJW2axbTxtT6nKbjB5pZwePtW84cB7E1B6tdCCLGfrC,hyUSD / USDC,A,0.9938931768080626,30292.5425684957,7134.928298235911,4.2,20.0,,0.0505,-0.614,1936382.9656,17202492.9148801,42,14,315.1,0
2026-09-09T11:55:41+00:00,6VZYoRYbZzeLtUf6BEJJgreKK2EEhq2bx2UNU3EvibLc,67coin / SOL,D,1.7834034133522742e-05,233.7403789287,17.66491931643175,13.2,3.0,,0.0378,0.0,15377.5156,17637.8459320937,0,1,22.0,0
2026-09-09T11:55:41+00:00,8TbYi38UqcedfptvjN2rURLbGbGub3itp2hgLvvS35hY,DPG / SOL,D,6.185901153411872e-06,0.133231862,0.037627829808973924,3.5,21.5,,0.0148,1.917,7510.2836,5962.0845136157,1,3,27.9,0
2026-09-09T11:55:41+00:00,9R27f7ibnqi9jfk5LdWHRhX7faJBPPZyr5Va35RYWwoo,LAYOOO / SOL,A,0.0010416868855887547,3008.4800954037,776.6816379473606,3.9,54.0,,0.2094,4.329,148798.7799,982905.083448587,15,12,30.6,0
2026-09-09T11:55:41+00:00,DPAU7wDyMXDgNAfzQYMfyNqmTjzcoRsSPA2LeGH71hgi,SKHY / USDC,A,186.43843087778302,119190.794147554,19936.275771241922,6.0,4.0,,1.139,0.199,2491852.2424,2456764.42968751,12,17,60.4,0
2026-09-09T11:55:41+00:00,EcGDaedZL6ZPqKHyQThL6epLS1KuHtk94jWcRWXAC8mn,CLUG / SOL,D,1.5017560251121688e-05,170.6575235753,13.41627428980073,12.7,11.0,,0.0616,0.0,14444.1007,14907.9903218865,0,1,21.4,0
2026-09-09T11:55:41+00:00,F1w2HgzJHTGVhDdH8u95gjSuWTjchGJfmukTyhXnTJYx,Intismeran / SOL,D,1.9807001190011585e-05,331.9332420417,6.251695032874703,53.1,12,,0.0535,-2.204,16929.6447,19807.00119,2,2,21.0,0
2026-09-09T16:28:55+00:00,13MEx6gjRadJNUdmToaGSzgeWHLH7FzScUQS9Mc5nYF5,MU / USDC,A,1017.282140592798,175763.951017254,11166.902458356342,15.7,6,,0.6849,-0.6,4174098.9566,5465260.42082123,25,18,79.1,0
2026-09-09T16:28:55+00:00,4tJW2axbTxtT6nKbjB5pZwePtW84cB7E1B6tdCCLGfrC,hyUSD / USDC,A,1.0021730164069844,14860.7179739214,7134.928298235911,2.1,20,,0.0532,0.014,1950851.197,17303565.2105469,30,7,315.2,0
2026-09-09T16:28:55+00:00,68C62WPYiiNZxprbuaMj2ULXpiTDKcs5xsX7kBGnyajR,MANLET / SOL,C,0.0007376568666578256,10529.0066963805,3759.475638725091,2.8,41.0,,0.2446,-2.453,29450.1697,737656.8667,32,28,33.7,0
2026-09-09T16:28:55+00:00,6qjVoJXVLL7JWiknpeqg88SYexdm7KQqWu8Uir3aD4ZJ,TROOPET / SOL,D,7.963017187422214e-06,5.7288583567,2.145730809467815,2.7,1.0,,0.0313,-1.271,8147.1427,6469.8269833211,1,1,20.9,0
2026-09-09T16:28:55+00:00,8TbYi38UqcedfptvjN2rURLbGbGub3itp2hgLvvS35hY,DPG / SOL,D,6.118338364624401e-06,0.122509475,0.037627829808973924,3.3,21,,0.0105,0.07,7469.4719,5896.9662645411,2,1,28.1,0
2026-09-09T16:28:55+00:00,9R27f7ibnqi9jfk5LdWHRhX7faJBPPZyr5Va35RYWwoo,LAYOOO / SOL,A,0.0008512663785931216,3443.2034606948,776.6816379473606,4.4,54.0,,0.2049,-0.52,133476.5147,803426.874016807,8,21,30.8,0
2026-09-09T16:28:55+00:00,Ayk5yA1PTkjgwn3My9ERGyT55t3Dinyf9zfDFVSuimSb,MEMESLY / SOL,D,8.041879657987022e-06,0.7863827159,0.16094931513372873,4.9,1,,0.0061,-1.264,5821.44,8041.879658,1,2,21.6,0
2026-09-09T16:28:55+00:00,CqU5xCL88SMmPZyTborzUc3afYwJjqu51AXsCjH5WJj2,UMPALUMPA / SOL,D,3.932731815383665e-05,14.3637133457,5.076196889261417,2.8,0.0,,0.005,0.0,16802.7799,39327.31815,0,1,21.4,0
2026-09-09T16:28:55+00:00,CsioJDbZethDNdy6M6HV5ECeowF8zm7BFvTBcb7FZeCt,SPCX / USDC,A,145.796464087216,158410.454507082,4292.0016894205755,36.9,26,,0.2554,-0.36,764968.4306,6458945.11644916,33,24,89.1,0
2026-09-09T16:28:55+00:00,DPAU7wDyMXDgNAfzQYMfyNqmTjzcoRsSPA2LeGH71hgi,SKHY / USDC,A,193.6153197087023,306272.974659253,19936.275771241922,15.4,4,,1.2247,-0.209,2487474.1425,2560280.00880983,27,23,60.6,0
2026-09-09T16:28:55+00:00,EcGDaedZL6ZPqKHyQThL6epLS1KuHtk94jWcRWXAC8mn,CLUG / SOL,D,1.302563863805968e-05,466.0969418938,13.41627428980073,34.7,11,,0.1041,-6.038,13008.5863,12930.6020118355,0,3,21.6,0
2026-09-09T16:28:55+00:00,F1w2HgzJHTGVhDdH8u95gjSuWTjchGJfmukTyhXnTJYx,Intismeran / SOL,D,2.0331140761428544e-05,313.4480475969,6.251695032874703,50.1,12.0,,0.0772,3.348,16952.5352,20331.14076,2,1,21.2,0
2026-09-09T19:27:06+00:00,13MEx6gjRadJNUdmToaGSzgeWHLH7FzScUQS9Mc5nYF5,MU / USDC,A,1023.6174077628139,76445.8287262078,26390.116267335467,2.9,6.0,,0.6652,-0.363,4183404.7584,5406893.57729691,10,13,79.2,0
2026-09-09T19:27:06+00:00,4tJW2axbTxtT6nKbjB5pZwePtW84cB7E1B6tdCCLGfrC,hyUSD / USDC,A,0.9988242535827327,131253.364877507,7134.928298235911,18.4,20.0,,0.055,-0.491,1966971.1991,17186314.2066359,44,21,315.4,0
2026-09-09T19:27:06+00:00,68C62WPYiiNZxprbuaMj2ULXpiTDKcs5xsX7kBGnyajR,MANLET / SOL,C,0.0007140328365111126,7415.4231021606,3759.475638725091,2.0,41,,0.2145,1.699,30523.8262,724631.0079,11,30,33.8,0
2026-09-09T19:27:06+00:00,8TbYi38UqcedfptvjN2rURLbGbGub3itp2hgLvvS35hY,DPG / SOL,D,6.047918290157995e-06,2.4702707387,0.037627829808973924,65.7,21.0,,0.0114,-0.305,7433.158,5825.5534928323,7,4,28.2,0
2026-09-09T19:27:06+00:00,9R27f7ibnqi9jfk5LdWHRhX7faJBPPZyr5Va35RYWwoo,LAYOOO / SOL,A,0.0009818475038046285,6667.2122357766,776.6816379473606,8.6,53.5,,0.1372,9.699,144064.0957,929136.272364885,16,21,30.9,0
2026-09-09T19:27:06+00:00,Ayk5yA1PTkjgwn3My9ERGyT55t3Dinyf9zfDFVSuimSb,MEMESLY / SOL,D,8.163798488560192e-06,2.9265215992,0.16094931513372873,18.2,1.0,,0.0013,1.009,5887.8033,8163.798489,5,4,21.7,0
2026-09-09T19:27:06+00:00,CsioJDbZethDNdy6M6HV5ECeowF8zm7BFvTBcb7FZeCt,SPCX / USDC,A,147.377993241159,66005.6636229848,4292.0016894205755,15.4,26.0,,0.2696,-0.406,770782.2589,6536556.22486846,34,24,89.2,0
2026-09-09T19:27:06+00:00,DPAU7wDyMXDgNAfzQYMfyNqmTjzcoRsSPA2LeGH71hgi,SKHY / USDC,A,198.2865842754284,146086.77473506,19936.275771241922,7.3,4.0,,1.3943,0.593,2502112.2378,2356302.58545174,23,4,60.8,0
2026-09-09T19:27:06+00:00,ExoRMH6uApXi6abtqfNbcbDsDYvNP5ZC6cYybzZVUoLH,Z / SOL,C,6.269638485965764e-05,940.6115807354,453.3531541590603,2.1,30,,0.2164,-4.498,28552.42,61396.6195484092,19,14,23.1,0
2026-09-09T19:27:06+00:00,F1w2HgzJHTGVhDdH8u95gjSuWTjchGJfmukTyhXnTJYx,Intismeran / SOL,C,3.289240415978471e-05,270.7212050924,6.251695032874703,43.3,12,,0.2208,-2.333,22189.4384,32892.40416,3,4,21.3,0
2026-09-09T19:27:06+00:00,GwTzkbi3ogqYSphVeSMGaBwdkBvEzBo87dmDWyCxd1aj,BILLY / SOL,C,8.780732992920876e-05,1406.5555933333,25.669909776975217,54.8,4,,0.0384,0.008,30327.7668,86895.7062788753,6,3,23.7,0
2026-09-09T21:54:45+00:00,2C7PaLGC7wtQZWR9wa7QT2bthqTDyzcBL6BEYFGdSA5e,Z500 / SOL,C,4.2120648984244854e-05,1360.4104043084,213.57799347690573,6.4,42,,0.247,-4.981,26972.6907,42027.0443305218,8,9,23.2,0
2026-09-09T21:54:45+00:00,4tJW2axbTxtT6nKbjB5pZwePtW84cB7E1B6tdCCLGfrC,hyUSD / USDC,A,1.0012160467241407,37170.4265716652,7134.928298235911,5.2,20,,0.0463,-0.184,1967369.4339,17225911.7598267,19,19,315.5,0
2026-09-09T21:54:45+00:00,5Jm4GnWPt62kphmhEET6rjzzFjvsfNxNqdpEuGwp2U9q,EYE / SOL,C,0.00011374240809765533,3965.5247258319,1035.6568656411966,3.8,40.0,,0.4652,-6.453,48937.6657,113839.988703672,26,17,23.3,0
2026-09-09T21:54:45+00:00,68C62WPYiiNZxprbuaMj2ULXpiTDKcs5xsX7kBGnyajR,MANLET / SOL,C,0.00059361522207072,11757.4245331505,3759.475638725091,3.1,41.0,,0.2828,6.105,32989.0121,593615.2221,50,17,33.9,0
2026-09-09T21:54:45+00:00,8TbYi38UqcedfptvjN2rURLbGbGub3itp2hgLvvS35hY,DPG / SOL,D,6.058416150006625e-06,0.5293447869,0.037627829808973924,14.1,21,,0.0159,0.953,7404.7307,5839.2121392752,3,6,28.3,0
2026-09-09T21:54:45+00:00,9R27f7ibnqi9jfk5LdWHRhX7faJBPPZyr5Va35RYWwoo,LAYOOO / SOL,A,0.0008752047749121944,3231.3600733179,776.6816379473606,4.2,53.0,,0.1614,-6.006,134959.8991,825817.463835947,11,3,31.0,0
2026-09-09T21:54:45+00:00,CD5HDt23sjGud5VTWsv51BMPey2Qf9qH5cyswWmjBDdq,BULLSHIT / SOL,A,0.0012391570656073683,26772.7119340137,11807.309323374855,2.3,150.0,,0.2063,1.08,163811.0301,1212030.31868759,97,86,23.1,0
2026-09-09T21:54:45+00:00,CsioJDbZethDNdy6M6HV5ECeowF8zm7BFvTBcb7FZeCt,SPCX / USDC,A,146.869585082328,37591.5977549669,4292.0016894205755,8.8,26,,0.2965,-0.106,768368.6369,6418361.74698384,178,86,89.3,0
2026-09-09T21:54:45+00:00,F1w2HgzJHTGVhDdH8u95gjSuWTjchGJfmukTyhXnTJYx,Intismeran / SOL,C,2.9238063630480056e-05,291.6201530684,6.251695032874703,46.6,12.0,,0.2707,-3.085,20447.1305,29238.06363,1,6,21.4,0
2026-09-09T21:54:45+00:00,GwTzkbi3ogqYSphVeSMGaBwdkBvEzBo87dmDWyCxd1aj,BILLY / SOL,C,8.267664880898854e-05,287.4168949518,25.669909776975217,11.2,4.0,,0.0372,-2.2,28230.0998,81818.2923548953,0,2,23.8,0
2026-09-10T00:00:57+00:00,4tJW2axbTxtT6nKbjB5pZwePtW84cB7E1B6tdCCLGfrC,hyUSD / USDC,A,1.0015700064961786,31738.1566459325,7134.928298235911,4.4,20.0,,0.0501,-0.394,1967338.6427,17154964.9222275,15,18,315.6,0
2026-09-10T00:00:57+00:00,8TbYi38UqcedfptvjN2rURLbGbGub3itp2hgLvvS35hY,DPG / SOL,D,5.955484263294162e-06,0.3071388763,0.037627829808973924,8.2,21.0,,0.0163,0.328,7374.6194,5740.0045065858,4,3,28.4,0
2026-09-10T00:00:57+00:00,9R27f7ibnqi9jfk5LdWHRhX7faJBPPZyr5Va35RYWwoo,LAYOOO / SOL,A,0.0007972342413447438,3729.1965768503,776.6816379473606,4.8,52.5,,0.1905,0.787,127749.7009,752246.763403189,9,21,31.1,0
2026-09-10T00:00:57+00:00,Ayk5yA1PTkjgwn3My9ERGyT55t3Dinyf9zfDFVSuimSb,MEMESLY / SOL,D,7.940670581239687e-06,1.3505356019,0.16094931513372873,8.4,1.0,,0.0014,-0.714,5799.5448,7940.670581,3,4,21.9,0
2026-09-10T00:00:57+00:00,CD5HDt23sjGud5VTWsv51BMPey2Qf9qH5cyswWmjBDdq,BULLSHIT / SOL,A,0.0011318414350546997,30334.0158043569,11807.309323374855,2.6,150,,0.2559,0.886,156929.0806,1107008.08473118,87,62,23.2,0
2026-09-10T00:00:57+00:00,CqU5xCL88SMmPZyTborzUc3afYwJjqu51AXsCjH5WJj2,UMPALUMPA / SOL,D,3.978903294378388e-05,20.3159650405,5.076196889261417,4.0,0,,0.0054,0.0,16417.5577,39789.03294,1,0,21.7,0
2026-09-10T00:00:57+00:00,CsioJDbZethDNdy6M6HV5ECeowF8zm7BFvTBcb7FZeCt,SPCX / USDC,A,147.278761637753,14105.6253373657,4292.0016894205755,3.3,26.0,,0.3002,0.219,769209.7615,6434538.65540639,22,29,89.4,0
2026-09-10T00:00:57+00:00,DPAU7wDyMXDgNAfzQYMfyNqmTjzcoRsSPA2LeGH71hgi,SKHY / USDC,A,195.56309959944673,178996.734179431,19936.275771241922,9.0,4.0,,1.6654,-0.812,2496740.5504,2102928.11691138,15,17,60.9,0
2026-09-10T00:00:57+00:00,EWLKmz6R2tcVKiep4ZZXQYbnBXm96YfhMW97Csn1ZL6P,BOLLOCKS / SOL,D,7.886277656448615e-06,53.7816341866,8.845664981395338,6.1,6.0,,0.0242,0.0,7797.7746,7886.277656,0,1,23.2,0
2026-09-10T00:00:57+00:00,F1w2HgzJHTGVhDdH8u95gjSuWTjchGJfmukTyhXnTJYx,Intismeran / SOL,C,2.8165504601589546e-05,282.0033516724,6.251695032874703,45.1,12,,0.2947,-3.628,20462.6511,27801.44322,1,2,21.5,0
2026-09-10T04:47:45+00:00,4tJW2axbTxtT6nKbjB5pZwePtW84cB7E1B6tdCCLGfrC,hyUSD / USDC,A,1.0050804029195253,37184.1898475216,7134.928298235911,5.2,20,,0.0565,0.558,1969529.5382,17261002.0735351,29,6,315.8,0
2026-09-10T04:47:45+00:00,5Jm4GnWPt62kphmhEET6rjzzFjvsfNxNqdpEuGwp2U9q,EYE / SOL,C,0.00011457075958693865,4629.938462882,1035.6568656411966,4.5,39.5,,0.5047,0.044,48529.4378,114478.195205308,31,14,23.5,0
2026-09-10T04:47:45+00:00,68C62WPYiiNZxprbuaMj2ULXpiTDKcs5xsX7kBGnyajR,MANLET / SOL,C,0.0006186799022430092,9367.7511133081,3759.475638725091,2.5,41.0,,0.3098,-4.452,28645.2759,618679.9022,29,32,34.2,0
2026-09-10T04:47:45+00:00,6VZYoRYbZzeLtUf6BEJJgreKK2EEhq2bx2UNU3EvibLc,67coin / SOL,D,1.7220086202619222e-05,660.5347776033,5.201740359809294,127.0,2,,0.0784,7.217,14634.0865,17030.1458204058,1,2,22.7,0
2026-09-10T04:47:45+00:00,8TbYi38UqcedfptvjN2rURLbGbGub3itp2hgLvvS35hY,DPG / SOL,D,6.053651494324028e-06,2.2009834976,0.037627829808973924,58.5,21,,0.0101,0.038,7409.2478,5834.5153439819,5,0,28.6,0
2026-09-10T04:47:45+00:00,9R27f7ibnqi9jfk5LdWHRhX7faJBPPZyr5Va35RYWwoo,LAYOOO / SOL,A,0.0007041582299361887,3140.8153523337,776.6816379473606,4.0,52.0,,0.2733,0.903,120858.7126,664422.978749939,20,27,31.3,0
2026-09-10T04:47:45+00:00,Ayk5yA1PTkjgwn3My9ERGyT55t3Dinyf9zfDFVSuimSb,MEMESLY / SOL,D,8.075591875724526e-06,0.4626576706,0.16094931513372873,2.9,1,,0.0018,1.279,5784.1551,8075.591876,1,3,22.1,0
2026-09-10T04:47:45+00:00,EcGDaedZL6ZPqKHyQThL6epLS1KuHtk94jWcRWXAC8mn,CLUG / SOL,D,1.2133538157188499e-05,339.3895195175,13.41627428980073,25.3,10,,0.1459,9.638,12224.7892,12203.2418734143,3,0,22.1,0
2026-09-10T04:47:45+00:00,F1w2HgzJHTGVhDdH8u95gjSuWTjchGJfmukTyhXnTJYx,Intismeran / SOL,C,2.7511057192204746e-05,19.6842142089,6.251695032874703,3.1,12.0,,0.2954,-1.173,20114.4657,27511.05719,2,1,21.7,0
2026-09-10T04:47:45+00:00,GwTzkbi3ogqYSphVeSMGaBwdkBvEzBo87dmDWyCxd1aj,BILLY / SOL,C,0.00010177171551178627,1460.5830745602,25.669909776975217,56.9,4.0,,0.0453,16.506,31301.7635,100715.112333279,6,3,24.1,0
2026-09-10T09:32:04+00:00,13MEx6gjRadJNUdmToaGSzgeWHLH7FzScUQS9Mc5nYF5,MU / USDC,A,1013.3850040125459,92335.8226584943,26390.116267335467,3.5,6.0,,0.7095,-0.409,4165602.7052,5274769.33788439,11,25,79.8,0
2026-09-10T09:32:04+00:00,4tJW2axbTxtT6nKbjB5pZwePtW84cB7E1B6tdCCLGfrC,hyUSD / USDC,A,1.002079160245273,21673.2151511343,7134.928298235911,3.0,20.0,,0.0613,0.003,1970595.7209,17286439.9641721,18,8,316.0,0
2026-09-10T09:32:04+00:00,6VZYoRYbZzeLtUf6BEJJgreKK2EEhq2bx2UNU3EvibLc,67coin / SOL,D,1.6857277573642986e-05,29.9392568049,5.201740359809294,5.8,2.0,,0.0756,0.0,14412.8354,16671.3390291946,1,0,22.9,0
2026-09-10T09:32:04+00:00,9R27f7ibnqi9jfk5LdWHRhX7faJBPPZyr5Va35RYWwoo,LAYOOO / SOL,A,0.0006654646250880864,4510.6589140364,776.6816379473606,5.8,52.0,,0.2236,1.375,117041.0189,620807.714793884,14,18,31.5,0
2026-09-10T09:32:04+00:00,GwTzkbi3ogqYSphVeSMGaBwdkBvEzBo87dmDWyCxd1aj,BILLY / SOL,C,0.00010488478660867533,383.9127193556,25.669909776975217,15.0,4,,0.2723,1.908,31665.7493,103795.863247201,3,3,24.3,0
2026-09-10T13:51:26+00:00,13MEx6gjRadJNUdmToaGSzgeWHLH7FzScUQS9Mc5nYF5,MU / USDC,A,989.6390783256703,691515.524248138,26390.116267335467,26.2,6,,0.6672,-1.818,4127657.5376,5139685.62378984,29,48,80.0,0
2026-09-10T13:51:26+00:00,4tJW2axbTxtT6nKbjB5pZwePtW84cB7E1B6tdCCLGfrC,hyUSD / USDC,A,0.999403284213792,60773.5412065521,7134.928298235911,8.5,20,,0.0868,-0.219,1978678.2243,17251115.4122664,30,22,316.1,0
2026-09-10T13:51:26+00:00,5Jm4GnWPt62kphmhEET6rjzzFjvsfNxNqdpEuGwp2U9q,EYE / SOL,C,0.00011274883409873089,3787.9670198205,1035.6568656411966,3.7,39.0,,0.4275,4.922,47316.1587,112657.741681505,19,8,23.9,0
2026-09-10T13:51:26+00:00,6VZYoRYbZzeLtUf6BEJJgreKK2EEhq2bx2UNU3EvibLc,67coin / SOL,D,1.634409522092409e-05,29.0278226674,5.201740359809294,5.6,2,,0.0625,0.0,14144.0999,16163.8171648175,0,1,23.1,0
2026-09-10T13:51:26+00:00,9R27f7ibnqi9jfk5LdWHRhX7faJBPPZyr5Va35RYWwoo,LAYOOO / SOL,A,0.0006757508522815849,5241.212840487,776.6816379473606,6.7,52.0,,0.219,7.522,117092.91,630732.720596708,13,28,31.6,0
2026-09-10T13:51:26+00:00,CsioJDbZethDNdy6M6HV5ECeowF8zm7BFvTBcb7FZeCt,SPCX / USDC,A,151.946600850547,470025.155078701,4292.0016894205755,109.5,26,,0.2781,4.358,784816.5946,6632817.3835052,64,64,90.0,0
2026-09-10T13:51:26+00:00,DPAU7wDyMXDgNAfzQYMfyNqmTjzcoRsSPA2LeGH71hgi,SKHY / USDC,A,189.11470272232333,1165864.27564157,19936.275771241922,58.5,4,,1.9954,-0.418,2481932.2087,1921342.91340667,30,31,61.5,0
2026-09-10T13:51:26+00:00,GwTzkbi3ogqYSphVeSMGaBwdkBvEzBo87dmDWyCxd1aj,BILLY / SOL,C,0.00013257938442392462,975.4282476561,25.669909776975217,38.0,4.0,,0.3459,-5.239,36535.7701,131202.933224831,0,3,24.4,0
2026-09-10T17:37:10+00:00,13MEx6gjRadJNUdmToaGSzgeWHLH7FzScUQS9Mc5nYF5,MU / USDC,A,977.9939848107023,91556.9870157611,26390.116267335467,3.5,6.0,,0.616,0.053,4102695.4202,5114971.96444787,37,31,80.1,0
2026-09-10T17:37:10+00:00,6VZYoRYbZzeLtUf6BEJJgreKK2EEhq2bx2UNU3EvibLc,67coin / SOL,D,1.7535533772731385e-05,258.936980852,5.201740359809294,49.8,2.0,,0.0704,7.311,14601.9095,17342.1139518889,3,2,23.3,0
2026-09-10T17:37:10+00:00,8TbYi38UqcedfptvjN2rURLbGbGub3itp2hgLvvS35hY,DPG / SOL,D,5.909203072469653e-06,1.5078415524,0.037627829808973924,40.1,21.0,,0.0145,0.571,7269.0445,5695.2958108773,0,6,29.1,0
2026-09-10T17:37:10+00:00,9R27f7ibnqi9jfk5LdWHRhX7faJBPPZyr5Va35RYWwoo,LAYOOO / SOL,A,0.0005428991153686777,8582.3815240696,776.6816379473606,11.1,52.0,,0.3144,-6.1,104765.3273,512263.425979503,38,24,31.8,0
2026-09-10T17:37:10+00:00,Ayk5yA1PTkjgwn3My9ERGyT55t3Dinyf9zfDFVSuimSb,MEMESLY / SOL,D,7.827553721077065e-06,2.7406193469,0.16094931513372873,17.0,1.0,,0.002,-0.772,5684.9707,7827.553721,2,5,22.6,0
2026-09-10T17:37:10+00:00,CsioJDbZethDNdy6M6HV5ECeowF8zm7BFvTBcb7FZeCt,SPCX / USDC,A,151.624469736182,154106.105668419,4292.0016894205755,35.9,26.0,,0.2824,0.173,781903.6873,6626167.05955262,50,52,90.2,0
2026-09-10T17:37:10+00:00,DPAU7wDyMXDgNAfzQYMfyNqmTjzcoRsSPA2LeGH71hgi,SKHY / USDC,A,192.62994572286857,56481.8863002494,19936.275771241922,2.8,4.5,,1.8534,0.568,2504403.2405,1954964.94470509,4,1,61.7,0
2026-09-10T17:37:10+00:00,ExoRMH6uApXi6abtqfNbcbDsDYvNP5ZC6cYybzZVUoLH,Z / SOL,C,7.201270869725332e-05,1388.5630677691,453.3531541590603,3.1,27,,0.1543,17.477,29422.6722,70519.798760705,8,13,24.0,0
2026-09-10T20:03:55+00:00,13MEx6gjRadJNUdmToaGSzgeWHLH7FzScUQS9Mc5nYF5,MU / USDC,A,978.1378019633271,126980.144566919,26390.116267335467,4.8,6,,0.6038,-1.133,4097503.1485,5128697.74608898,10,16,80.2,0
2026-09-10T20:03:55+00:00,4tJW2axbTxtT6nKbjB5pZwePtW84cB7E1B6tdCCLGfrC,hyUSD / USDC,A,1.0032994739606682,82300.3383211694,7134.928298235911,11.5,20,,0.1111,0.037,1972236.6273,17592948.6750734,120,14,316.4,0
2026-09-10T20:03:55+00:00,68C62WPYiiNZxprbuaMj2ULXpiTDKcs5xsX7kBGnyajR,MANLET / SOL,C,0.0005621817177762421,9206.2095376604,3759.475638725091,2.4,40.5,,0.2774,2.012,25711.6176,562181.7178,25,24,34.8,0
2026-09-10T20:03:55+00:00,8TbYi38UqcedfptvjN2rURLbGbGub3itp2hgLvvS35hY,DPG / SOL,D,5.899914863931483e-06,0.497913412,0.037627829808973924,13.2,21,,0.0102,0.051,7227.5863,5686.3438267487,3,7,29.2,0
2026-09-10T20:03:55+00:00,9R27f7ibnqi9jfk5LdWHRhX7faJBPPZyr5Va35RYWwoo,LAYOOO / SOL,A,0.0005473956115961644,2395.0401336578,776.6816379473606,3.1,52.0,,0.3136,1.683,106291.5118,516506.185790631,5,26,31.9,0
2026-09-10T20:03:55+00:00,Ayk5yA1PTkjgwn3My9ERGyT55t3Dinyf9zfDFVSuimSb,MEMESLY / SOL,D,7.911667970414728e-06,3.3289706342,0.16094931513372873,20.7,1,,0.0019,1.311,5695.8908,7911.66797,7,5,22.7,0
2026-09-10T20:03:55+00:00,CsioJDbZethDNdy6M6HV5ECeowF8zm7BFvTBcb7FZeCt,SPCX / USDC,A,147.880652983387,243075.160266193,4292.0016894205755,56.6,26,,0.3047,-0.485,773422.0888,6462615.70344649,61,48,90.3,0
2026-09-10T20:03:55+00:00,DPAU7wDyMXDgNAfzQYMfyNqmTjzcoRsSPA2LeGH71hgi,SKHY / USDC,A,188.35096504347166,56389.4558262262,19936.275771241922,2.8,4,,1.7678,-0.524,2474043.7383,1921961.29385111,0,12,61.8,0
2026-09-10T20:03:55+00:00,GwTzkbi3ogqYSphVeSMGaBwdkBvEzBo87dmDWyCxd1aj,BILLY / SOL,C,0.00013489285138042944,528.6007765384,25.669909776975217,20.6,4.0,,0.3437,0.0,36728.074,133492.381600931,0,1,24.7,0
2026-09-10T20:03:55+00:00,HttDe6BsDc3y58owhqayQmERsNmWnRzFvDEwJYmxGAx3,Qenis / SOL,B,0.0004489783766067043,4956.9877623514,1404.3465797480637,3.5,56,,0.1043,5.097,82981.9713,432812.215026054,8,10,28.7,0
2026-09-10T22:37:15+00:00,2C7PaLGC7wtQZWR9wa7QT2bthqTDyzcBL6BEYFGdSA5e,Z500 / SOL,C,4.8335314593330265e-05,749.0313620132,213.57799347690573,3.5,41.0,,0.0842,2.916,28715.364,48227.6015276895,3,8,24.3,0
2026-09-10T22:37:15+00:00,4tJW2axbTxtT6nKbjB5pZwePtW84cB7E1B6tdCCLGfrC,hyUSD / USDC,A,1.0013003850019073,35838.3087472907,7134.928298235911,5.0,20.0,,0.1078,0.019,1967270.1478,17552972.412643,16,13,316.5,0
2026-09-10T22:37:15+00:00,5Jm4GnWPt62kphmhEET6rjzzFjvsfNxNqdpEuGwp2U9q,EYE / SOL,B,0.0001347068659786408,3057.0107021494,1035.6568656411966,3.0,38,,0.299,14.551,50287.0651,134597.931260223,12,22,24.3,0
2026-09-10T22:37:15+00:00,68C62WPYiiNZxprbuaMj2ULXpiTDKcs5xsX7kBGnyajR,MANLET / SOL,C,0.0005388790342619888,16548.9076834406,3759.475638725091,4.4,40,,0.2663,1.151,21575.3597,539592.8659,51,40,34.9,0
2026-09-10T22:37:15+00:00,9R27f7ibnqi9jfk5LdWHRhX7faJBPPZyr5Va35RYWwoo,LAYOOO / SOL,A,0.0005094006026362584,2665.6658036621,776.6816379473606,3.4,51.5,,0.3073,-3.451,102200.1715,480613.425849912,12,11,32.0,0
2026-09-10T22:37:15+00:00,A9W9TH82joZ23fz1M1sNoFGrm2RnPJTk5hnD8stDs8LV,AXE / SOL,C,0.00012479124928123085,638.9258881644,53.25170680499425,12.0,7,,0.0111,-3.498,34744.9738,124083.818237839,0,2,23.1,0
2026-09-10T22:37:15+00:00,CD5HDt23sjGud5VTWsv51BMPey2Qf9qH5cyswWmjBDdq,BULLSHIT / SOL,A,0.0011106577969779096,32281.6369660203,11807.309323374855,2.7,149,,0.3176,26.742,154124.4827,1089082.997198,54,90,24.2,0
2026-09-10T22:37:15+00:00,CsioJDbZethDNdy6M6HV5ECeowF8zm7BFvTBcb7FZeCt,SPCX / USDC,A,147.722133611436,11616.4656670592,4292.0016894205755,2.7,26.0,,0.2932,-0.175,774185.9225,6455687.37409608,8,17,90.4,0
2026-09-10T22:37:15+00:00,GwTzkbi3ogqYSphVeSMGaBwdkBvEzBo87dmDWyCxd1aj,BILLY / SOL,C,0.00014100344169283729,812.5847317239,25.669909776975217,31.7,4,,0.3326,8.423,36364.8156,139539.531199064,2,1,24.8,0
2026-09-10T22:37:15+00:00,HttDe6BsDc3y58owhqayQmERsNmWnRzFvDEwJYmxGAx3,Qenis / SOL,B,0.00039310969933713144,2961.2093059735,1404.3465797480637,2.1,55.5,,0.1205,-5.907,76951.2994,378955.175950135,9,6,28.8,0
2026-09-11T00:34:46+00:00,13MEx6gjRadJNUdmToaGSzgeWHLH7FzScUQS9Mc5nYF5,MU / USDC,A,977.5253969721355,76187.2179128795,26390.116267335467,2.9,6,,0.5846,-0.039,4095977.0676,5354417.55917073,24,24,80.4,0
2026-09-11T00:34:46+00:00,2C7PaLGC7wtQZWR9wa7QT2bthqTDyzcBL6BEYFGdSA5e,Z500 / SOL,C,5.3755044368003394e-05,435.6031991898,213.57799347690573,2.0,41,,0.1042,-3.618,30638.4192,54552.8543564301,3,6,24.4,0
2026-09-11T00:34:46+00:00,4tJW2axbTxtT6nKbjB5pZwePtW84cB7E1B6tdCCLGfrC,hyUSD / USDC,A,1.0014680245179557,20677.7027176067,7134.928298235911,2.9,20,,0.1108,-0.264,1980996.113,17433867.8610267,37,15,316.6,0
2026-09-11T00:34:46+00:00,5Jm4GnWPt62kphmhEET6rjzzFjvsfNxNqdpEuGwp2U9q,EYE / SOL,B,0.0001278856197773264,2649.0266249141,1035.6568656411966,2.6,38.0,,0.3422,-4.099,50307.4524,127782.201265164,9,9,24.4,0
2026-09-11T00:34:46+00:00,8TbYi38UqcedfptvjN2rURLbGbGub3itp2hgLvvS35hY,DPG / SOL,D,5.853689966728809e-06,0.1720029532,0.037627829808973924,4.6,21,,0.0068,0.057,7165.4548,5641.7922249448,0,2,29.4,0
2026-09-11T00:34:46+00:00,9R27f7ibnqi9jfk5LdWHRhX7faJBPPZyr5Va35RYWwoo,LAYOOO / SOL,B,0.00048547817340260506,7216.4401281714,776.6816379473606,9.3,51.0,,0.3301,-3.423,98137.0699,458082.736349501,42,17,32.1,0
2026-09-11T00:34:46+00:00,Ayk5yA1PTkjgwn3My9ERGyT55t3Dinyf9zfDFVSuimSb,MEMESLY / SOL,D,7.760261244243278e-06,1.772711647,0.16094931513372873,11.0,1,,0.0023,-1.237,5658.4886,7760.261244,4,3,22.9,0
2026-09-11T00:34:46+00:00,DPAU7wDyMXDgNAfzQYMfyNqmTjzcoRsSPA2LeGH71hgi,SKHY / USDC,A,186.88869132766692,242445.138010888,19936.275771241922,12.2,4,,1.7787,0.71,2464416.3514,1907039.26498702,41,35,62.0,0
2026-09-11T00:34:46+00:00,GwTzkbi3ogqYSphVeSMGaBwdkBvEzBo87dmDWyCxd1aj,BILLY / SOL,C,0.0001406818484161302,64.8489094921,25.669909776975217,2.5,4.0,,0.3333,1.792,36170.8426,139221.276709828,1,1,24.9,0
2026-09-11T05:18:42+00:00,13MEx6gjRadJNUdmToaGSzgeWHLH7FzScUQS9Mc5nYF5,MU / USDC,A,980.7650917788237,145715.875903189,26390.116267335467,5.5,6.0,,0.6004,0.023,4117767.0708,5356979.52320142,20,6,80.6,0
2026-09-11T05:18:42+00:00,4tJW2axbTxtT6nKbjB5pZwePtW84cB7E1B6tdCCLGfrC,hyUSD / USDC,A,0.9965767359290426,98259.596767899,7134.928298235911,13.8,20.0,,0.1074,-0.02,1974626.2374,17431418.0953286,18,23,316.8,0
2026-09-11T05:18:42+00:00,5Jm4GnWPt62kphmhEET6rjzzFjvsfNxNqdpEuGwp2U9q,EYE / SOL,B,0.00012656437513115025,3479.3436153098,1035.6568656411966,3.4,38,,0.3192,7.278,50524.9906,126462.025029243,8,19,24.6,0
2026-09-11T05:18:42+00:00,68C62WPYiiNZxprbuaMj2ULXpiTDKcs5xsX7kBGnyajR,MANLET / SOL,B,0.0011526054609478518,139697.578333255,3759.475638725091,37.2,40,,0.5329,-39.508,58610.0124,1152605.461,230,184,35.2,0
2026-09-11T05:18:42+00:00,9R27f7ibnqi9jfk5LdWHRhX7faJBPPZyr5Va35RYWwoo,LAYOOO / SOL,A,0.0005078218017325398,3558.1112658896,776.6816379473606,4.6,50.5,,0.2478,-0.423,100670.1961,479165.518135464,10,7,32.3,0
2026-09-11T05:18:42+00:00,CsioJDbZethDNdy6M6HV5ECeowF8zm7BFvTBcb7FZeCt,SPCX / USDC,A,148.53485304818,15300.6951439916,4292.0016894205755,3.6,26.0,,0.2822,0.116,771963.0839,6491204.21819282,35,23,90.6,0
2026-09-11T05:18:42+00:00,DPAU7wDyMXDgNAfzQYMfyNqmTjzcoRsSPA2LeGH71hgi,SKHY / USDC,A,188.21479754598286,69610.9903808732,19936.275771241922,3.5,4.5,,1.5687,0.312,2485753.1761,1924074.91801578,13,2,62.2,0
2026-09-11T05:18:42+00:00,GwTzkbi3ogqYSphVeSMGaBwdkBvEzBo87dmDWyCxd1aj,BILLY / SOL,C,0.00013908110632695743,64.6942777949,25.669909776975217,2.5,4,,0.164,-1.413,36769.0837,137637.153659272,1,1,25.1,0
2026-09-11T09:57:17+00:00,5Jm4GnWPt62kphmhEET6rjzzFjvsfNxNqdpEuGwp2U9q,EYE / SOL,C,0.00011843014668904255,2142.2993190073,1035.6568656411966,2.1,38.0,,0.3364,-6.294,48928.294,119807.485433591,9,4,24.8,0
2026-09-11T09:57:17+00:00,68C62WPYiiNZxprbuaMj2ULXpiTDKcs5xsX7kBGnyajR,MANLET / SOL,B,0.0012809127634904169,51428.3179246822,3759.475638725091,13.7,40.5,,0.58,8.817,64803.0921,1280912.763,55,101,35.4,0
2026-09-11T09:57:17+00:00,6VZYoRYbZzeLtUf6BEJJgreKK2EEhq2bx2UNU3EvibLc,67coin / SOL,D,1.6261100047642753e-05,36.0241455583,5.201740359809294,6.9,2,,0.0353,0.0,14043.1025,16081.6929164476,0,1,23.9,0
2026-09-11T09:57:17+00:00,9R27f7ibnqi9jfk5LdWHRhX7faJBPPZyr5Va35RYWwoo,LAYOOO / SOL,A,0.0005230126565646711,1896.6785002988,776.6816379473606,2.4,50.0,,0.2312,0.377,102137.9018,493499.156105933,12,8,32.5,0
2026-09-11T09:57:17+00:00,CsioJDbZethDNdy6M6HV5ECeowF8zm7BFvTBcb7FZeCt,SPCX / USDC,A,149.976699541304,9672.7673515572,4292.0016894205755,2.3,26,,0.2775,0.113,781221.5173,6554214.569187,199,12,90.8,0
2026-09-11T09:57:17+00:00,DPAU7wDyMXDgNAfzQYMfyNqmTjzcoRsSPA2LeGH71hgi,SKHY / USDC,A,189.64126247959075,52544.0171660115,19936.275771241922,2.6,5,,1.5925,-0.501,2467884.4704,1935126.8989831,0,14,62.4,0
2026-09-11T14:18:05+00:00,13MEx6gjRadJNUdmToaGSzgeWHLH7FzScUQS9Mc5nYF5,MU / USDC,A,975.4004702769108,1450022.80930496,26390.116267335467,54.9,6.0,,0.6721,-2.238,4091332.4801,5430567.7478894,70,72,81.0,0
2026-09-11T14:18:05+00:00,4tJW2axbTxtT6nKbjB5pZwePtW84cB7E1B6tdCCLGfrC,hyUSD / USDC,A,1.0016992751288671,191202.749542736,7134.928298235911,26.8,20.0,,0.0835,0.188,1985051.7676,17448690.746034,67,27,317.2,0
2026-09-11T14:18:05+00:00,5Jm4GnWPt62kphmhEET6rjzzFjvsfNxNqdpEuGwp2U9q,EYE / SOL,B,0.0001298310622690223,3140.9106070229,1035.6568656411966,3.0,38,,0.3037,13.321,51977.1699,129842.093954235,13,14,24.9,0
2026-09-11T14:18:05+00:00,68C62WPYiiNZxprbuaMj2ULXpiTDKcs5xsX7kBGnyajR,MANLET / SOL,B,0.0013472820163407504,99811.8121659112,3759.475638725091,26.5,41,,0.7037,4.987,89224.6966,1347282.016,146,170,35.6,0
2026-09-11T14:18:05+00:00,9R27f7ibnqi9jfk5LdWHRhX7faJBPPZyr5Va35RYWwoo,LAYOOO / SOL,A,0.0005505408020570944,1735.0211269268,776.6816379473606,2.2,49.5,,0.2006,0.687,108924.9511,519377.5124591,13,13,32.7,0
2026-09-11T14:18:05+00:00,CsioJDbZethDNdy6M6HV5ECeowF8zm7BFvTBcb7FZeCt,SPCX / USDC,A,148.431688189272,441781.07679136,4292.0016894205755,102.9,26.0,,0.2329,-1.292,771017.4075,6485763.12267336,76,56,91.0,0
2026-09-11T14:18:05+00:00,DPAU7wDyMXDgNAfzQYMfyNqmTjzcoRsSPA2LeGH71hgi,SKHY / USDC,A,188.6344691881146,946099.307764588,19936.275771241922,47.5,4.5,,1.6274,-2.266,2467757.4217,1924797.25499791,37,30,62.5,0
2026-09-11T14:18:05+00:00,F1w2HgzJHTGVhDdH8u95gjSuWTjchGJfmukTyhXnTJYx,Intismeran / SOL,C,2.8396320225907152e-05,251.4748929952,6.251695032874703,40.2,11,,0.0225,-1.478,20566.1183,28396.32023,1,1,23.1,0
2026-09-11T17:50:47+00:00,13MEx6gjRadJNUdmToaGSzgeWHLH7FzScUQS9Mc5nYF5,MU / USDC,A,978.0894249342182,83242.3052828055,26390.116267335467,3.2,6,,0.6614,-0.236,4121320.8897,5504607.00684013,14,5,81.2,0
2026-09-11T17:50:47+00:00,4tJW2axbTxtT6nKbjB5pZwePtW84cB7E1B6tdCCLGfrC,hyUSD / USDC,A,0.9995388926858536,15096.359474439,7134.928298235911,2.1,20,,0.0811,0.484,1984373.4487,17428168.1636645,9,28,317.3,0
2026-09-11T17:50:47+00:00,68C62WPYiiNZxprbuaMj2ULXpiTDKcs5xsX7kBGnyajR,MANLET / SOL,B,0.0012613688921964369,16030.5664937685,3759.475638725091,4.3,41.0,,0.7994,3.416,73781.5613,1261149.097,40,48,35.7,0
2026-09-11T17:50:47+00:00,6VZYoRYbZzeLtUf6BEJJgreKK2EEhq2bx2UNU3EvibLc,67coin / SOL,D,1.6827413329257187e-05,139.9539771959,5.201740359809294,26.9,2,,0.027,1.565,14513.0562,16641.7581171697,2,2,24.3,0
2026-09-11T17:50:47+00:00,8TbYi38UqcedfptvjN2rURLbGbGub3itp2hgLvvS35hY,DPG / SOL,D,5.949443123864224e-06,1.1886299666,0.037627829808973924,31.6,21,,0.0073,-1.458,7326.7051,5734.0792131047,2,2,30.1,0
2026-09-11T17:50:47+00:00,9R27f7ibnqi9jfk5LdWHRhX7faJBPPZyr5Va35RYWwoo,LAYOOO / SOL,A,0.0006119545202245142,3724.2905677544,776.6816379473606,4.8,49.0,,0.1438,5.16,112792.4787,577422.047980915,13,13,32.8,0
2026-09-11T17:50:47+00:00,Ayk5yA1PTkjgwn3My9ERGyT55t3Dinyf9zfDFVSuimSb,MEMESLY / SOL,D,8.11244346059273e-06,4.7302530697,0.16094931513372873,29.4,1,,0.0024,1.103,5838.8923,8112.443461,5,4,23.6,0
2026-09-11T17:50:47+00:00,CsioJDbZethDNdy6M6HV5ECeowF8zm7BFvTBcb7FZeCt,SPCX / USDC,A,149.080283566729,40892.9717891387,4292.0016894205755,9.5,26,,0.187,0.692,777269.6019,6515027.07415483,43,42,91.2,0
2026-09-11T17:50:47+00:00,DPAU7wDyMXDgNAfzQYMfyNqmTjzcoRsSPA2LeGH71hgi,SKHY / USDC,A,190.29344527082134,55080.1983127765,19936.275771241922,2.8,5,,1.4522,-0.482,2474992.7225,1941781.86660884,17,4,62.7,0
2026-09-11T17:50:47+00:00,GwTzkbi3ogqYSphVeSMGaBwdkBvEzBo87dmDWyCxd1aj,BILLY / SOL,C,0.00012894912290963148,131.9578188351,25.669909776975217,5.1,4.0,,0.0382,0.013,35425.2331,127610.361428479,1,3,25.6,0
2026-09-11T20:50:07+00:00,4tJW2axbTxtT6nKbjB5pZwePtW84cB7E1B6tdCCLGfrC,hyUSD / USDC,A,0.9992188489613074,101489.748574868,7134.928298235911,14.2,20.0,,0.0615,-0.062,2004182.7001,17304097.6452312,18,25,317.4,0
2026-09-11T20:50:07+00:00,68C62WPYiiNZxprbuaMj2ULXpiTDKcs5xsX7kBGnyajR,MANLET / SOL,B,0.0010654387694423574,11332.201825128,3759.475638725091,3.0,41,,0.9868,-5.964,65087.1167,1066694.325,47,59,35.9,0
2026-09-11T20:50:07+00:00,CqU5xCL88SMmPZyTborzUc3afYwJjqu51AXsCjH5WJj2,UMPALUMPA / SOL,D,3.848796309528776e-05,81.6411291733,5.076196889261417,16.1,0,,0.0041,0.0,16676.1317,38487.9631,0,1,23.6,0
2026-09-11T20:50:07+00:00,CsioJDbZethDNdy6M6HV5ECeowF8zm7BFvTBcb7FZeCt,SPCX / USDC,A,150.915647860447,45725.7517530779,4292.0016894205755,10.7,26.0,,0.1619,0.38,783481.4682,6595234.62554063,35,31,91.3,0
2026-09-11T20:50:07+00:00,EWLKmz6R2tcVKiep4ZZXQYbnBXm96YfhMW97Csn1ZL6P,BOLLOCKS / SOL,D,8.16606501105564e-06,61.4302163302,8.845664981395338,6.9,6.0,,0.0134,0.0,7981.9582,8166.065011,0,1,25.0,0
2026-09-11T20:50:07+00:00,GwTzkbi3ogqYSphVeSMGaBwdkBvEzBo87dmDWyCxd1aj,BILLY / SOL,C,0.0001350396689387171,791.893074899,25.669909776975217,30.8,4,,0.0393,10.442,36070.0506,133637.67482835,3,2,25.7,0
2026-09-11T20:50:07+00:00,HttDe6BsDc3y58owhqayQmERsNmWnRzFvDEwJYmxGAx3,Qenis / SOL,B,0.00035208633769507496,3989.4672876729,1404.3465797480637,2.8,54.0,,0.2205,-9.716,75239.1452,339408.906229993,39,10,29.7,0
2026-09-11T23:08:56+00:00,2C7PaLGC7wtQZWR9wa7QT2bthqTDyzcBL6BEYFGdSA5e,Z500 / SOL,C,4.677737570664596e-05,548.4997510557,213.57799347690573,2.6,40,,0.1387,-0.305,28171.0147,46673.0249422372,3,2,25.3,0
2026-09-11T23:08:56+00:00,4tJW2axbTxtT6nKbjB5pZwePtW84cB7E1B6tdCCLGfrC,hyUSD / USDC,A,0.9964322488425634,130977.257481221,7134.928298235911,18.4,20,,0.0645,-0.301,2006308.5514,17255840.7494108,36,14,317.5,0
2026-09-11T23:08:56+00:00,68C62WPYiiNZxprbuaMj2ULXpiTDKcs5xsX7kBGnyajR,MANLET / SOL,B,0.0008459733284424155,39656.7139005412,3759.475638725091,10.5,41.0,,1.3135,-8.242,65498.7984,845973.3284,82,95,36.0,0
2026-09-11T23:08:56+00:00,9R27f7ibnqi9jfk5LdWHRhX7faJBPPZyr5Va35RYWwoo,LAYOOO / SOL,A,0.0005937774101547652,8950.5298309654,776.6816379473606,11.5,47.5,,0.1231,-3.177,111364.9776,560270.668693539,17,18,33.0,0
2026-09-11T23:08:56+00:00,Ayk5yA1PTkjgwn3My9ERGyT55t3Dinyf9zfDFVSuimSb,MEMESLY / SOL,D,7.988212314107232e-06,0.8350548361,0.16094931513372873,5.2,1,,0.0022,-0.013,5793.552,7988.212314,0,2,23.8,0
2026-09-11T23:08:56+00:00,CD5HDt23sjGud5VTWsv51BMPey2Qf9qH5cyswWmjBDdq,BULLSHIT / SOL,A,0.000987727451457304,24303.8470207187,11807.309323374855,2.1,144.0,,0.3027,0.242,147813.2207,966099.737204853,135,83,25.2,0
2026-09-11T23:08:56+00:00,CqU5xCL88SMmPZyTborzUc3afYwJjqu51AXsCjH5WJj2,UMPALUMPA / SOL,D,3.9093947516873786e-05,17.3118684168,5.076196889261417,3.4,0.0,,0.005,0.274,16522.3592,39093.94752,1,0,23.7,0
2026-09-11T23:08:56+00:00,EcGDaedZL6ZPqKHyQThL6epLS1KuHtk94jWcRWXAC8mn,CLUG / SOL,D,1.1888724986930555e-05,48.4506719701,13.41627428980073,3.6,9,,0.0158,0.0,12166.8233,11801.9834207417,1,0,23.9,0
2026-09-11T23:08:56+00:00,HttDe6BsDc3y58owhqayQmERsNmWnRzFvDEwJYmxGAx3,Qenis / SOL,B,0.00029143186445506334,17255.0653631327,1404.3465797480637,12.3,54,,0.2898,-15.093,67505.7953,280938.394305984,113,23,29.8,0
2026-09-12T01:09:44+00:00,68C62WPYiiNZxprbuaMj2ULXpiTDKcs5xsX7kBGnyajR,MANLET / SOL,B,0.0008471738218631351,20378.6737397582,3759.475638725091,5.4,41,,1.3408,1.811,64666.7277,847173.8219,71,58,36.0,0
2026-09-12T01:09:44+00:00,8TbYi38UqcedfptvjN2rURLbGbGub3itp2hgLvvS35hY,DPG / SOL,D,6.001405655589836e-06,0.8530094156,0.037627829808973924,22.7,20.0,,0.0079,-0.265,7360.9758,5784.1607532407,3,2,30.4,0
2026-09-12T01:09:44+00:00,9R27f7ibnqi9jfk5LdWHRhX7faJBPPZyr5Va35RYWwoo,LAYOOO / SOL,A,0.000550517128264041,2000.3574476833,776.6816379473606,2.6,47.0,,0.118,-5.177,107576.3857,519451.555922273,12,4,33.1,0
2026-09-12T01:09:44+00:00,Ayk5yA1PTkjgwn3My9ERGyT55t3Dinyf9zfDFVSuimSb,MEMESLY / SOL,D,8.099702519660556e-06,2.6085053365,0.16094931513372873,16.2,1.0,,0.0021,0.861,5787.2511,8099.70252,1,6,23.9,0
2026-09-12T01:09:44+00:00,DPAU7wDyMXDgNAfzQYMfyNqmTjzcoRsSPA2LeGH71hgi,SKHY / USDC,A,191.0374193398981,55040.0958293085,19936.275771241922,2.8,5.0,,1.2699,0.173,2479384.8706,1949373.48438672,5,3,63.0,0
2026-09-12T01:09:44+00:00,EcGDaedZL6ZPqKHyQThL6epLS1KuHtk94jWcRWXAC8mn,CLUG / SOL,D,1.2241947491876729e-05,146.2103072046,13.41627428980073,10.9,8.0,,0.031,-0.015,12577.346,12152.628766844,2,1,24.0,0
2026-09-12T05:50:54+00:00,68C62WPYiiNZxprbuaMj2ULXpiTDKcs5xsX7kBGnyajR,MANLET / SOL,B,0.0008676240005541067,13572.3125200992,3759.475638725091,3.6,41.0,,0.7788,-2.764,53106.3183,867624.0006,36,31,36.2,0
2026-09-12T10:31:18+00:00,6VZYoRYbZzeLtUf6BEJJgreKK2EEhq2bx2UNU3EvibLc,67coin / SOL,D,1.6540952220237774e-05,14.3490572002,5.201740359809294,2.8,2.0,,0.0156,0.0,14363.466,16358.4575047044,0,1,25.0,0
2026-09-12T10:31:18+00:00,GwTzkbi3ogqYSphVeSMGaBwdkBvEzBo87dmDWyCxd1aj,BILLY / SOL,C,0.00011732261403871522,261.2670510631,25.669909776975217,10.2,4,,0.1063,-1.973,33886.4828,114410.411919776,0,3,26.3,0
2026-09-12T13:45:49+00:00,4tJW2axbTxtT6nKbjB5pZwePtW84cB7E1B6tdCCLGfrC,hyUSD / USDC,A,0.9970065780710791,21351.9643632576,7134.928298235911,3.0,20,,0.0427,-0.482,2038227.4911,17453540.7128676,9,10,318.1,0
2026-09-12T13:45:49+00:00,9R27f7ibnqi9jfk5LdWHRhX7faJBPPZyr5Va35RYWwoo,LAYOOO / SOL,A,0.000593066654743777,5278.4394096946,776.6816379473606,6.8,46.0,,0.097,12.434,110613.1084,559600.016439246,12,33,33.6,0
2026-09-12T13:45:49+00:00,EcGDaedZL6ZPqKHyQThL6epLS1KuHtk94jWcRWXAC8mn,CLUG / SOL,D,1.2297414202455323e-05,32.6847508769,13.41627428980073,2.4,7,,0.0392,0.954,12434.2502,12207.6907850481,1,1,24.5,0
2026-09-12T13:45:49+00:00,G8kgi7aUpeX8EVR8VMkrth9SKEv5BietWC33UjAiiMGh,CYBERLEEK / SOL,A,0.0006304929639528179,20919.1476294485,5187.626152837784,4.0,223,,0.2425,7.656,263865.5768,460209.148577301,87,77,27.7,0
2026-09-12T13:45:49+00:00,GwTzkbi3ogqYSphVeSMGaBwdkBvEzBo87dmDWyCxd1aj,BILLY / SOL,C,0.00012063797752760883,549.1565632238,25.669909776975217,21.4,3.5,,0.1066,1.562,34476.7879,119385.503092675,2,1,26.4,0
2026-09-12T16:54:08+00:00,6VZYoRYbZzeLtUf6BEJJgreKK2EEhq2bx2UNU3EvibLc,67coin / SOL,D,1.5624956678364906e-05,18.5771745342,5.201740359809294,3.6,2.0,,0.029,0.0,14115.0005,15452.5680543092,0,1,25.2,0
2026-09-12T16:54:08+00:00,8TbYi38UqcedfptvjN2rURLbGbGub3itp2hgLvvS35hY,DPG / SOL,D,5.9826720424020056e-06,1.0531623613,0.037627829808973924,28.0,20.0,,0.0039,1.294,7293.1992,5766.1052773945,2,3,31.1,0
2026-09-12T16:54:08+00:00,9R27f7ibnqi9jfk5LdWHRhX7faJBPPZyr5Va35RYWwoo,LAYOOO / SOL,A,0.0006080302039026125,2754.5942168503,776.6816379473606,3.5,45.0,,0.0878,-2.757,113384.9873,573719.175410584,8,8,33.8,0
2026-09-12T16:54:08+00:00,Ayk5yA1PTkjgwn3My9ERGyT55t3Dinyf9zfDFVSuimSb,MEMESLY / SOL,D,7.105797100527595e-06,248.5993656895,0.16094931513372873,1544.6,1.0,,0.0499,-6.676,5606.2936,7105.797101,1,4,24.6,0
2026-09-12T16:54:08+00:00,GwTzkbi3ogqYSphVeSMGaBwdkBvEzBo87dmDWyCxd1aj,BILLY / SOL,C,0.00012003928595150457,57.8858797556,25.669909776975217,2.3,3,,0.0868,0.0,34219.8462,118793.027262046,0,2,26.6,0
2026-09-12T19:06:23+00:00,68C62WPYiiNZxprbuaMj2ULXpiTDKcs5xsX7kBGnyajR,MANLET / SOL,C,0.0007787088479941029,9668.863901077,3759.475638725091,2.6,40.5,,0.373,-6.437,46837.099,778708.848,33,26,36.8,0
2026-09-12T19:06:23+00:00,6VZYoRYbZzeLtUf6BEJJgreKK2EEhq2bx2UNU3EvibLc,67coin / SOL,D,1.558403277932272e-05,38.2726837039,5.201740359809294,7.4,2,,0.0336,0.0,13890.0391,15412.0956637133,0,1,25.3,0
2026-09-12T19:06:23+00:00,8TbYi38UqcedfptvjN2rURLbGbGub3itp2hgLvvS35hY,DPG / SOL,D,5.958561794219511e-06,0.2774958528,0.037627829808973924,7.4,20,,0.0021,-0.233,7262.9074,5742.8677963399,4,1,31.2,0
2026-09-12T19:06:23+00:00,Ayk5yA1PTkjgwn3My9ERGyT55t3Dinyf9zfDFVSuimSb,MEMESLY / SOL,D,6.5767817071852615e-06,1.4455544617,0.16094931513372873,9.0,1,,0.0575,1.107,5028.4448,6576.781707,2,7,24.7,0
2026-09-12T19:06:23+00:00,CsioJDbZethDNdy6M6HV5ECeowF8zm7BFvTBcb7FZeCt,SPCX / USDC,A,150.180620948813,29388.4453088641,4292.0016894205755,6.8,26,,0.0543,0.248,776324.4621,6471572.71011762,116,225,92.2,0
2026-09-12T19:06:23+00:00,GwTzkbi3ogqYSphVeSMGaBwdkBvEzBo87dmDWyCxd1aj,BILLY / SOL,C,0.00010887217244886291,81.9569217343,25.669909776975217,3.2,3.0,,0.098,-0.604,32468.7252,107741.851646729,0,2,26.7,0
2026-09-12T21:27:25+00:00,13MEx6gjRadJNUdmToaGSzgeWHLH7FzScUQS9Mc5nYF5,MU / USDC,A,962.6221347600624,73976.5182549016,26390.116267335467,2.8,6.0,,0.0462,-0.591,4068827.9564,5417557.2611653,2,15,82.3,0
2026-09-12T21:27:25+00:00,2C7PaLGC7wtQZWR9wa7QT2bthqTDyzcBL6BEYFGdSA5e,Z500 / SOL,C,4.845060739894755e-05,488.3935715286,213.57799347690573,2.3,36.5,,0.0692,-3.491,28654.6998,48342.3118032543,3,4,26.2,0
2026-09-12T21:27:25+00:00,68C62WPYiiNZxprbuaMj2ULXpiTDKcs5xsX7kBGnyajR,MANLET / SOL,C,0.0008893608204496692,20089.5943116331,3759.475638725091,5.3,40,,0.3256,4.688,48574.5409,889360.8204,37,61,36.9,0
2026-09-12T21:27:25+00:00,EcGDaedZL6ZPqKHyQThL6epLS1KuHtk94jWcRWXAC8mn,CLUG / SOL,D,1.21459208954366e-05,93.2805184037,13.41627428980073,7.0,7.0,,0.0449,0.0,12587.2344,12057.3027984089,0,1,24.8,0
2026-09-12T21:27:25+00:00,F1w2HgzJHTGVhDdH8u95gjSuWTjchGJfmukTyhXnTJYx,Intismeran / SOL,D,2.6645863521426605e-05,106.1961350193,6.251695032874703,17.0,9,,0.0104,-1.688,19604.8875,26645.86352,1,2,24.4,0
2026-09-12T21:27:25+00:00,GwTzkbi3ogqYSphVeSMGaBwdkBvEzBo87dmDWyCxd1aj,BILLY / SOL,C,0.00011016838116309616,53.9293439588,25.669909776975217,2.1,3,,0.0895,0.0,32259.7477,109024.603089584,1,0,26.8,0
2026-09-12T21:27:25+00:00,HttDe6BsDc3y58owhqayQmERsNmWnRzFvDEwJYmxGAx3,Qenis / SOL,B,0.0002908598093487605,2764.7073926735,1404.3465797480637,2.0,53.0,,0.1848,-0.821,68255.3973,280386.669651316,6,3,30.8,0
2026-09-12T23:14:00+00:00,2C7PaLGC7wtQZWR9wa7QT2bthqTDyzcBL6BEYFGdSA5e,Z500 / SOL,C,4.299582048140009e-05,431.0907269379,213.57799347690573,2.0,36,,0.0844,-4.373,27744.4667,42899.7172877736,1,3,26.3,0
2026-09-12T23:14:00+00:00,4tJW2axbTxtT6nKbjB5pZwePtW84cB7E1B6tdCCLGfrC,hyUSD / USDC,A,0.9966179269549379,16742.1262271996,7134.928298235911,2.3,20,,0.0201,-0.542,2062227.4691,17493681.6584067,24,8,318.5,0
2026-09-12T23:14:00+00:00,6VZYoRYbZzeLtUf6BEJJgreKK2EEhq2bx2UNU3EvibLc,67coin / SOL,D,1.820929175648726e-05,1844.2146743831,5.201740359809294,354.5,2,,0.4147,-19.776,15335.6064,18008.3798166538,8,16,25.5,0
2026-09-12T23:14:00+00:00,8TbYi38UqcedfptvjN2rURLbGbGub3itp2hgLvvS35hY,DPG / SOL,D,5.852280586630905e-06,0.5744205491,0.037627829808973924,15.3,20,,0.0101,1.388,7187.2267,5640.4338630959,1,1,31.4,0
2026-09-12T23:14:00+00:00,9R27f7ibnqi9jfk5LdWHRhX7faJBPPZyr5Va35RYWwoo,LAYOOO / SOL,A,0.0005396834417489667,2442.3773618894,776.6816379473606,3.1,44.0,,0.0831,-5.633,108949.5592,519579.279119008,6,6,34.0,0
2026-09-12T23:14:00+00:00,A9W9TH82joZ23fz1M1sNoFGrm2RnPJTk5hnD8stDs8LV,AXE / SOL,C,0.0001190421622960719,289.8620734792,53.25170680499425,5.4,5.0,,0.0078,-1.405,33740.6083,118367.322326923,1,1,25.1,0
2026-09-12T23:14:00+00:00,CsioJDbZethDNdy6M6HV5ECeowF8zm7BFvTBcb7FZeCt,SPCX / USDC,A,149.681164876598,22323.3812532338,4292.0016894205755,5.2,26,,0.0342,0.206,777448.7571,6481138.15931095,108,96,92.4,0
2026-09-13T01:08:17+00:00,68C62WPYiiNZxprbuaMj2ULXpiTDKcs5xsX7kBGnyajR,MANLET / SOL,C,0.0012754728168790578,18620.3016101487,3759.475638725091,5.0,40,,0.1897,28.065,45791.8752,1275472.817,48,69,37.0,0
2026-09-13T01:08:17+00:00,6qjVoJXVLL7JWiknpeqg88SYexdm7KQqWu8Uir3aD4ZJ,TROOPET / SOL,D,7.728863215149815e-06,4.5277299045,2.145730809467815,2.1,0,,0.0016,-1.286,7979.6368,6279.580541461,1,1,24.2,0
2026-09-13T01:08:17+00:00,8TbYi38UqcedfptvjN2rURLbGbGub3itp2hgLvvS35hY,DPG / SOL,D,5.779510085566987e-06,0.6816012328,0.037627829808973924,18.1,20.0,,0.0103,-0.069,7192.273,5570.2975816971,0,4,31.4,0
2026-09-13T01:08:17+00:00,9R27f7ibnqi9jfk5LdWHRhX7faJBPPZyr5Va35RYWwoo,LAYOOO / SOL,A,0.0007247227749759921,16287.7249188707,776.6816379473606,21.0,43.5,,0.1069,25.204,123192.5689,683826.748687922,26,40,34.1,0
2026-09-13T01:08:17+00:00,Ayk5yA1PTkjgwn3My9ERGyT55t3Dinyf9zfDFVSuimSb,MEMESLY / SOL,D,6.582099664786556e-06,0.3449159443,0.16094931513372873,2.1,1.0,,0.0569,1.344,5080.2374,6582.099665,2,3,24.9,0
2026-09-13T01:08:17+00:00,CsioJDbZethDNdy6M6HV5ECeowF8zm7BFvTBcb7FZeCt,SPCX / USDC,A,150.266974601762,24557.4568262166,4292.0016894205755,5.7,26.0,,0.03,-0.036,780667.0328,6522947.64121357,50,37,92.5,0
2026-09-13T01:08:17+00:00,DPAU7wDyMXDgNAfzQYMfyNqmTjzcoRsSPA2LeGH71hgi,SKHY / USDC,A,187.99311483917475,67278.4704705809,19936.275771241922,3.4,4.0,,0.2051,-0.089,2476291.5734,1919434.66329405,9,1,64.0,0
2026-09-13T06:13:52+00:00,13MEx6gjRadJNUdmToaGSzgeWHLH7FzScUQS9Mc5nYF5,MU / USDC,A,960.638468138509,77284.7009828391,26390.116267335467,2.9,6,,0.0752,-0.54,4080280.2969,5390092.30285462,12,39,82.7,0
2026-09-13T06:13:52+00:00,6VZYoRYbZzeLtUf6BEJJgreKK2EEhq2bx2UNU3EvibLc,67coin / SOL,D,1.8443274354504707e-05,194.3850094011,5.201740359809294,37.4,2,,0.4433,-1.356,15340.7507,18239.7807633101,1,1,25.8,0
2026-09-13T06:13:52+00:00,8TbYi38UqcedfptvjN2rURLbGbGub3itp2hgLvvS35hY,DPG / SOL,D,5.784869221809315e-06,0.1348205752,0.037627829808973924,3.6,20,,0.01,-1.332,7245.6571,5575.4627223157,1,1,31.6,0
2026-09-13T06:13:52+00:00,9R27f7ibnqi9jfk5LdWHRhX7faJBPPZyr5Va35RYWwoo,LAYOOO / SOL,A,0.0006814840482224561,2175.211974773,776.6816379473606,2.8,43.0,,0.1287,4.75,119341.9778,643027.978475341,9,12,34.3,0
2026-09-13T06:13:52+00:00,HttDe6BsDc3y58owhqayQmERsNmWnRzFvDEwJYmxGAx3,Qenis / SOL,B,0.0002923391928659736,3556.0117185647,1404.3465797480637,2.5,53,,0.1027,7.262,67102.7327,281559.878097192,15,5,31.1,0
2026-09-13T12:02:27+00:00,4tJW2axbTxtT6nKbjB5pZwePtW84cB7E1B6tdCCLGfrC,hyUSD / USDC,A,0.9995925874190958,26691.7520763614,7134.928298235911,3.7,20.0,,0.0171,-0.262,2089704.2785,17516512.1541146,9,5,319.1,0
2026-09-13T12:02:27+00:00,8TbYi38UqcedfptvjN2rURLbGbGub3itp2hgLvvS35hY,DPG / SOL,D,5.6635988103652194e-06,1.2641133335,0.037627829808973924,33.6,20.0,,0.0092,-1.247,7046.7788,5458.582178352,1,2,31.9,0
2026-09-13T12:02:27+00:00,9R27f7ibnqi9jfk5LdWHRhX7faJBPPZyr5Va35RYWwoo,LAYOOO / SOL,A,0.0007253626762696691,1872.4293396208,776.6816379473606,2.4,43.0,,0.1198,-1.083,122898.6948,684430.539693127,8,3,34.6,0
2026-09-13T12:02:27+00:00,CsioJDbZethDNdy6M6HV5ECeowF8zm7BFvTBcb7FZeCt,SPCX / USDC,A,149.126412833734,14912.9611753856,4292.0016894205755,3.5,26.0,,0.0483,0.048,776953.9925,6497725.2808346,36,32,92.9,0
2026-09-13T12:02:27+00:00,GwTzkbi3ogqYSphVeSMGaBwdkBvEzBo87dmDWyCxd1aj,BILLY / SOL,C,0.00010629670399912726,813.8386493995,25.669909776975217,31.7,3,,0.0247,-1.422,31314.3848,105193.121992891,2,1,27.4,0
2026-09-13T16:21:54+00:00,13MEx6gjRadJNUdmToaGSzgeWHLH7FzScUQS9Mc5nYF5,MU / USDC,A,953.1819264892993,69454.5622029371,26390.116267335467,2.6,6,,0.1797,0.623,4035030.4506,5518579.19588162,153,260,83.1,0
2026-09-13T16:21:54+00:00,4tJW2axbTxtT6nKbjB5pZwePtW84cB7E1B6tdCCLGfrC,hyUSD / USDC,A,1.0000891646290033,25579.066291217,7134.928298235911,3.6,20,,0.0158,0.008,2092775.9742,17525213.9999155,13,11,319.2,0
2026-09-13T16:21:54+00:00,6qjVoJXVLL7JWiknpeqg88SYexdm7KQqWu8Uir3aD4ZJ,TROOPET / SOL,D,7.654436120503751e-06,4.9019100237,2.145730809467815,2.3,0.0,,0.0054,0.0,7783.9003,6219.1096910606,1,0,24.9,0
2026-09-13T16:21:54+00:00,CsioJDbZethDNdy6M6HV5ECeowF8zm7BFvTBcb7FZeCt,SPCX / USDC,A,148.706106533077,9107.8004330755,4292.0016894205755,2.1,26,,0.0561,0.029,774498.1364,6479403.98359424,20,40,93.1,0
2026-09-13T18:53:52+00:00,5Jm4GnWPt62kphmhEET6rjzzFjvsfNxNqdpEuGwp2U9q,EYE / SOL,C,0.0001138769389609457,6361.8784724749,1035.6568656411966,6.1,36,,0.1819,12.976,48164.7031,113784.399014183,25,31,27.1,0
2026-09-13T18:53:52+00:00,68C62WPYiiNZxprbuaMj2ULXpiTDKcs5xsX7kBGnyajR,MANLET / SOL,C,0.0007450875940360507,24993.1362705793,3759.475638725091,6.6,40,,0.4377,-4.425,44742.4515,745087.594,79,91,37.8,0
2026-09-13T18:53:52+00:00,8TbYi38UqcedfptvjN2rURLbGbGub3itp2hgLvvS35hY,DPG / SOL,D,5.742356596500742e-06,0.5565258221,0.037627829808973924,14.8,19.5,,0.0088,0.193,7203.8578,5534.4890119656,2,4,32.2,0
2026-09-13T18:53:52+00:00,9R27f7ibnqi9jfk5LdWHRhX7faJBPPZyr5Va35RYWwoo,LAYOOO / SOL,A,0.0007086093522905292,3662.9950371361,776.6816379473606,4.7,42.5,,0.1198,-2.148,121034.7329,662352.940119544,11,13,34.9,0
2026-09-13T18:53:52+00:00,CD5HDt23sjGud5VTWsv51BMPey2Qf9qH5cyswWmjBDdq,BULLSHIT / SOL,A,0.0008246307501715792,24434.6057077465,11807.309323374855,2.1,141,,0.2308,-3.947,135022.4204,806573.651280957,143,77,27.0,0
2026-09-13T18:53:52+00:00,GwTzkbi3ogqYSphVeSMGaBwdkBvEzBo87dmDWyCxd1aj,BILLY / SOL,C,9.620167491801905e-05,539.378908324,25.669909776975217,21.0,3,,0.039,0.0,30847.4363,95202.9004190011,0,1,27.6,0
2026-09-13T18:53:52+00:00,HttDe6BsDc3y58owhqayQmERsNmWnRzFvDEwJYmxGAx3,Qenis / SOL,B,0.00030879927619446244,9106.84192329,1404.3465797480637,6.5,52.0,,0.1391,17.415,68994.1827,297680.061333386,21,43,31.7,0
2026-09-13T21:22:05+00:00,13MEx6gjRadJNUdmToaGSzgeWHLH7FzScUQS9Mc5nYF5,MU / USDC,A,940.3104479574347,103713.237126381,26390.116267335467,3.9,6,,0.1768,-0.938,4015549.7004,5423714.34448996,428,386,83.3,0
2026-09-13T21:22:05+00:00,4tJW2axbTxtT6nKbjB5pZwePtW84cB7E1B6tdCCLGfrC,hyUSD / USDC,A,0.9999907063419958,18204.7687026699,7134.928298235911,2.6,19,,0.0269,0.228,2071840.8776,17539016.4254541,2,3,319.5,0
2026-09-13T21:22:05+00:00,6VZYoRYbZzeLtUf6BEJJgreKK2EEhq2bx2UNU3EvibLc,67coin / SOL,D,1.8321115651815384e-05,42.3549312135,5.201740359809294,8.1,2,,0.434,-1.674,15315.0334,18118.9698994663,1,1,26.4,0
2026-09-13T21:22:05+00:00,8TbYi38UqcedfptvjN2rURLbGbGub3itp2hgLvvS35hY,DPG / SOL,D,5.835547138780622e-06,0.628338319,0.037627829808973924,16.7,19,,0.0086,1.414,7222.8403,5624.3061492342,1,2,32.3,0
2026-09-13T21:22:05+00:00,9R27f7ibnqi9jfk5LdWHRhX7faJBPPZyr5Va35RYWwoo,LAYOOO / SOL,A,0.0006507378941211423,5845.7871899102,776.6816379473606,7.5,42.0,,0.1357,-6.742,115633.191,614015.937426183,26,9,35.0,0
2026-09-13T21:22:05+00:00,A9W9TH82joZ23fz1M1sNoFGrm2RnPJTk5hnD8stDs8LV,AXE / SOL,C,0.00011101399760436385,619.5130010661,53.25170680499425,11.6,5.0,,0.0093,-5.27,32891.4862,110384.668615176,1,4,26.1,0
2026-09-13T23:24:03+00:00,8TbYi38UqcedfptvjN2rURLbGbGub3itp2hgLvvS35hY,DPG / SOL,D,5.727454694409309e-06,4.1974520033,0.037627829808973924,111.6,19.0,,0.0019,-0.181,7024.0457,5520.1265430005,3,5,32.4,0
2026-09-13T23:24:03+00:00,CsioJDbZethDNdy6M6HV5ECeowF8zm7BFvTBcb7FZeCt,SPCX / USDC,A,148.193221833257,13742.2382741861,4292.0016894205755,3.2,26.0,,0.0664,-0.286,773068.4021,6457007.72983382,74,122,93.4,0
2026-09-13T23:24:03+00:00,DPAU7wDyMXDgNAfzQYMfyNqmTjzcoRsSPA2LeGH71hgi,SKHY / USDC,A,182.38759673467132,51834.2853760001,19936.275771241922,2.6,4.0,,0.3806,-0.54,2444149.4117,1880077.18062796,8,0,64.9,0
2026-09-13T23:24:03+00:00,GwTzkbi3ogqYSphVeSMGaBwdkBvEzBo87dmDWyCxd1aj,BILLY / SOL,C,6.25422383923887e-05,3314.4903559202,25.669909776975217,129.1,3,,0.1562,-21.465,23894.9225,61892.9192072387,10,12,27.8,0
2026-09-14T01:29:18+00:00,13MEx6gjRadJNUdmToaGSzgeWHLH7FzScUQS9Mc5nYF5,MU / USDC,A,931.1458483234052,120131.982780427,26390.116267335467,4.6,6,,0.2537,-1.163,3996487.3997,5367824.33272651,37,100,83.5,0
2026-09-14T01:29:18+00:00,8TbYi38UqcedfptvjN2rURLbGbGub3itp2hgLvvS35hY,DPG / SOL,D,5.652857449006632e-06,0.67336643,0.037627829808973924,17.9,19,,0.0019,-0.18,7096.0297,5448.2296439136,1,2,32.4,0
2026-09-14T01:29:18+00:00,9R27f7ibnqi9jfk5LdWHRhX7faJBPPZyr5Va35RYWwoo,LAYOOO / SOL,A,0.0006083809007255238,1789.4689053346,776.6816379473606,2.3,42.0,,0.0928,-1.988,112328.2186,574049.202363019,12,5,35.1,0
2026-09-14T01:29:18+00:00,CsioJDbZethDNdy6M6HV5ECeowF8zm7BFvTBcb7FZeCt,SPCX / USDC,A,147.701797384891,214213.912478386,4292.0016894205755,49.9,26,,0.1367,-0.164,775248.7223,6435156.53296588,991,972,93.5,0
2026-09-14T01:29:18+00:00,DPAU7wDyMXDgNAfzQYMfyNqmTjzcoRsSPA2LeGH71hgi,SKHY / USDC,A,179.430081919013,73753.8847498535,19936.275771241922,3.7,4,,0.6087,-0.945,2437004.8985,1830300.6441273,4,13,65.0,0
2026-09-14T01:29:18+00:00,GwTzkbi3ogqYSphVeSMGaBwdkBvEzBo87dmDWyCxd1aj,BILLY / SOL,C,5.913727468898878e-05,305.4668524581,25.669909776975217,11.9,3.0,,0.1818,4.956,23366.3304,58523.306148724,2,2,27.9,0
2026-09-14T06:59:13+00:00,4tJW2axbTxtT6nKbjB5pZwePtW84cB7E1B6tdCCLGfrC,hyUSD / USDC,A,0.9974290031111581,29567.4188053816,7134.928298235911,4.1,19.0,,0.0273,-0.276,2067434.3148,17687879.1711818,3,21,319.9,0
2026-09-14T06:59:13+00:00,9R27f7ibnqi9jfk5LdWHRhX7faJBPPZyr5Va35RYWwoo,LAYOOO / SOL,A,0.0005629880333687756,2253.9886884273,776.6816379473606,2.9,42.0,,0.0951,1.188,108481.2736,531217.900729255,4,6,35.4,0
2026-09-14T13:54:46+00:00,13MEx6gjRadJNUdmToaGSzgeWHLH7FzScUQS9Mc5nYF5,MU / USDC,A,904.918784775651,522328.813019598,26390.116267335467,19.8,7,,0.3149,-0.985,3875338.7923,6025747.81163728,20,40,84.0,0
2026-09-14T13:54:46+00:00,2C7PaLGC7wtQZWR9wa7QT2bthqTDyzcBL6BEYFGdSA5e,Z500 / SOL,C,5.074684061686941e-05,687.8624917213,213.57799347690573,3.2,34,,0.0413,7.581,29177.022,50632.5506242547,6,7,27.9,0
2026-09-14T13:54:46+00:00,9R27f7ibnqi9jfk5LdWHRhX7faJBPPZyr5Va35RYWwoo,LAYOOO / SOL,A,0.0005956971890589494,1518.8335050115,776.6816379473606,2.0,42.0,,0.089,1.118,112167.4523,562081.235506303,5,6,35.6,0
2026-09-14T13:54:46+00:00,CsioJDbZethDNdy6M6HV5ECeowF8zm7BFvTBcb7FZeCt,SPCX / USDC,A,148.52409888837,573827.735986987,4292.0016894205755,133.7,26,,0.2296,0.181,775461.9385,6408392.47848067,69,93,94.0,0
2026-09-14T13:54:46+00:00,DPAU7wDyMXDgNAfzQYMfyNqmTjzcoRsSPA2LeGH71hgi,SKHY / USDC,A,177.1198091964209,370143.945830059,19936.275771241922,18.6,4,,0.9159,1.546,2413690.5629,1929815.676363,27,31,65.5,0
2026-09-14T19:12:00+00:00,4tJW2axbTxtT6nKbjB5pZwePtW84cB7E1B6tdCCLGfrC,hyUSD / USDC,A,1.0015998003766895,147292.597235197,7134.928298235911,20.6,19.0,,0.0361,0.205,2075490.7798,17807043.5952518,20,23,320.4,0
2026-09-14T19:12:00+00:00,8TbYi38UqcedfptvjN2rURLbGbGub3itp2hgLvvS35hY,DPG / SOL,D,5.937820271871147e-06,1.0114394819,0.037627829808973924,26.9,17.5,,0.002,1.316,7294.4931,5722.8770967619,3,7,33.2,0
2026-09-14T19:12:00+00:00,CsioJDbZethDNdy6M6HV5ECeowF8zm7BFvTBcb7FZeCt,SPCX / USDC,A,149.111800077206,59291.6236316172,4292.0016894205755,13.8,26.0,,0.3268,-0.632,779827.8591,6502112.04987351,55,54,94.2,0
2026-09-14T19:12:00+00:00,ExoRMH6uApXi6abtqfNbcbDsDYvNP5ZC6cYybzZVUoLH,Z / SOL,C,7.919176761430228e-05,1059.3828357801,453.3531541590603,2.3,24,,0.0648,-7.321,31305.5162,77549.9822348439,8,17,28.1,0
2026-09-14T19:12:00+00:00,GwTzkbi3ogqYSphVeSMGaBwdkBvEzBo87dmDWyCxd1aj,BILLY / SOL,C,6.495424986372144e-05,87.8576709966,25.669909776975217,3.4,3,,0.1498,-0.751,24838.3882,64279.8889557265,1,2,28.7,0
2026-09-14T22:33:04+00:00,2C7PaLGC7wtQZWR9wa7QT2bthqTDyzcBL6BEYFGdSA5e,Z500 / SOL,C,3.1868549475093654e-05,511.1888287426,213.57799347690573,2.4,34,,0.2296,-3.66,23243.2979,31796.768407093,8,6,28.3,0
2026-09-14T22:33:04+00:00,5Jm4GnWPt62kphmhEET6rjzzFjvsfNxNqdpEuGwp2U9q,EYE / SOL,C,0.00010260686001657771,2065.9215128559,1035.6568656411966,2.0,35.0,,0.1233,1.479,46200.5064,102523.442952237,4,5,28.3,0
2026-09-14T22:33:04+00:00,6VZYoRYbZzeLtUf6BEJJgreKK2EEhq2bx2UNU3EvibLc,67coin / SOL,D,1.6833644167738864e-05,29.7507658613,5.201740359809294,5.7,2,,0.0266,0.0,14682.4087,16647.9015710359,0,1,27.5,0
2026-09-14T22:33:04+00:00,8TbYi38UqcedfptvjN2rURLbGbGub3itp2hgLvvS35hY,DPG / SOL,D,5.938609558275166e-06,0.1100882066,0.037627829808973924,2.9,17,,0.0014,0.903,7290.476,5723.6378113954,1,1,33.3,0
2026-09-14T22:33:04+00:00,9R27f7ibnqi9jfk5LdWHRhX7faJBPPZyr5Va35RYWwoo,LAYOOO / SOL,A,0.0005861489428862656,1949.6189690254,776.6816379473606,2.5,42.0,,0.0723,-2.976,111374.2944,553071.808593033,8,3,36.0,0
2026-09-14T22:33:04+00:00,A9W9TH82joZ23fz1M1sNoFGrm2RnPJTk5hnD8stDs8LV,AXE / SOL,C,0.00010877288947054386,109.1156881611,53.25170680499425,2.0,4.5,,0.0021,-0.568,32319.233,108156.265167886,0,1,27.1,0
2026-09-14T22:33:04+00:00,CsioJDbZethDNdy6M6HV5ECeowF8zm7BFvTBcb7FZeCt,SPCX / USDC,A,148.006918469838,13547.0207969139,4292.0016894205755,3.2,26,,0.3498,0.195,772200.5645,6416230.94959491,18,161,94.4,0
2026-09-14T22:33:04+00:00,EWLKmz6R2tcVKiep4ZZXQYbnBXm96YfhMW97Csn1ZL6P,BOLLOCKS / SOL,D,8.403543004395917e-06,99.4411356376,8.845664981395338,11.2,4,,0.0136,0.0,7925.3199,8403.543004,1,0,28.1,0
2026-09-14T22:33:04+00:00,GwTzkbi3ogqYSphVeSMGaBwdkBvEzBo87dmDWyCxd1aj,BILLY / SOL,C,6.882875507476516e-05,293.0223543024,25.669909776975217,11.4,3.0,,0.1128,1.976,25284.1175,68114.1687017629,2,0,28.8,0
2026-09-15T00:56:54+00:00,13MEx6gjRadJNUdmToaGSzgeWHLH7FzScUQS9Mc5nYF5,MU / USDC,A,935.0191915020953,139597.841454101,26390.116267335467,5.3,6.5,,0.3113,0.032,3968491.1368,6504280.64141734,21,13,84.4,0
2026-09-15T00:56:54+00:00,4tJW2axbTxtT6nKbjB5pZwePtW84cB7E1B6tdCCLGfrC,hyUSD / USDC,A,0.9973078400683422,63184.7104441271,7134.928298235911,8.9,19.0,,0.0284,0.512,2105932.2172,17975770.4573695,17,5,320.6,0
2026-09-15T00:56:54+00:00,6VZYoRYbZzeLtUf6BEJJgreKK2EEhq2bx2UNU3EvibLc,67coin / SOL,D,1.6288740542965976e-05,162.8874054297,5.201740359809294,31.3,2.0,,0.0372,0.0,14456.1536,16109.0104131661,0,1,27.6,0
2026-09-15T00:56:54+00:00,8TbYi38UqcedfptvjN2rURLbGbGub3itp2hgLvvS35hY,DPG / SOL,D,5.827150853605502e-06,0.557745308,0.037627829808973924,14.8,16.5,,0.0009,0.11,7250.1711,5616.2138013821,1,7,33.4,0
2026-09-15T00:56:54+00:00,9R27f7ibnqi9jfk5LdWHRhX7faJBPPZyr5Va35RYWwoo,LAYOOO / SOL,A,0.0005473640930259711,3815.9726475556,776.6816379473606,4.9,42.0,,0.0818,-6.21,107442.9177,516475.6373638,10,6,36.1,0
2026-09-15T00:56:54+00:00,CsioJDbZethDNdy6M6HV5ECeowF8zm7BFvTBcb7FZeCt,SPCX / USDC,A,148.391711672625,128844.069689691,4292.0016894205755,30.0,26.0,,0.3073,-0.239,778695.3198,6432901.15308223,893,611,94.5,0
2026-09-15T00:56:54+00:00,DPAU7wDyMXDgNAfzQYMfyNqmTjzcoRsSPA2LeGH71hgi,SKHY / USDC,A,178.1255854259885,353824.555220104,19936.275771241922,17.7,4.0,,1.0536,0.849,2418968.6589,2150360.0915829,13,10,66.0,0
2026-09-15T00:56:54+00:00,HttDe6BsDc3y58owhqayQmERsNmWnRzFvDEwJYmxGAx3,Qenis / SOL,B,0.0002506851949544559,3117.3676899818,1404.3465797480637,2.2,49.0,,0.2558,5.487,62772.3053,241658.546413602,37,17,32.9,0
2026-09-15T06:03:44+00:00,4tJW2axbTxtT6nKbjB5pZwePtW84cB7E1B6tdCCLGfrC,hyUSD / USDC,A,0.99707532061355,59457.6964233701,8629.434991980192,6.9,19,,0.0367,-0.244,2111749.7764,17890278.2850344,18,8,320.8,0
2026-09-15T06:03:44+00:00,CsioJDbZethDNdy6M6HV5ECeowF8zm7BFvTBcb7FZeCt,SPCX / USDC,A,148.088013106998,34256.9636615002,4292.0016894205755,8.0,26,,0.3092,0.627,773077.4735,6436533.66286782,260,104,94.7,0
2026-09-15T06:03:44+00:00,DPAU7wDyMXDgNAfzQYMfyNqmTjzcoRsSPA2LeGH71hgi,SKHY / USDC,A,176.47413510416123,107879.976780619,19936.275771241922,5.4,4,,1.0035,0.723,2414410.561,2131382.18340908,8,8,66.2,0
2026-09-15T11:48:41+00:00,4tJW2axbTxtT6nKbjB5pZwePtW84cB7E1B6tdCCLGfrC,hyUSD / USDC,A,0.997118274631353,61632.4324117013,8629.434991980192,7.1,19.0,,0.0374,0.226,2096839.5952,18022083.9214166,20,16,321.1,0
2026-09-15T11:48:41+00:00,6VZYoRYbZzeLtUf6BEJJgreKK2EEhq2bx2UNU3EvibLc,67coin / SOL,D,1.320520074287788e-05,173.7841570759,5.201740359809294,33.4,2.0,,0.1735,-2.932,12730.2104,13059.4944223114,1,1,28.0,0
2026-09-15T16:45:49+00:00,13MEx6gjRadJNUdmToaGSzgeWHLH7FzScUQS9Mc5nYF5,MU / USDC,A,924.6526617526149,92823.7771815708,26390.116267335467,3.5,7,,0.2938,-0.579,3904860.4555,6457133.48028243,11,13,85.1,0
2026-09-15T16:45:49+00:00,6qjVoJXVLL7JWiknpeqg88SYexdm7KQqWu8Uir3aD4ZJ,TROOPET / SOL,D,7.51275791890672e-06,5.7076961228,1.4261160010211418,4.0,0.0,,0.0101,-1.273,7685.441,6103.9983667067,1,1,26.9,0
2026-09-15T16:45:49+00:00,CsioJDbZethDNdy6M6HV5ECeowF8zm7BFvTBcb7FZeCt,SPCX / USDC,A,144.261875793262,105722.163445152,4292.0016894205755,24.6,26,,0.2233,-0.787,763145.3641,6200485.45173951,277,218,95.1,0
2026-09-15T16:45:49+00:00,DPAU7wDyMXDgNAfzQYMfyNqmTjzcoRsSPA2LeGH71hgi,SKHY / USDC,A,172.86964475109764,235804.745965422,19936.275771241922,11.8,4,,1.1444,-0.637,2382674.9945,2097383.21998997,11,25,66.6,0
2026-09-15T16:45:49+00:00,EWLKmz6R2tcVKiep4ZZXQYbnBXm96YfhMW97Csn1ZL6P,BOLLOCKS / SOL,D,8.417510906783698e-06,81.5932180469,8.845664981395338,9.2,4,,0.0216,1.704,7826.9424,8417.510907,2,0,28.9,0
2026-09-15T20:06:15+00:00,4tJW2axbTxtT6nKbjB5pZwePtW84cB7E1B6tdCCLGfrC,hyUSD / USDC,A,0.9974720869449911,36132.2717548162,8629.434991980192,4.2,19.0,,0.0425,0.031,2100524.8673,17889160.706165,12,24,321.4,0
2026-09-15T20:06:15+00:00,68C62WPYiiNZxprbuaMj2ULXpiTDKcs5xsX7kBGnyajR,MANLET / SOL,C,0.0005126975978600387,13646.2447575615,4567.5405866868605,3.0,38,,0.2364,2.243,27727.0621,516547.0551,45,43,39.8,0
2026-09-15T20:06:15+00:00,6VZYoRYbZzeLtUf6BEJJgreKK2EEhq2bx2UNU3EvibLc,67coin / SOL,D,1.30428251427805e-05,34.1606210542,5.201740359809294,6.6,1.5,,0.182,0.0,12371.2607,12898.9104763139,0,1,28.4,0
2026-09-15T20:06:15+00:00,8TbYi38UqcedfptvjN2rURLbGbGub3itp2hgLvvS35hY,DPG / SOL,D,5.551507749928996e-06,1.8774655181,0.13238898460710496,14.2,12.5,,0.001,-1.239,6901.0872,5350.4890959724,1,2,34.2,0
2026-09-15T20:06:15+00:00,9R27f7ibnqi9jfk5LdWHRhX7faJBPPZyr5Va35RYWwoo,LAYOOO / SOL,A,0.0005539650535283455,2844.8892992331,1437.1489524682804,2.0,41.0,,0.0866,1.833,106005.0815,522704.085715315,10,9,36.9,0
2026-09-15T20:06:15+00:00,A9W9TH82joZ23fz1M1sNoFGrm2RnPJTk5hnD8stDs8LV,AXE / SOL,C,9.552481205334868e-05,672.0510608904,12.23727704878511,54.9,4,,0.0095,-2.525,29736.5281,94983.2899510523,1,1,28.0,0
2026-09-15T20:06:15+00:00,CsioJDbZethDNdy6M6HV5ECeowF8zm7BFvTBcb7FZeCt,SPCX / USDC,A,143.418772363945,86553.6900701437,4292.0016894205755,20.2,26.0,,0.2168,-0.091,759112.6772,6202506.02840873,42,38,95.3,0
2026-09-15T22:54:38+00:00,6VZYoRYbZzeLtUf6BEJJgreKK2EEhq2bx2UNU3EvibLc,67coin / SOL,D,1.2745358797141997e-05,41.0138815938,5.201740359809294,7.9,1,,0.1871,-0.081,12152.1512,12604.7263828992,0,2,28.5,0
2026-09-15T22:54:38+00:00,CsioJDbZethDNdy6M6HV5ECeowF8zm7BFvTBcb7FZeCt,SPCX / USDC,A,143.511302460777,17924.2111020062,4292.0016894205755,4.2,26,,0.2193,0.097,761794.4514,6206504.66813262,20,51,95.4,0
2026-09-15T22:54:38+00:00,EWLKmz6R2tcVKiep4ZZXQYbnBXm96YfhMW97Csn1ZL6P,BOLLOCKS / SOL,D,8.537900381656688e-06,47.1127550615,8.845664981395338,5.3,3,,0.0255,-1.205,7993.737,8537.900382,1,1,29.1,0
2026-09-15T22:54:38+00:00,EcGDaedZL6ZPqKHyQThL6epLS1KuHtk94jWcRWXAC8mn,CLUG / SOL,D,1.079271501874499e-05,32.3394485034,13.41627428980073,2.4,4,,0.0062,0.0,11457.8559,10713.9700714727,0,1,27.9,0
2026-09-15T22:54:38+00:00,GwTzkbi3ogqYSphVeSMGaBwdkBvEzBo87dmDWyCxd1aj,BILLY / SOL,C,6.377016072508296e-05,110.7597303606,11.80496492327403,9.4,3.0,,0.0152,1.183,23709.9734,63108.0931463047,1,2,29.8,0
2026-09-16T01:15:17+00:00,8TbYi38UqcedfptvjN2rURLbGbGub3itp2hgLvvS35hY,DPG / SOL,D,5.5870689788322e-06,0.6137733278,0.13238898460710496,4.6,9.5,,0.0009,1.323,6852.4488,5384.7626621048,1,4,34.4,0
2026-09-16T01:15:17+00:00,9R27f7ibnqi9jfk5LdWHRhX7faJBPPZyr5Va35RYWwoo,LAYOOO / SOL,B,0.0004673609337773631,5676.5877975137,1437.1489524682804,3.9,40.0,,0.0896,-17.153,95903.4867,435777.357766362,40,10,37.1,0
2026-09-16T01:15:17+00:00,CsioJDbZethDNdy6M6HV5ECeowF8zm7BFvTBcb7FZeCt,SPCX / USDC,A,143.193609597662,17385.5215544192,4292.0016894205755,4.1,26.0,,0.1923,-0.263,759287.998,6192769.81061161,11,37,95.5,0
2026-09-16T01:15:17+00:00,DPAU7wDyMXDgNAfzQYMfyNqmTjzcoRsSPA2LeGH71hgi,SKHY / USDC,A,176.72551557977945,84959.1275240033,19936.275771241922,4.3,4.0,,0.7997,0.667,2410377.4473,2226766.64947139,7,6,67.0,0
2026-09-16T01:15:17+00:00,F1w2HgzJHTGVhDdH8u95gjSuWTjchGJfmukTyhXnTJYx,Intismeran / SOL,D,2.5356108162462205e-05,48.915257655,6.251695032874703,7.8,6,,0.0023,0.0,18479.0025,25356.10816,1,0,27.6,0
2026-09-16T01:15:17+00:00,GwTzkbi3ogqYSphVeSMGaBwdkBvEzBo87dmDWyCxd1aj,BILLY / SOL,C,7.391541747566897e-05,910.5755004369,11.80496492327403,77.1,3,,0.0254,6.552,25274.3677,73148.0209219764,4,0,29.9,0
2026-09-16T06:35:01+00:00,9R27f7ibnqi9jfk5LdWHRhX7faJBPPZyr5Va35RYWwoo,LAYOOO / SOL,B,0.00043952460623507045,3707.5901217405,1437.1489524682804,2.6,40.0,,0.1085,-1.225,93696.4376,414721.661559026,24,18,37.3,0
2026-09-16T06:35:01+00:00,DPAU7wDyMXDgNAfzQYMfyNqmTjzcoRsSPA2LeGH71hgi,SKHY / USDC,A,179.404853257938,52404.4121568547,21701.22995198104,2.4,4,,0.7715,-0.029,2420957.314,2260526.3046864,9,4,67.2,0
2026-09-16T12:08:38+00:00,6qjVoJXVLL7JWiknpeqg88SYexdm7KQqWu8Uir3aD4ZJ,TROOPET / SOL,D,7.316367352654674e-06,9.682106763,1.4261160010211418,6.8,0,,0.0242,0.0,7527.9817,5944.4341018887,1,0,27.7,0
2026-09-16T12:08:38+00:00,CD5HDt23sjGud5VTWsv51BMPey2Qf9qH5cyswWmjBDdq,BULLSHIT / SOL,B,0.0004439234697524271,51064.886510443,4267.140450094398,12.0,136,,0.3315,-32.191,96776.2185,431068.711427361,249,85,29.7,0
2026-09-16T12:08:38+00:00,CsioJDbZethDNdy6M6HV5ECeowF8zm7BFvTBcb7FZeCt,SPCX / USDC,A,144.346960545021,30452.6426432806,7874.311963505519,3.9,26.0,,0.1572,0.411,762846.2314,6248262.31557576,16,32,95.9,0
2026-09-16T17:01:56+00:00,CsioJDbZethDNdy6M6HV5ECeowF8zm7BFvTBcb7FZeCt,SPCX / USDC,A,150.990576139052,72989.8877036904,7874.311963505519,9.3,26,,0.2453,0.472,784415.3096,6531974.26981727,75,48,96.1,0
2026-09-16T20:10:43+00:00,CsioJDbZethDNdy6M6HV5ECeowF8zm7BFvTBcb7FZeCt,SPCX / USDC,A,151.028429824299,227977.831936539,7874.311963505519,29.0,26.0,,0.3464,1.01,788412.1127,6531696.76515261,41,54,96.3,0
2026-09-16T22:58:47+00:00,CsioJDbZethDNdy6M6HV5ECeowF8zm7BFvTBcb7FZeCt,SPCX / USDC,A,151.149677177183,21059.9005040448,7874.311963505519,2.7,26,,0.346,-0.421,784411.8974,6536940.42429037,25,15,96.4,0
2026-09-17T06:34:06+00:00,13MEx6gjRadJNUdmToaGSzgeWHLH7FzScUQS9Mc5nYF5,MU / USDC,A,929.8590485263376,35848.361413392,5254.198506513012,6.8,7,,0.1383,-0.062,4458102.8354,6545529.3796777,0,11,86.7,0
2026-09-17T06:34:06+00:00,4tJW2axbTxtT6nKbjB5pZwePtW84cB7E1B6tdCCLGfrC,hyUSD / USDC,A,1.0020087351358016,21909.1939538288,8629.434991980192,2.5,19,,0.0073,0.493,2039160.0939,17932443.0205572,9,11,322.8,0
2026-09-17T06:34:06+00:00,E3H4To39g5m31DyVUGqr7shi4m3DpXUVLngBStfam7E8,Sakadung / SOL,D,1.673975658948003e-05,121.758924692,45.95575859185075,2.6,18.0,,0.0508,-2.555,11807.6158,16739.75659,0,2,28.1,0
2026-09-17T06:34:06+00:00,ExoRMH6uApXi6abtqfNbcbDsDYvNP5ZC6cYybzZVUoLH,Z / SOL,C,6.80680587185152e-05,99.7961400018,51.02443719966898,2.0,21.0,,0.0266,0.0,28122.2791,66656.8695672271,1,0,30.5,0
2026-09-17T12:09:24+00:00,6qjVoJXVLL7JWiknpeqg88SYexdm7KQqWu8Uir3aD4ZJ,TROOPET / SOL,D,7.369975627890296e-06,7.0945418718,1.4261160010211418,5.0,0,,0.002,0.0,7599.3301,5987.9899872999,1,0,28.7,0
2026-09-17T12:09:24+00:00,E3H4To39g5m31DyVUGqr7shi4m3DpXUVLngBStfam7E8,Sakadung / SOL,D,1.628325241203939e-05,201.9406925434,45.95575859185075,4.4,18,,0.0909,2.608,11393.2147,16283.25241,1,1,28.4,0
2026-09-17T12:09:24+00:00,ExoRMH6uApXi6abtqfNbcbDsDYvNP5ZC6cYybzZVUoLH,Z / SOL,C,6.385894272807565e-05,116.8291611574,51.02443719966898,2.3,21,,0.0324,0.698,27523.3122,62535.0171034617,1,1,30.8,0
2026-09-17T12:09:24+00:00,G8kgi7aUpeX8EVR8VMkrth9SKEv5BietWC33UjAiiMGh,CYBERLEEK / SOL,A,0.0006093589723800411,1664.1694063991,801.7623517826613,2.1,150.5,,0.0215,0.604,258875.0197,444780.130157054,10,8,32.6,0
2026-09-17T17:02:49+00:00,13MEx6gjRadJNUdmToaGSzgeWHLH7FzScUQS9Mc5nYF5,MU / USDC,A,978.2828440425167,106853.180881244,5254.198506513012,20.3,6,,0.2379,-0.019,4610183.4657,6892002.62788329,7,18,87.1,0
2026-09-17T17:02:49+00:00,5Jm4GnWPt62kphmhEET6rjzzFjvsfNxNqdpEuGwp2U9q,EYE / SOL,C,0.00010071127331602216,905.5920789195,184.6191071544995,4.9,33.0,,0.0288,0.885,45413.1586,100628.661168114,9,10,31.0,0
2026-09-17T17:02:49+00:00,8TbYi38UqcedfptvjN2rURLbGbGub3itp2hgLvvS35hY,DPG / SOL,D,5.748559525856358e-06,4.2109654051,0.13238898460710496,31.8,7,,0.0015,-0.197,7201.6244,5540.4056783333,3,3,36.1,0
2026-09-17T17:02:49+00:00,9R27f7ibnqi9jfk5LdWHRhX7faJBPPZyr5Va35RYWwoo,LAYOOO / SOL,B,0.0003879023221201369,7996.9301026772,1437.1489524682804,5.6,38.0,,0.0418,-8.361,89900.2777,370250.066169824,24,17,38.8,0
2026-09-17T17:02:49+00:00,CsioJDbZethDNdy6M6HV5ECeowF8zm7BFvTBcb7FZeCt,SPCX / USDC,A,154.182562452518,31219.6624532992,7874.311963505519,4.0,26,,0.261,-0.231,793328.6937,6668264.79448247,46,51,97.1,0
2026-09-17T17:02:49+00:00,E3H4To39g5m31DyVUGqr7shi4m3DpXUVLngBStfam7E8,Sakadung / SOL,D,2.2059509513115072e-05,766.004788702,45.95575859185075,16.7,17.5,,0.2786,16.449,13808.3183,22059.50951,12,3,28.6,0
2026-09-17T17:02:49+00:00,ExoRMH6uApXi6abtqfNbcbDsDYvNP5ZC6cYybzZVUoLH,Z / SOL,C,6.267297008242022e-05,335.6478455168,51.02443719966898,6.6,21.0,,0.0348,0.164,27270.8108,61373.6320760653,1,9,31.0,0
2026-09-17T20:21:08+00:00,13MEx6gjRadJNUdmToaGSzgeWHLH7FzScUQS9Mc5nYF5,MU / USDC,A,985.9188152341444,67713.9169154983,5254.198506513012,12.9,6.5,,0.256,1.128,4596044.436,6925162.6059011,15,4,87.3,0
2026-09-17T20:21:08+00:00,2C7PaLGC7wtQZWR9wa7QT2bthqTDyzcBL6BEYFGdSA5e,Z500 / SOL,C,3.2575379752803726e-05,219.8618880297,43.78267391466864,5.0,29.0,,0.0275,1.564,23232.8106,32501.632478903,5,2,31.2,0
2026-09-17T20:21:08+00:00,4tJW2axbTxtT6nKbjB5pZwePtW84cB7E1B6tdCCLGfrC,hyUSD / USDC,A,1.0046559306388938,33410.9976611409,8629.434991980192,3.9,19.0,,0.0326,0.532,2048944.6027,17974773.6265575,27,13,323.4,0
2026-09-17T20:21:08+00:00,5Jm4GnWPt62kphmhEET6rjzzFjvsfNxNqdpEuGwp2U9q,EYE / SOL,C,0.00010574811504506488,550.203305818,184.6191071544995,3.0,33,,0.0688,-4.658,46614.8322,105661.371213165,2,8,31.2,0
2026-09-17T20:21:08+00:00,6qjVoJXVLL7JWiknpeqg88SYexdm7KQqWu8Uir3aD4ZJ,TROOPET / SOL,D,7.358235516535056e-06,5.8597396604,1.4261160010211418,4.1,0,,0.0026,-1.294,7677.2578,5978.4513306386,1,1,29.0,0
2026-09-17T20:21:08+00:00,8TbYi38UqcedfptvjN2rURLbGbGub3itp2hgLvvS35hY,DPG / SOL,D,5.061295939308791e-06,5.5115187765,0.13238898460710496,41.6,7.0,,0.0618,0.257,6653.592,4878.0277273519,5,9,36.2,0
2026-09-17T20:21:08+00:00,CsioJDbZethDNdy6M6HV5ECeowF8zm7BFvTBcb7FZeCt,SPCX / USDC,A,154.623804200398,122198.375026005,7874.311963505519,15.5,26.0,,0.1467,-0.194,795054.975,6687348.12509117,49,42,97.3,0
2026-09-17T20:21:08+00:00,DPAU7wDyMXDgNAfzQYMfyNqmTjzcoRsSPA2LeGH71hgi,SKHY / USDC,A,182.33308324151398,87633.1808206071,21701.22995198104,4.0,4.0,,0.582,-0.057,2456528.0468,2277365.72774833,4,18,68.8,0
2026-09-17T20:21:08+00:00,ExoRMH6uApXi6abtqfNbcbDsDYvNP5ZC6cYybzZVUoLH,Z / SOL,C,6.5599113802718e-05,128.088405876,51.02443719966898,2.5,21,,0.0436,0.339,27919.1456,63220.6998511872,1,12,31.1,0
2026-09-17T20:21:08+00:00,GwTzkbi3ogqYSphVeSMGaBwdkBvEzBo87dmDWyCxd1aj,BILLY / SOL,C,5.475306039809754e-05,30.5370666504,11.80496492327403,2.6,3,,0.0189,0.0,22616.1618,54184.6091685152,0,1,31.7,0
2026-09-17T20:21:08+00:00,HttDe6BsDc3y58owhqayQmERsNmWnRzFvDEwJYmxGAx3,Qenis / SOL,B,0.00019322620378319473,1889.0492361622,442.64119219207987,4.3,40.0,,0.0555,-6.963,54825.1251,186268.247330666,19,4,35.7,0
2026-09-17T23:00:00+00:00,4tJW2axbTxtT6nKbjB5pZwePtW84cB7E1B6tdCCLGfrC,hyUSD / USDC,A,0.9978462439413425,429552.392805672,8629.434991980192,49.8,19,,0.0631,-0.429,2044987.15,17796451.9506779,16,23,323.5,0
2026-09-17T23:00:00+00:00,9R27f7ibnqi9jfk5LdWHRhX7faJBPPZyr5Va35RYWwoo,LAYOOO / SOL,B,0.00030171832533763745,3028.880576893,1437.1489524682804,2.1,37.5,,0.1976,-2.193,78586.1013,284691.967103414,24,26,39.0,0
2026-09-17T23:00:00+00:00,CsioJDbZethDNdy6M6HV5ECeowF8zm7BFvTBcb7FZeCt,SPCX / USDC,A,154.36987200594,22514.5330640586,7874.311963505519,2.9,26,,0.1467,-0.434,794725.4857,6683292.25708789,57,39,97.4,0
2026-09-17T23:00:00+00:00,E3H4To39g5m31DyVUGqr7shi4m3DpXUVLngBStfam7E8,Sakadung / SOL,D,2.3553993203828524e-05,124.823675893,45.95575859185075,2.7,17.0,,0.2862,1.826,14320.3645,23553.9932,3,0,28.8,0
2026-09-17T23:00:00+00:00,HttDe6BsDc3y58owhqayQmERsNmWnRzFvDEwJYmxGAx3,Qenis / SOL,B,0.0002048811902824072,1417.2413400146,442.64119219207987,3.2,40,,0.0669,2.555,55887.9497,197503.544952435,5,7,35.8,0
2026-09-18T01:14:02+00:00,13MEx6gjRadJNUdmToaGSzgeWHLH7FzScUQS9Mc5nYF5,MU / USDC,A,971.2660917737567,51918.7224607225,5254.198506513012,9.9,6.5,,0.269,-1.347,4576086.0441,6822230.68588818,1,9,87.5,0
2026-09-18T01:14:02+00:00,4tJW2axbTxtT6nKbjB5pZwePtW84cB7E1B6tdCCLGfrC,hyUSD / USDC,A,0.9972437443266969,62280.7755582452,8629.434991980192,7.2,19.0,,0.077,-0.004,2034014.8883,17892387.060128,12,23,323.6,0
2026-09-18T01:14:02+00:00,5Jm4GnWPt62kphmhEET6rjzzFjvsfNxNqdpEuGwp2U9q,EYE / SOL,C,9.911020567801595e-05,389.737352706,184.6191071544995,2.1,33,,0.0942,-0.055,44758.4433,99028.9053526583,9,2,31.4,0
2026-09-18T01:14:02+00:00,6VZYoRYbZzeLtUf6BEJJgreKK2EEhq2bx2UNU3EvibLc,67coin / SOL,D,1.258203655175906e-05,10.9404556325,3.1806023594041486,3.4,1.0,,0.0038,0.0,12252.2128,12443.2060989195,1,0,30.6,0
2026-09-18T01:14:02+00:00,8TbYi38UqcedfptvjN2rURLbGbGub3itp2hgLvvS35hY,DPG / SOL,D,5.153280045340441e-06,0.5717290875,0.13238898460710496,4.3,7.0,,0.0611,0.454,6681.2575,4966.6811127598,3,1,36.4,0
2026-09-18T01:14:02+00:00,GwTzkbi3ogqYSphVeSMGaBwdkBvEzBo87dmDWyCxd1aj,BILLY / SOL,C,5.466347187900062e-05,30.487101031,11.80496492327403,2.6,3,,0.1604,0.0,22482.5126,54095.950764643,0,1,31.9,0
2026-09-18T06:01:46+00:00,13MEx6gjRadJNUdmToaGSzgeWHLH7FzScUQS9Mc5nYF5,MU / USDC,A,990.4056977856188,38451.3925851055,5254.198506513012,7.3,6,,0.2912,0.785,4606741.6988,6900155.07722091,11,4,87.7,0
2026-09-18T06:01:46+00:00,4tJW2axbTxtT6nKbjB5pZwePtW84cB7E1B6tdCCLGfrC,hyUSD / USDC,A,0.9989542664189461,25172.1228752368,8629.434991980192,2.9,19,,0.0933,0.245,2046137.9666,18153086.8658541,25,1,323.8,0
2026-09-18T06:01:46+00:00,6VZYoRYbZzeLtUf6BEJJgreKK2EEhq2bx2UNU3EvibLc,67coin / SOL,D,1.2912907140194231e-05,12.8512002372,3.1806023594041486,4.0,1,,0.0047,-0.302,12647.3802,12770.4258559978,0,2,30.8,0
2026-09-18T06:01:46+00:00,CqU5xCL88SMmPZyTborzUc3afYwJjqu51AXsCjH5WJj2,UMPALUMPA / SOL,D,3.906544640267642e-05,19.3666950541,4.09705983192227,4.7,0.0,,0.0013,0.0,16908.6761,39065.4464,0,1,30.0,0
2026-09-18T06:01:46+00:00,CsioJDbZethDNdy6M6HV5ECeowF8zm7BFvTBcb7FZeCt,SPCX / USDC,A,155.266879429805,33612.9101230274,7874.311963505519,4.3,26,,0.1659,0.237,797390.5588,6771970.49494793,77,160,97.7,0
2026-09-18T06:01:46+00:00,E3H4To39g5m31DyVUGqr7shi4m3DpXUVLngBStfam7E8,Sakadung / SOL,D,2.7813834117428522e-05,330.9071083822,45.95575859185075,7.2,16.5,,0.2881,2.696,16165.46,27813.83412,5,2,29.1,0
2026-09-18T06:01:46+00:00,ExoRMH6uApXi6abtqfNbcbDsDYvNP5ZC6cYybzZVUoLH,Z / SOL,C,7.249428426737873e-05,334.7801984271,51.02443719966898,6.6,20.5,,0.1261,-2.149,30632.5241,70991.3304597613,2,4,31.5,0
2026-09-18T06:01:46+00:00,F1w2HgzJHTGVhDdH8u95gjSuWTjchGJfmukTyhXnTJYx,Intismeran / SOL,D,2.637582634711645e-05,13.2593096358,2.9035409079498087,4.6,3.0,,0.0029,0.0,19925.5903,26375.82635,0,1,29.8,0
2026-09-18T11:20:42+00:00,13MEx6gjRadJNUdmToaGSzgeWHLH7FzScUQS9Mc5nYF5,MU / USDC,A,985.4258962606542,38702.493238568,5254.198506513012,7.4,6.5,,0.2912,-0.774,4562636.8038,6755075.9948311,7,0,87.9,0
2026-09-18T11:20:42+00:00,2C7PaLGC7wtQZWR9wa7QT2bthqTDyzcBL6BEYFGdSA5e,Z500 / SOL,C,4.2717569963902766e-05,1113.033189695,43.78267391466864,25.4,28.5,,0.0709,16.788,27262.9043,42620.8600085413,15,8,31.8,0
2026-09-18T11:20:42+00:00,4NfzEdfdSxzsdTUvkCf8UwmMdcV5bq7szcUoQdXFKPm3,BUY / SOL,D,4.5842340639202e-06,6.5944475933,0.9124152925391128,7.2,0,,0.0015,0.0,5456.4035,4516.6082413119,0,1,29.8,0
2026-09-18T11:20:42+00:00,4tJW2axbTxtT6nKbjB5pZwePtW84cB7E1B6tdCCLGfrC,hyUSD / USDC,A,1.0012554648382221,219946.20775635,8629.434991980192,25.5,19.0,,0.1272,0.17,2046734.783,18465996.4362299,37,27,324.0,0
2026-09-18T11:20:42+00:00,5Jm4GnWPt62kphmhEET6rjzzFjvsfNxNqdpEuGwp2U9q,EYE / SOL,C,0.00010096987228116608,518.0153678797,184.6191071544995,2.8,33,,0.1068,3.232,46144.1678,100887.046483896,7,1,31.8,0
2026-09-18T11:20:42+00:00,9R27f7ibnqi9jfk5LdWHRhX7faJBPPZyr5Va35RYWwoo,LAYOOO / SOL,B,0.00036899422567689144,5286.2129416469,1437.1489524682804,3.7,36.0,,0.2684,0.255,89532.8377,348171.400792056,13,20,39.5,0
2026-09-18T11:20:42+00:00,CsioJDbZethDNdy6M6HV5ECeowF8zm7BFvTBcb7FZeCt,SPCX / USDC,A,155.70473297169,26352.8690535161,7874.311963505519,3.3,26.0,,0.1728,-0.469,799343.6541,6683083.43689101,24,45,97.9,0
2026-09-18T11:20:42+00:00,E3H4To39g5m31DyVUGqr7shi4m3DpXUVLngBStfam7E8,Sakadung / SOL,D,2.593832795503087e-05,150.9120610195,45.95575859185075,3.3,16,,0.3123,-0.097,15175.1534,25938.32796,3,2,29.3,0
2026-09-18T11:20:42+00:00,ExoRMH6uApXi6abtqfNbcbDsDYvNP5ZC6cYybzZVUoLH,Z / SOL,C,7.10694314522971e-05,198.7998024614,51.02443719966898,3.9,20,,0.1234,-2.136,30104.2034,69596.017477399,0,3,31.7,0
2026-09-18T15:06:06+00:00,13MEx6gjRadJNUdmToaGSzgeWHLH7FzScUQS9Mc5nYF5,MU / USDC,A,986.9580566384109,247420.763228688,5254.198506513012,47.1,7,,0.2563,-0.273,4562879.7168,6758247.1326366,19,17,88.0,0
2026-09-18T15:06:06+00:00,4tJW2axbTxtT6nKbjB5pZwePtW84cB7E1B6tdCCLGfrC,hyUSD / USDC,A,1.004501657681032,134588.32060183,8629.434991980192,15.6,19,,0.2204,0.533,2047958.8961,18592270.4725059,67,27,324.2,0
2026-09-18T15:06:06+00:00,68C62WPYiiNZxprbuaMj2ULXpiTDKcs5xsX7kBGnyajR,MANLET / SOL,C,0.0007918264496877682,14542.8949611122,4567.5405866868605,3.2,37.0,,0.1658,-5.399,36173.0909,795349.9362,78,33,42.6,0
2026-09-18T15:06:06+00:00,9R27f7ibnqi9jfk5LdWHRhX7faJBPPZyr5Va35RYWwoo,LAYOOO / SOL,A,0.0004819593999860705,3837.9777142222,1437.1489524682804,2.7,36.0,,0.225,7.812,103351.3609,449976.801570403,15,14,39.7,0
2026-09-18T15:06:06+00:00,A9W9TH82joZ23fz1M1sNoFGrm2RnPJTk5hnD8stDs8LV,AXE / SOL,C,0.00011175585679752712,98.0688233902,12.23727704878511,8.0,3.5,,0.0027,0.0,33490.806,111122.322277971,1,0,30.8,0
2026-09-18T15:06:06+00:00,CD5HDt23sjGud5VTWsv51BMPey2Qf9qH5cyswWmjBDdq,BULLSHIT / SOL,A,0.0007151012815114962,22443.5190069419,4267.140450094398,5.3,134.0,,0.2498,7.573,132374.6305,708374.694732455,52,46,31.8,0
2026-09-18T15:06:06+00:00,CsioJDbZethDNdy6M6HV5ECeowF8zm7BFvTBcb7FZeCt,SPCX / USDC,A,152.94030063532,92890.3231508869,7874.311963505519,11.8,26,,0.1773,1.186,791792.2174,6593723.83932572,77,83,98.1,0
2026-09-18T15:06:06+00:00,E3H4To39g5m31DyVUGqr7shi4m3DpXUVLngBStfam7E8,Sakadung / SOL,D,2.312115514210123e-05,139.339918423,45.95575859185075,3.0,16.0,,0.3155,2.464,14667.1767,23121.15514,4,3,29.5,0
2026-09-18T15:06:06+00:00,ExoRMH6uApXi6abtqfNbcbDsDYvNP5ZC6cYybzZVUoLH,Z / SOL,C,7.577810227913506e-05,545.6895361691,51.02443719966898,10.7,19.5,,0.1296,-3.629,31485.1732,74207.067708395,6,4,31.9,0
2026-09-18T15:06:06+00:00,G8kgi7aUpeX8EVR8VMkrth9SKEv5BietWC33UjAiiMGh,CYBERLEEK / SOL,A,0.0006446323029143695,1615.397052435,801.7623517826613,2.0,141,,0.0594,1.806,280469.2039,470526.248938266,13,10,33.7,0
2026-09-18T18:31:13+00:00,13MEx6gjRadJNUdmToaGSzgeWHLH7FzScUQS9Mc5nYF5,MU / USDC,A,1004.0299221218332,104045.258299945,5254.198506513012,19.8,7.0,,0.2579,0.935,4640240.0198,6808310.00642404,55,17,88.2,0
2026-09-18T18:31:13+00:00,2C7PaLGC7wtQZWR9wa7QT2bthqTDyzcBL6BEYFGdSA5e,Z500 / SOL,C,3.466513668377423e-05,150.5051126541,43.78267391466864,3.4,28.0,,0.1373,-0.696,25466.2952,34586.6561960868,0,2,32.1,0
2026-09-18T18:31:13+00:00,4tJW2axbTxtT6nKbjB5pZwePtW84cB7E1B6tdCCLGfrC,hyUSD / USDC,A,1.0026182096568346,267246.460585754,8629.434991980192,31.0,19.0,,0.2254,-0.183,2039735.7399,19559408.7039512,63,22,324.3,0
2026-09-18T18:31:13+00:00,8TbYi38UqcedfptvjN2rURLbGbGub3itp2hgLvvS35hY,DPG / SOL,D,5.647919333981045e-06,4.8849892006,0.13238898460710496,36.9,7.0,,0.055,-0.795,7343.6054,5443.4096415517,7,6,37.2,0
2026-09-18T18:31:13+00:00,A9W9TH82joZ23fz1M1sNoFGrm2RnPJTk5hnD8stDs8LV,AXE / SOL,C,0.0001183734060759942,120.1078631227,12.23727704878511,9.8,3,,0.0034,0.0,34990.8782,117702.35724939,1,0,30.9,0
2026-09-18T18:31:13+00:00,CD5HDt23sjGud5VTWsv51BMPey2Qf9qH5cyswWmjBDdq,BULLSHIT / SOL,A,0.0009549293759087558,14733.3995148825,4267.140450094398,3.5,133.5,,0.2524,2.703,156760.0513,939641.252192098,47,44,32.0,0
2026-09-18T18:31:13+00:00,CsioJDbZethDNdy6M6HV5ECeowF8zm7BFvTBcb7FZeCt,SPCX / USDC,A,151.3151407034,42947.2687366455,7874.311963505519,5.5,26.0,,0.1964,-0.63,786505.2744,6421806.48925669,86,16,98.2,0
2026-09-18T18:31:13+00:00,DPAU7wDyMXDgNAfzQYMfyNqmTjzcoRsSPA2LeGH71hgi,SKHY / USDC,A,185.62092777933512,165285.759200538,21701.22995198104,7.6,4.0,,0.3632,0.286,2464852.4113,2318431.70381363,12,13,69.7,0
2026-09-18T18:31:13+00:00,E3H4To39g5m31DyVUGqr7shi4m3DpXUVLngBStfam7E8,Sakadung / SOL,D,2.1161367933418924e-05,267.8496155658,45.95575859185075,5.8,16,,0.2022,-2.095,14164.6006,21161.36793,2,3,29.6,0
2026-09-18T18:31:13+00:00,GwTzkbi3ogqYSphVeSMGaBwdkBvEzBo87dmDWyCxd1aj,BILLY / SOL,C,6.271625676648283e-05,1091.649432762,11.80496492327403,92.5,3,,0.1641,1.398,26363.8602,63750.224233186,3,3,32.6,0
2026-09-18T18:31:13+00:00,HttDe6BsDc3y58owhqayQmERsNmWnRzFvDEwJYmxGAx3,Qenis / SOL,B,0.0002175384656307892,1379.184842445,442.64119219207987,3.1,39.0,,0.1097,2.859,61225.5375,209705.039572285,7,10,36.7,0
2026-09-18T21:16:49+00:00,13MEx6gjRadJNUdmToaGSzgeWHLH7FzScUQS9Mc5nYF5,MU / USDC,A,1005.4949306424429,38423.6995898801,5254.198506513012,7.3,7,,0.2941,-0.809,4638553.8336,6784049.40400628,0,7,88.3,0
2026-09-18T21:16:49+00:00,8TbYi38UqcedfptvjN2rURLbGbGub3itp2hgLvvS35hY,DPG / SOL,D,5.699981009955223e-06,0.7297747551,0.13238898460710496,5.5,7,,0.0034,-1.598,7429.4491,5493.5861777829,1,4,37.3,0
2026-09-18T21:16:49+00:00,DPAU7wDyMXDgNAfzQYMfyNqmTjzcoRsSPA2LeGH71hgi,SKHY / USDC,A,188.47769218888698,87685.59292901,21701.22995198104,4.0,4,,0.6924,0.199,2478655.2313,2354113.09629874,10,7,69.8,0
2026-09-18T21:16:49+00:00,ExoRMH6uApXi6abtqfNbcbDsDYvNP5ZC6cYybzZVUoLH,Z / SOL,C,7.651823327653917e-05,770.5766847291,51.02443719966898,15.1,19.0,,0.1352,0.14,32215.8042,74931.85428364,3,6,32.2,0
2026-09-18T21:16:49+00:00,G8kgi7aUpeX8EVR8VMkrth9SKEv5BietWC33UjAiiMGh,CYBERLEEK / SOL,A,0.0006088307858669241,3457.1403426893,801.7623517826613,4.3,140,,0.0858,-1.532,277229.5265,444394.145348101,10,18,34.0,0
2026-09-18T23:32:04+00:00,13MEx6gjRadJNUdmToaGSzgeWHLH7FzScUQS9Mc5nYF5,MU / USDC,A,1005.8276044043079,11612.0032133701,5254.198506513012,2.2,7.0,,0.3115,-0.029,4647155.1797,6447493.84852627,53,45,88.4,0
2026-09-18T23:32:04+00:00,2C7PaLGC7wtQZWR9wa7QT2bthqTDyzcBL6BEYFGdSA5e,Z500 / SOL,C,3.5643030045166154e-05,125.7389474455,43.78267391466864,2.9,28.0,,0.1266,0.312,25586.6258,35562.3356545826,1,3,32.3,0
2026-09-18T23:32:04+00:00,CsioJDbZethDNdy6M6HV5ECeowF8zm7BFvTBcb7FZeCt,SPCX / USDC,A,152.718219946001,27542.9366523432,7874.311963505519,3.5,26.0,,0.2142,0.22,789625.9249,6481348.39089986,18,16,98.4,0
2026-09-18T23:32:04+00:00,E3H4To39g5m31DyVUGqr7shi4m3DpXUVLngBStfam7E8,Sakadung / SOL,D,2.2047607536696147e-05,108.3541618787,45.95575859185075,2.4,15,,0.1897,1.598,14347.3622,22047.60754,2,0,29.9,0
2026-09-18T23:32:04+00:00,G8kgi7aUpeX8EVR8VMkrth9SKEv5BietWC33UjAiiMGh,CYBERLEEK / SOL,A,0.0006217560186859236,8244.1866876653,801.7623517826613,10.3,138.5,,0.1047,0.4,279506.9216,453828.45398052,22,29,34.1,0
2026-09-19T01:38:44+00:00,13MEx6gjRadJNUdmToaGSzgeWHLH7FzScUQS9Mc5nYF5,MU / USDC,A,1013.3779529192797,39778.9953612941,5254.198506513012,7.6,7.0,,0.3084,0.256,4656245.4004,6471609.70243761,0,14,88.5,0
2026-09-19T01:38:44+00:00,4tJW2axbTxtT6nKbjB5pZwePtW84cB7E1B6tdCCLGfrC,hyUSD / USDC,A,1.0012651616521095,28558.861249768,8629.434991980192,3.3,19,,0.2083,0.522,2055892.6075,20295300.9392403,28,13,324.6,0
2026-09-19T01:38:44+00:00,6VZYoRYbZzeLtUf6BEJJgreKK2EEhq2bx2UNU3EvibLc,67coin / SOL,D,1.4161358581886867e-05,9.5708506271,3.1806023594041486,3.0,1,,0.0097,-1.227,13809.2837,14005.101720326,1,1,31.6,0
2026-09-19T01:38:44+00:00,A9W9TH82joZ23fz1M1sNoFGrm2RnPJTk5hnD8stDs8LV,AXE / SOL,C,0.0001332147101043159,805.3341803562,12.23727704878511,65.8,3.0,,0.0148,2.282,37465.7391,132459.527149351,6,2,31.2,0
2026-09-19T01:38:44+00:00,DPAU7wDyMXDgNAfzQYMfyNqmTjzcoRsSPA2LeGH71hgi,SKHY / USDC,A,187.88326189418262,56414.8588260828,21701.22995198104,2.6,4,,0.7687,-0.061,2460920.461,2340486.27798697,0,14,70.0,0
2026-09-19T06:40:53+00:00,13MEx6gjRadJNUdmToaGSzgeWHLH7FzScUQS9Mc5nYF5,MU / USDC,A,1010.8113720885914,16669.9888307415,5254.198506513012,3.2,6.5,,0.2922,1.026,4655122.2878,6445141.31016863,1,7,88.7,0
2026-09-19T06:40:53+00:00,4tJW2axbTxtT6nKbjB5pZwePtW84cB7E1B6tdCCLGfrC,hyUSD / USDC,A,1.0015139916318645,20504.48887657,8629.434991980192,2.4,19.0,,0.202,0.261,2076856.1664,20266393.2946509,23,14,324.8,0
2026-09-19T06:40:53+00:00,CD5HDt23sjGud5VTWsv51BMPey2Qf9qH5cyswWmjBDdq,BULLSHIT / SOL,A,0.0008119957557954878,8334.130708825,4267.140450094398,2.0,124.5,,0.3511,-1.586,143571.188,794213.346042673,52,32,32.5,0
2026-09-19T06:40:53+00:00,CsioJDbZethDNdy6M6HV5ECeowF8zm7BFvTBcb7FZeCt,SPCX / USDC,A,152.666567884339,207240.763335301,7874.311963505519,26.3,26.0,,0.2519,0.287,796581.02,6518551.27414703,649,683,98.7,0
2026-09-19T06:40:53+00:00,ExoRMH6uApXi6abtqfNbcbDsDYvNP5ZC6cYybzZVUoLH,Z / SOL,C,7.561470784862628e-05,238.6570640525,51.02443719966898,4.7,19,,0.1134,-0.027,31732.5373,74047.0607780897,1,1,32.5,0
2026-09-19T06:40:53+00:00,HttDe6BsDc3y58owhqayQmERsNmWnRzFvDEwJYmxGAx3,Qenis / SOL,B,0.00021878322398560023,1914.4823122832,442.64119219207987,4.3,37.5,,0.0985,-2.129,61498.651,210904.974989729,6,7,37.2,0
2026-09-19T11:36:19+00:00,2C7PaLGC7wtQZWR9wa7QT2bthqTDyzcBL6BEYFGdSA5e,Z500 / SOL,C,3.561329111513182e-05,496.0845989403,43.78267391466864,11.3,28,,0.1076,-3.628,26089.7395,35532.6640523315,0,3,32.8,0
2026-09-19T11:36:19+00:00,4tJW2axbTxtT6nKbjB5pZwePtW84cB7E1B6tdCCLGfrC,hyUSD / USDC,A,1.0015976713070427,127951.261491824,8629.434991980192,14.8,19,,0.1752,0.479,2084037.3042,20202742.4761029,23,24,325.0,0
2026-09-19T11:36:19+00:00,E3H4To39g5m31DyVUGqr7shi4m3DpXUVLngBStfam7E8,Sakadung / SOL,D,1.9429734240033085e-05,251.2431415943,45.95575859185075,5.5,15.0,,0.1326,-4.206,13479.8188,19429.73424,2,3,30.4,0
2026-09-19T11:36:19+00:00,EcGDaedZL6ZPqKHyQThL6epLS1KuHtk94jWcRWXAC8mn,CLUG / SOL,D,1.0059685588747569e-05,24.1801820649,7.527285321807477,3.2,3,,0.0073,0.0,11520.0563,9986.288912471,1,0,31.4,0
2026-09-19T11:36:19+00:00,ExoRMH6uApXi6abtqfNbcbDsDYvNP5ZC6cYybzZVUoLH,Z / SOL,C,7.031765657777812e-05,196.8401117392,51.02443719966898,3.9,19.0,,0.1287,-0.686,30543.2992,68859.8281815897,1,2,32.8,0
2026-09-19T14:49:15+00:00,4tJW2axbTxtT6nKbjB5pZwePtW84cB7E1B6tdCCLGfrC,hyUSD / USDC,A,0.9974647267451778,53337.1862869968,8629.434991980192,6.2,19.0,,0.0971,-0.001,2506367.6602,20119378.8483566,18,14,325.2,0
2026-09-19T14:49:15+00:00,6VZYoRYbZzeLtUf6BEJJgreKK2EEhq2bx2UNU3EvibLc,67coin / SOL,D,1.361984245889875e-05,6.4981310764,3.1806023594041486,2.0,1.0,,0.017,0.0,13403.8429,13469.5607056025,0,1,32.1,0
2026-09-19T14:49:15+00:00,CsioJDbZethDNdy6M6HV5ECeowF8zm7BFvTBcb7FZeCt,SPCX / USDC,A,152.199056969727,44853.0749256627,7874.311963505519,5.7,26.0,,0.1895,0.084,787502.2279,6459295.65391055,74,64,99.0,0
2026-09-19T14:49:15+00:00,E3H4To39g5m31DyVUGqr7shi4m3DpXUVLngBStfam7E8,Sakadung / SOL,D,1.9295201947610592e-05,192.28226381,45.95575859185075,4.2,15,,0.1151,0.0,13549.0247,19295.20195,0,1,30.5,0
2026-09-19T14:49:15+00:00,F1w2HgzJHTGVhDdH8u95gjSuWTjchGJfmukTyhXnTJYx,Intismeran / SOL,C,2.8263659687402727e-05,16.8129434577,2.9035409079498087,5.8,2,,0.001,1.963,20932.102,28263.65969,1,3,31.1,0
2026-09-19T14:49:15+00:00,G8kgi7aUpeX8EVR8VMkrth9SKEv5BietWC33UjAiiMGh,CYBERLEEK / SOL,A,0.0005926035995100537,1992.9390268192,801.7623517826613,2.5,134.5,,0.0732,-1.897,270811.0404,432549.620105454,6,6,34.7,0
2026-09-19T14:49:15+00:00,GwTzkbi3ogqYSphVeSMGaBwdkBvEzBo87dmDWyCxd1aj,BILLY / SOL,C,6.29564161848852e-05,326.7115984929,11.80496492327403,27.7,2,,0.0371,0.0,25109.1258,62302.7969659152,0,1,33.5,0
2026-09-19T17:54:06+00:00,4tJW2axbTxtT6nKbjB5pZwePtW84cB7E1B6tdCCLGfrC,hyUSD / USDC,A,0.9973547050576906,22669.1643264281,8629.434991980192,2.6,19,,0.0942,-0.247,2494054.584,20228385.591337,53,16,325.3,0
2026-09-19T17:54:06+00:00,8TbYi38UqcedfptvjN2rURLbGbGub3itp2hgLvvS35hY,DPG / SOL,D,5.6673872287720316e-06,0.5593771873,0.13238898460710496,4.2,7,,0.0029,-0.415,7275.1326,5462.1726091291,2,1,38.1,0
2026-09-19T17:54:06+00:00,A9W9TH82joZ23fz1M1sNoFGrm2RnPJTk5hnD8stDs8LV,AXE / SOL,C,0.00012947952156727903,88.1752168586,12.23727704878511,7.2,2.5,,0.0154,0.0,37116.4359,128745.513117776,0,1,31.9,0
2026-09-19T17:54:06+00:00,CD5HDt23sjGud5VTWsv51BMPey2Qf9qH5cyswWmjBDdq,BULLSHIT / SOL,A,0.0006491955560435652,8404.3279311789,4267.140450094398,2.0,121.0,,0.2475,-8.73,127454.3756,627106.281788852,38,21,33.0,0
2026-09-19T17:54:06+00:00,CqU5xCL88SMmPZyTborzUc3afYwJjqu51AXsCjH5WJj2,UMPALUMPA / SOL,D,4.258035132490641e-05,11.2160560387,4.09705983192227,2.7,0.0,,0.0003,0.0,17934.085,42580.35132,1,0,31.4,0
2026-09-19T17:54:06+00:00,ExoRMH6uApXi6abtqfNbcbDsDYvNP5ZC6cYybzZVUoLH,Z / SOL,C,6.650852338660326e-05,375.8064066484,51.02443719966898,7.4,18.5,,0.1124,-2.387,30131.3502,65129.6660894304,1,2,33.0,0
2026-09-19T20:26:32+00:00,13MEx6gjRadJNUdmToaGSzgeWHLH7FzScUQS9Mc5nYF5,MU / USDC,A,1012.5241663628351,42253.1329971672,5254.198506513012,8.0,6.0,,0.0461,0.107,4651495.2195,6454937.13106097,18,15,89.3,0
2026-09-19T20:26:32+00:00,2C7PaLGC7wtQZWR9wa7QT2bthqTDyzcBL6BEYFGdSA5e,Z500 / SOL,C,3.4282000093117274e-05,155.305974817,43.78267391466864,3.5,27.5,,0.0701,2.334,24879.0088,34204.3850979301,3,1,33.2,0
2026-09-19T20:26:32+00:00,4tJW2axbTxtT6nKbjB5pZwePtW84cB7E1B6tdCCLGfrC,hyUSD / USDC,A,0.9976127071049916,259271.651442588,8629.434991980192,30.0,19.0,,0.0857,-0.264,2505582.639,20275065.5119927,60,34,325.4,0
2026-09-19T20:26:32+00:00,5Jm4GnWPt62kphmhEET6rjzzFjvsfNxNqdpEuGwp2U9q,EYE / SOL,C,0.00010762706483415499,973.8962547898,184.6191071544995,5.3,31.0,,0.3396,-4.501,48696.1233,107538.654289722,9,7,33.2,0
2026-09-19T20:26:32+00:00,8TbYi38UqcedfptvjN2rURLbGbGub3itp2hgLvvS35hY,DPG / SOL,D,5.655079545329612e-06,1.1307202922,0.13238898460710496,8.5,6.5,,0.0019,0.225,7321.3866,5450.3105831707,3,3,38.2,0
2026-09-19T20:26:32+00:00,DPAU7wDyMXDgNAfzQYMfyNqmTjzcoRsSPA2LeGH71hgi,SKHY / USDC,A,187.24138299436078,50499.124920655,21701.22995198104,2.3,3.0,,0.1726,0.747,2478806.5013,2329530.16885417,7,0,70.8,0
2026-09-19T20:26:32+00:00,G8kgi7aUpeX8EVR8VMkrth9SKEv5BietWC33UjAiiMGh,CYBERLEEK / SOL,A,0.0006239496894281771,3618.265628478,801.7623517826613,4.5,132.0,,0.0569,5.823,277322.9293,455429.56766142,13,12,35.0,0
2026-09-19T20:26:32+00:00,GwTzkbi3ogqYSphVeSMGaBwdkBvEzBo87dmDWyCxd1aj,BILLY / SOL,C,6.087338603551093e-05,32.748228585,11.80496492327403,2.8,2,,0.0236,0.184,24750.7642,60241.3930334669,1,0,33.7,0
2026-09-19T22:26:20+00:00,4tJW2axbTxtT6nKbjB5pZwePtW84cB7E1B6tdCCLGfrC,hyUSD / USDC,A,1.0016098749271127,35445.792902299,8629.434991980192,4.1,19,,0.0883,0.2,2517441.392,20371014.728031,57,30,325.5,0
2026-09-19T22:26:20+00:00,8TbYi38UqcedfptvjN2rURLbGbGub3itp2hgLvvS35hY,DPG / SOL,D,5.623042113341969e-06,0.6792381851,0.13238898460710496,5.1,6,,0.0018,0.391,7243.8788,5419.433218264,3,0,38.3,0
2026-09-19T22:26:20+00:00,A9W9TH82joZ23fz1M1sNoFGrm2RnPJTk5hnD8stDs8LV,AXE / SOL,C,0.00012693937231077304,121.7388960795,12.23727704878511,9.9,2.0,,0.0156,0.0,36488.0939,126219.763709815,0,1,32.1,0
2026-09-19T22:26:20+00:00,CsioJDbZethDNdy6M6HV5ECeowF8zm7BFvTBcb7FZeCt,SPCX / USDC,A,152.110208420483,24250.6706978599,7874.311963505519,3.1,26,,0.1333,0.245,790385.1108,6485382.36974018,10,26,99.4,0
2026-09-19T22:26:20+00:00,ExoRMH6uApXi6abtqfNbcbDsDYvNP5ZC6cYybzZVUoLH,Z / SOL,C,6.121839119152187e-05,360.1100385031,51.02443719966898,7.1,18.0,,0.115,-0.52,28172.5174,59949.2091165013,2,10,33.2,0
2026-09-20T00:18:55+00:00,4tJW2axbTxtT6nKbjB5pZwePtW84cB7E1B6tdCCLGfrC,hyUSD / USDC,A,1.0021768402132787,20844.1547263024,8629.434991980192,2.4,19.0,,0.0899,0.473,2523352.3419,20376973.9436098,21,17,325.6,0
2026-09-20T00:18:55+00:00,5Jm4GnWPt62kphmhEET6rjzzFjvsfNxNqdpEuGwp2U9q,EYE / SOL,C,0.00010296332545901367,390.653033442,184.6191071544995,2.1,30.5,,0.3608,2.468,47554.3303,102878.636335452,2,2,33.4,0
2026-09-20T00:18:55+00:00,ExoRMH6uApXi6abtqfNbcbDsDYvNP5ZC6cYybzZVUoLH,Z / SOL,C,6.107520406105712e-05,242.5696919089,51.02443719966898,4.8,18,,0.1283,0.936,28223.9861,59808.9905476644,9,2,33.3,0
2026-09-20T05:17:14+00:00,5Jm4GnWPt62kphmhEET6rjzzFjvsfNxNqdpEuGwp2U9q,EYE / SOL,C,9.976507477378042e-05,654.6799965658,184.6191071544995,3.5,30.0,,0.3788,1.199,46810.0587,99683.0162235004,3,6,33.6,0
2026-09-20T05:17:14+00:00,EWLKmz6R2tcVKiep4ZZXQYbnBXm96YfhMW97Csn1ZL6P,BOLLOCKS / SOL,D,7.679248906204159e-06,239.442544057,4.90515846840123,48.8,2,,0.0323,-4.831,8050.0614,7679.248906,0,2,33.4,0
2026-09-20T05:17:14+00:00,ExoRMH6uApXi6abtqfNbcbDsDYvNP5ZC6cYybzZVUoLH,Z / SOL,C,6.087721502228307e-05,245.8303092383,51.02443719966898,4.8,18.0,,0.075,1.009,27657.3044,59615.1062241627,1,3,33.5,0
2026-09-20T10:00:57+00:00,E3H4To39g5m31DyVUGqr7shi4m3DpXUVLngBStfam7E8,Sakadung / SOL,D,1.8032217368169162e-05,355.3956519273,45.95575859185075,7.7,14,,0.0796,0.0,12254.9874,18032.21737,1,0,31.3,0
2026-09-20T10:00:57+00:00,ExoRMH6uApXi6abtqfNbcbDsDYvNP5ZC6cYybzZVUoLH,Z / SOL,C,5.676919800003203e-05,259.3588509431,51.02443719966898,5.1,18,,0.0722,-3.786,27085.873,55592.2567732226,1,3,33.7,0
2026-09-20T10:00:57+00:00,F1w2HgzJHTGVhDdH8u95gjSuWTjchGJfmukTyhXnTJYx,Intismeran / SOL,C,2.6940390648563258e-05,11.55645754,2.9035409079498087,4.0,2,,0.1161,0.006,20278.7768,26940.39065,0,2,31.9,0
2026-09-20T14:15:06+00:00,4tJW2axbTxtT6nKbjB5pZwePtW84cB7E1B6tdCCLGfrC,hyUSD / USDC,A,0.9970848214650281,29967.729527418,8629.434991980192,3.5,19,,0.0763,0.268,2614252.8817,20748741.5517087,10,16,326.2,0
2026-09-20T14:15:06+00:00,ExoRMH6uApXi6abtqfNbcbDsDYvNP5ZC6cYybzZVUoLH,Z / SOL,C,5.936611361051961e-05,128.5328554141,51.02443719966898,2.5,18.0,,0.0638,0.884,27264.2513,58135.0197466677,2,0,33.9,0
2026-09-20T14:15:06+00:00,G8kgi7aUpeX8EVR8VMkrth9SKEv5BietWC33UjAiiMGh,CYBERLEEK / SOL,A,0.0006097557888641322,1564.6525756689,801.7623517826613,2.0,125,,0.0429,1.862,277933.4495,445068.52713192,7,12,35.7,0
2026-09-20T17:31:31+00:00,13MEx6gjRadJNUdmToaGSzgeWHLH7FzScUQS9Mc5nYF5,MU / USDC,A,1002.4713983510569,36945.4514498989,5254.198506513012,7.0,6.0,,0.0669,-0.865,4615707.0384,6391960.56817672,6,0,90.1,0
2026-09-20T17:31:31+00:00,4tJW2axbTxtT6nKbjB5pZwePtW84cB7E1B6tdCCLGfrC,hyUSD / USDC,A,0.9970183717443677,195610.600776411,8629.434991980192,22.7,19.0,,0.0789,-0.757,2619239.6576,20644734.4055516,44,24,326.3,0
2026-09-20T17:31:31+00:00,E3H4To39g5m31DyVUGqr7shi4m3DpXUVLngBStfam7E8,Sakadung / SOL,D,1.9811404555389823e-05,112.6148810096,45.95575859185075,2.5,14,,0.0488,0.0,13203.6935,19811.40456,1,0,31.6,0
2026-09-20T17:31:31+00:00,G8kgi7aUpeX8EVR8VMkrth9SKEv5BietWC33UjAiiMGh,CYBERLEEK / SOL,A,0.0006858406477797054,7645.9944595473,801.7623517826613,9.5,125.0,,0.0575,5.4,306715.1998,500603.836027882,45,29,35.9,0
2026-09-20T17:31:31+00:00,GwTzkbi3ogqYSphVeSMGaBwdkBvEzBo87dmDWyCxd1aj,BILLY / SOL,C,5.383395819909692e-05,508.6485679281,11.80496492327403,43.1,2,,0.0184,0.0,23778.8067,53275.0491707891,0,1,34.6,0
2026-09-20T17:31:31+00:00,HttDe6BsDc3y58owhqayQmERsNmWnRzFvDEwJYmxGAx3,Qenis / SOL,B,0.00017984883747478736,1148.0038174096,442.64119219207987,2.6,36.0,,0.0441,-7.345,55730.7303,173372.591743457,4,2,38.6,0
2026-09-20T19:47:28+00:00,2C7PaLGC7wtQZWR9wa7QT2bthqTDyzcBL6BEYFGdSA5e,Z500 / SOL,C,3.6138790605277e-05,437.2179297094,43.78267391466864,10.0,25.0,,0.0564,6.018,25455.2502,36056.9474630716,7,2,34.2,0
2026-09-20T19:47:28+00:00,4tJW2axbTxtT6nKbjB5pZwePtW84cB7E1B6tdCCLGfrC,hyUSD / USDC,A,1.001831145274878,90201.5877107927,8629.434991980192,10.5,19,,0.0634,-0.544,2607175.5766,20728150.069017,27,26,326.4,0
2026-09-20T19:47:28+00:00,8TbYi38UqcedfptvjN2rURLbGbGub3itp2hgLvvS35hY,DPG / SOL,D,5.513241290045445e-06,1.4668258692,0.13238898460710496,11.1,5,,0.0033,-0.614,7249.0316,5313.6082545521,3,4,39.2,0
2026-09-20T19:47:28+00:00,CD5HDt23sjGud5VTWsv51BMPey2Qf9qH5cyswWmjBDdq,BULLSHIT / SOL,A,0.0006498012238238566,10946.8316777087,4267.140450094398,2.6,115.5,,0.1424,-6.992,129461.8599,635570.810396789,38,27,34.0,0
2026-09-20T19:47:28+00:00,DPAU7wDyMXDgNAfzQYMfyNqmTjzcoRsSPA2LeGH71hgi,SKHY / USDC,A,185.50114715781783,55468.5876357377,21701.22995198104,2.6,3,,0.1609,0.202,2455910.3401,2305600.80020435,46,20,71.8,0
2026-09-20T19:47:28+00:00,ExoRMH6uApXi6abtqfNbcbDsDYvNP5ZC6cYybzZVUoLH,Z / SOL,C,5.7021052225357226e-05,129.8530805938,51.02443719966898,2.5,18.0,,0.0835,-0.055,27203.771,55838.5886457697,3,6,34.1,0
2026-09-20T19:47:28+00:00,G8kgi7aUpeX8EVR8VMkrth9SKEv5BietWC33UjAiiMGh,CYBERLEEK / SOL,A,0.0007267259540305501,3403.9391908362,801.7623517826613,4.2,125,,0.0704,0.82,323202.2491,532238.786514371,24,30,35.9,0
2026-09-20T19:47:28+00:00,HttDe6BsDc3y58owhqayQmERsNmWnRzFvDEwJYmxGAx3,Qenis / SOL,B,0.00016729468269062957,2035.9067431595,442.64119219207987,4.6,36,,0.0576,-5.666,52738.5626,161270.504317818,12,4,38.7,0
2026-09-20T22:19:52+00:00,4tJW2axbTxtT6nKbjB5pZwePtW84cB7E1B6tdCCLGfrC,hyUSD / USDC,A,1.001738356441966,17866.3421085201,8629.434991980192,2.1,19.0,,0.0855,0.302,2642374.7807,20912932.5043624,20,23,326.5,0
2026-09-20T22:19:52+00:00,CsioJDbZethDNdy6M6HV5ECeowF8zm7BFvTBcb7FZeCt,SPCX / USDC,A,152.78068581659,24632.9786299622,7874.311963505519,3.1,26.0,,0.0744,-0.734,785879.4179,6494244.97268556,167,99,100.4,0
2026-09-20T22:19:52+00:00,G8kgi7aUpeX8EVR8VMkrth9SKEv5BietWC33UjAiiMGh,CYBERLEEK / SOL,A,0.0007590809083405208,2614.899419743,801.7623517826613,3.3,122.0,,0.0931,-0.719,328525.9192,551224.07611278,24,14,36.1,0
2026-09-21T00:25:49+00:00,13MEx6gjRadJNUdmToaGSzgeWHLH7FzScUQS9Mc5nYF5,MU / USDC,A,1014.5590957090957,138347.221001872,5254.198506513012,26.3,6.0,,0.0871,0.486,4691721.1281,6469063.84627796,11,3,90.4,0
2026-09-21T00:25:49+00:00,6qjVoJXVLL7JWiknpeqg88SYexdm7KQqWu8Uir3aD4ZJ,TROOPET / SOL,D,7.850902907710723e-06,136.8339728738,1.4261160010211418,95.9,0.0,,0.0221,0.0,8353.2979,6378.7358842495,0,1,32.2,0
2026-09-21T00:25:49+00:00,8TbYi38UqcedfptvjN2rURLbGbGub3itp2hgLvvS35hY,DPG / SOL,D,5.631185187022782e-06,3.1207924628,0.13238898460710496,23.6,5,,0.0034,-0.075,7402.0825,5427.2814324483,3,2,39.4,0
2026-09-21T00:25:49+00:00,CsioJDbZethDNdy6M6HV5ECeowF8zm7BFvTBcb7FZeCt,SPCX / USDC,A,153.877074550153,31023.3185631469,7874.311963505519,3.9,26,,0.0792,0.675,780649.6917,6529564.59627729,31,11,100.4,0
2026-09-21T00:25:49+00:00,DPAU7wDyMXDgNAfzQYMfyNqmTjzcoRsSPA2LeGH71hgi,SKHY / USDC,A,187.49110865411575,150374.489441463,21701.22995198104,6.9,3,,0.2273,0.252,2462335.2846,2333198.06617753,21,23,72.0,0
2026-09-21T00:25:49+00:00,G8kgi7aUpeX8EVR8VMkrth9SKEv5BietWC33UjAiiMGh,CYBERLEEK / SOL,A,0.0007638046004752108,8494.7717659255,801.7623517826613,10.6,119,,0.122,-0.611,332600.7199,557510.297031171,20,32,36.1,0
2026-09-21T05:20:45+00:00,13MEx6gjRadJNUdmToaGSzgeWHLH7FzScUQS9Mc5nYF5,MU / USDC,A,1017.8590282246453,114772.988941881,5254.198506513012,21.8,6.0,,0.1105,-0.572,4680695.4938,6239661.44045048,7,13,90.6,0
2026-09-21T05:20:45+00:00,4tJW2axbTxtT6nKbjB5pZwePtW84cB7E1B6tdCCLGfrC,hyUSD / USDC,A,0.9962046059867731,48281.0627551505,8629.434991980192,5.6,19.0,,0.0793,0.067,2633972.2487,21172879.0369088,17,14,326.8,0
2026-09-21T05:20:45+00:00,CD5HDt23sjGud5VTWsv51BMPey2Qf9qH5cyswWmjBDdq,BULLSHIT / SOL,A,0.0006213581926366916,9824.030113095,4267.140450094398,2.3,113.0,,0.1974,-6.235,125327.8363,607750.566704169,32,15,34.4,0
2026-09-21T05:20:45+00:00,CsioJDbZethDNdy6M6HV5ECeowF8zm7BFvTBcb7FZeCt,SPCX / USDC,A,153.627955131767,31126.5327243719,7874.311963505519,4.0,26.0,,0.0517,-0.146,792390.9709,6519695.93517853,13,30,100.6,0
2026-09-21T05:20:45+00:00,GwTzkbi3ogqYSphVeSMGaBwdkBvEzBo87dmDWyCxd1aj,BILLY / SOL,C,5.502551391214215e-05,438.9988397091,11.80496492327403,37.2,2.0,,0.0221,0.0,22857.2094,54454.2340415012,1,0,35.1,0
2026-09-21T11:01:22+00:00,2C7PaLGC7wtQZWR9wa7QT2bthqTDyzcBL6BEYFGdSA5e,Z500 / SOL,C,4.0260149426039105e-05,143.5455693871,43.78267391466864,3.3,24.0,,0.0758,-0.833,27710.9878,40167.5208082654,2,1,34.8,0
2026-09-21T11:01:22+00:00,4tJW2axbTxtT6nKbjB5pZwePtW84cB7E1B6tdCCLGfrC,hyUSD / USDC,A,0.9966101691584502,63005.1164103125,8629.434991980192,7.3,19,,0.1181,0.521,2605931.9813,21417363.7504659,29,18,327.0,0
2026-09-21T11:01:22+00:00,CD5HDt23sjGud5VTWsv51BMPey2Qf9qH5cyswWmjBDdq,BULLSHIT / SOL,A,0.0008794221888191036,8462.354899926,4267.140450094398,2.0,111.5,,0.1885,7.937,150700.7597,867835.184689609,15,33,34.7,0
2026-09-21T11:01:22+00:00,CsioJDbZethDNdy6M6HV5ECeowF8zm7BFvTBcb7FZeCt,SPCX / USDC,A,154.596015201044,47985.4390638168,7874.311963505519,6.1,26,,0.0682,-0.085,789783.5372,6568499.80099156,16,28,100.9,0
2026-09-21T11:01:22+00:00,E3H4To39g5m31DyVUGqr7shi4m3DpXUVLngBStfam7E8,Sakadung / SOL,D,2.2194196421881257e-05,292.6751836769,45.95575859185075,6.4,13.5,,0.0557,-1.24,14777.6598,22194.19642,1,1,32.3,0
2026-09-21T11:01:22+00:00,G8kgi7aUpeX8EVR8VMkrth9SKEv5BietWC33UjAiiMGh,CYBERLEEK / SOL,A,0.0009022569110996057,14962.5397226005,801.7623517826613,18.7,119,,0.1627,-4.235,349200.2515,591146.721585884,25,30,36.6,0
2026-09-21T17:05:03+00:00,13MEx6gjRadJNUdmToaGSzgeWHLH7FzScUQS9Mc5nYF5,MU / USDC,A,1038.8577475734196,90076.4381915675,5254.198506513012,17.1,6.0,,0.4512,0.438,4700949.0975,6050417.09746612,18,6,91.1,0
2026-09-21T17:05:03+00:00,2C7PaLGC7wtQZWR9wa7QT2bthqTDyzcBL6BEYFGdSA5e,Z500 / SOL,C,5.227274635684034e-05,198.24433465,43.78267391466864,4.5,24.0,,0.0987,-1.655,32224.7492,52152.4797311334,0,5,35.0,0
2026-09-21T17:05:03+00:00,4tJW2axbTxtT6nKbjB5pZwePtW84cB7E1B6tdCCLGfrC,hyUSD / USDC,A,1.0018700460136538,39960.0597766021,8629.434991980192,4.6,19.0,,0.1255,0.461,2603669.7205,21790475.6069622,42,28,327.3,0
2026-09-21T17:05:03+00:00,5Jm4GnWPt62kphmhEET6rjzzFjvsfNxNqdpEuGwp2U9q,EYE / SOL,B,0.00011561508779173972,571.0304822738,184.6191071544995,3.1,28.0,,0.0801,0.654,52449.1239,115519.737499956,1,7,35.1,0
2026-09-21T17:05:03+00:00,8TbYi38UqcedfptvjN2rURLbGbGub3itp2hgLvvS35hY,DPG / SOL,D,5.946198256087444e-06,3.8405303223,0.13238898460710496,29.0,5.0,,0.0027,0.486,7649.6776,5730.8879599533,2,2,40.1,0
2026-09-21T17:05:03+00:00,CD5HDt23sjGud5VTWsv51BMPey2Qf9qH5cyswWmjBDdq,BULLSHIT / SOL,A,0.0009254376085353891,11442.3816706929,4267.140450094398,2.7,109.0,,0.3203,-11.609,157595.2072,905170.701398145,34,29,34.9,0
2026-09-21T17:05:03+00:00,CsioJDbZethDNdy6M6HV5ECeowF8zm7BFvTBcb7FZeCt,SPCX / USDC,A,153.809355570783,36776.6943531109,7874.311963505519,4.7,26.0,,0.1657,-0.192,796111.1527,6574361.0660395,40,26,101.1,0
2026-09-21T17:05:03+00:00,DPAU7wDyMXDgNAfzQYMfyNqmTjzcoRsSPA2LeGH71hgi,SKHY / USDC,A,187.64215316783793,158740.938887146,21701.22995198104,7.3,3.5,,0.6494,-0.238,2469584.4695,2323119.71131594,12,10,72.7,0
2026-09-21T17:05:03+00:00,E3H4To39g5m31DyVUGqr7shi4m3DpXUVLngBStfam7E8,Sakadung / SOL,D,3.114750150255542e-05,789.2691696847,45.95575859185075,17.2,13,,0.1801,2.682,18057.8087,31147.5015,2,5,32.6,0
2026-09-21T17:05:03+00:00,ExoRMH6uApXi6abtqfNbcbDsDYvNP5ZC6cYybzZVUoLH,Z / SOL,C,6.363546073658118e-05,175.2712779496,51.02443719966898,3.4,17,,0.0463,-0.081,29538.6017,62315.8320757086,3,3,35.0,0
2026-09-21T17:05:03+00:00,F1w2HgzJHTGVhDdH8u95gjSuWTjchGJfmukTyhXnTJYx,Intismeran / SOL,C,3.319859969908081e-05,786.5553856864,2.9035409079498087,270.9,2,,0.0255,12.341,23626.0729,33355.21778,3,2,33.2,0
2026-09-21T17:05:03+00:00,G8kgi7aUpeX8EVR8VMkrth9SKEv5BietWC33UjAiiMGh,CYBERLEEK / SOL,A,0.0009754592393049244,13161.727398071,801.7623517826613,16.4,118.0,,0.1741,9.991,403627.7737,711991.891379035,44,47,36.8,0
2026-09-21T17:05:03+00:00,HttDe6BsDc3y58owhqayQmERsNmWnRzFvDEwJYmxGAx3,Qenis / SOL,B,0.00015390516566270187,1740.3114721514,442.64119219207987,3.9,35.0,,0.1425,-9.024,52599.7569,148363.135569977,3,4,39.6,0
2026-09-21T21:06:00+00:00,2C7PaLGC7wtQZWR9wa7QT2bthqTDyzcBL6BEYFGdSA5e,Z500 / SOL,C,4.6874771245000697e-05,190.1959780101,43.78267391466864,4.3,24.0,,0.1651,0.37,30671.6901,46766.9240234873,4,3,35.2,0
2026-09-21T21:06:00+00:00,4tJW2axbTxtT6nKbjB5pZwePtW84cB7E1B6tdCCLGfrC,hyUSD / USDC,A,0.9970059757417515,179069.586652576,8629.434991980192,20.8,19,,0.0927,-0.217,2591369.1645,21743491.6397048,31,25,327.4,0
2026-09-21T21:06:00+00:00,8TbYi38UqcedfptvjN2rURLbGbGub3itp2hgLvvS35hY,DPG / SOL,D,6.0295602488056804e-06,2.5278269527,0.13238898460710496,19.1,5,,0.0046,0.072,7818.3143,5811.2314368159,2,1,40.3,0
2026-09-21T21:06:00+00:00,CsioJDbZethDNdy6M6HV5ECeowF8zm7BFvTBcb7FZeCt,SPCX / USDC,A,153.080793811421,19893.9952163368,7874.311963505519,2.5,26,,0.1963,0.636,788682.184,6504107.98598474,7,41,101.3,0
2026-09-21T21:06:00+00:00,EcGDaedZL6ZPqKHyQThL6epLS1KuHtk94jWcRWXAC8mn,CLUG / SOL,D,1.097705350891287e-05,238.1110849449,7.527285321807477,31.6,2,,0.0345,2.004,12660.347,10896.9636056503,2,1,33.8,0
2026-09-21T21:06:00+00:00,G8kgi7aUpeX8EVR8VMkrth9SKEv5BietWC33UjAiiMGh,CYBERLEEK / SOL,A,0.0009977406616964752,4506.4158189197,801.7623517826613,5.6,117,,0.2025,2.375,411933.3106,728255.197045423,25,29,37.0,0
2026-09-22T00:08:54+00:00,13MEx6gjRadJNUdmToaGSzgeWHLH7FzScUQS9Mc5nYF5,MU / USDC,A,1049.169905153512,38927.1464691414,5254.198506513012,7.4,6.0,,0.5327,0.257,4687649.5725,5418266.90793888,12,3,91.4,0
2026-09-22T00:08:54+00:00,2C7PaLGC7wtQZWR9wa7QT2bthqTDyzcBL6BEYFGdSA5e,Z500 / SOL,C,4.749935747693377e-05,178.5542202494,43.78267391466864,4.1,24.0,,0.1695,-1.67,30744.4946,47390.0732011084,1,2,35.3,0
2026-09-22T00:08:54+00:00,4tJW2axbTxtT6nKbjB5pZwePtW84cB7E1B6tdCCLGfrC,hyUSD / USDC,A,0.9968285684872896,131381.698103785,8629.434991980192,15.2,19.0,,0.0984,-0.258,2609275.002,22200225.0011281,155,20,327.6,0
2026-09-22T00:08:54+00:00,CsioJDbZethDNdy6M6HV5ECeowF8zm7BFvTBcb7FZeCt,SPCX / USDC,A,152.509623678772,52282.1502957387,7874.311963505519,6.6,26.0,,0.3607,-0.026,789050.2878,6459436.08559835,13,94,101.4,0
2026-09-22T00:08:54+00:00,DPAU7wDyMXDgNAfzQYMfyNqmTjzcoRsSPA2LeGH71hgi,SKHY / USDC,A,191.2331291826713,107604.348954185,21701.22995198104,5.0,4.0,,0.6814,0.63,2481378.2994,2357463.48392815,14,3,73.0,0
2026-09-22T00:08:54+00:00,ExoRMH6uApXi6abtqfNbcbDsDYvNP5ZC6cYybzZVUoLH,Z / SOL,C,6.238205668493122e-05,219.1254044232,51.02443719966898,4.3,17,,0.0385,1.069,29509.2439,61088.4202518193,5,2,35.3,0
2026-09-22T00:08:54+00:00,F1w2HgzJHTGVhDdH8u95gjSuWTjchGJfmukTyhXnTJYx,Intismeran / SOL,C,3.495032278677928e-05,8.3270720041,2.9035409079498087,2.9,2,,0.0369,0.0,24322.1355,34950.32279,1,0,33.5,0
2026-09-22T00:08:54+00:00,G8kgi7aUpeX8EVR8VMkrth9SKEv5BietWC33UjAiiMGh,CYBERLEEK / SOL,A,0.0010320931059984108,8834.2381001819,801.7623517826613,11.0,116.5,,0.1884,-2.29,422537.4602,757987.675264385,17,35,37.1,0
2026-09-22T05:02:01+00:00,13MEx6gjRadJNUdmToaGSzgeWHLH7FzScUQS9Mc5nYF5,MU / USDC,A,1040.6926772287743,153911.866404358,5254.198506513012,29.3,6.0,,0.5332,-0.125,4695513.8165,5369279.42933682,0,19,91.6,0
2026-09-22T05:02:01+00:00,4tJW2axbTxtT6nKbjB5pZwePtW84cB7E1B6tdCCLGfrC,hyUSD / USDC,A,0.9963820251280852,61439.7322261554,8629.434991980192,7.1,19,,0.1116,0.014,2606346.3084,22358279.3285814,8,20,327.8,0
2026-09-22T05:02:01+00:00,68C62WPYiiNZxprbuaMj2ULXpiTDKcs5xsX7kBGnyajR,MANLET / SOL,C,0.0007126355872088545,10854.7353097772,4567.5405866868605,2.4,32.0,,0.1589,-3.239,25925.6119,712635.5872,28,26,46.2,0
2026-09-22T05:02:01+00:00,8TbYi38UqcedfptvjN2rURLbGbGub3itp2hgLvvS35hY,DPG / SOL,D,5.811081137525416e-06,0.720184239,0.13238898460710496,5.4,5,,0.0045,-0.651,7576.1409,5600.6633975093,0,3,40.6,0
2026-09-22T05:02:01+00:00,CqU5xCL88SMmPZyTborzUc3afYwJjqu51AXsCjH5WJj2,UMPALUMPA / SOL,D,4.2874414250669076e-05,20.1447106994,4.09705983192227,4.9,0.0,,0.0014,0.0,18487.759,42874.41425,0,1,33.9,0
2026-09-22T05:02:01+00:00,CsioJDbZethDNdy6M6HV5ECeowF8zm7BFvTBcb7FZeCt,SPCX / USDC,A,151.815441783252,25699.4814497944,7874.311963505519,3.3,26,,0.3758,-0.436,796167.8828,6446542.77157571,84,60,101.6,0
2026-09-22T05:02:01+00:00,DPAU7wDyMXDgNAfzQYMfyNqmTjzcoRsSPA2LeGH71hgi,SKHY / USDC,A,188.21789543009734,101275.196321739,21701.22995198104,4.7,4,,0.8541,-2.352,2464338.9875,2266642.28696151,11,19,73.2,0
2026-09-22T05:02:01+00:00,EWLKmz6R2tcVKiep4ZZXQYbnBXm96YfhMW97Csn1ZL6P,BOLLOCKS / SOL,D,8.289508258676631e-06,9.8791411598,4.90515846840123,2.0,2,,0.007,0.0,8241.5049,8289.508259,1,0,35.4,0
2026-09-22T05:02:01+00:00,HttDe6BsDc3y58owhqayQmERsNmWnRzFvDEwJYmxGAx3,Qenis / SOL,B,0.00016123898575074412,1093.565180319,442.64119219207987,2.5,35,,0.0979,9.276,53351.3313,155432.869329681,4,2,40.1,0
2026-09-22T10:01:07+00:00,13MEx6gjRadJNUdmToaGSzgeWHLH7FzScUQS9Mc5nYF5,MU / USDC,A,1036.5248156636387,115940.889267194,5254.198506513012,22.1,6.0,,0.5863,0.525,4690519.6267,5336876.54651339,8,0,91.8,0
2026-09-22T10:01:07+00:00,4tJW2axbTxtT6nKbjB5pZwePtW84cB7E1B6tdCCLGfrC,hyUSD / USDC,A,1.0011684372275205,52535.1566730158,18346.07452017713,2.9,19.0,,0.0864,0.513,2606510.3017,22484059.0292133,17,20,328.0,0
2026-09-22T10:01:07+00:00,CsioJDbZethDNdy6M6HV5ECeowF8zm7BFvTBcb7FZeCt,SPCX / USDC,A,152.188665083813,16551.5697706846,7874.311963505519,2.1,26.0,,0.3916,-0.027,784194.7076,6466189.18369861,11,8,101.8,0
2026-09-22T10:01:07+00:00,DPAU7wDyMXDgNAfzQYMfyNqmTjzcoRsSPA2LeGH71hgi,SKHY / USDC,A,187.03737697218924,276314.492639248,21701.22995198104,12.7,4.0,,1.1937,0.307,2466910.1061,2252425.71604991,28,15,73.4,0
2026-09-22T10:01:07+00:00,E3H4To39g5m31DyVUGqr7shi4m3DpXUVLngBStfam7E8,Sakadung / SOL,D,3.1054908940090326e-05,338.4460330622,45.95575859185075,7.4,13,,0.2269,0.0,18220.1376,31054.90894,0,1,33.3,0
2026-09-22T10:01:07+00:00,ExoRMH6uApXi6abtqfNbcbDsDYvNP5ZC6cYybzZVUoLH,Z / SOL,C,6.202979135622881e-05,347.7908168159,51.02443719966898,6.8,17,,0.0508,3.714,28760.8903,60848.6481459929,1,3,35.7,0
2026-09-22T10:01:07+00:00,G8kgi7aUpeX8EVR8VMkrth9SKEv5BietWC33UjAiiMGh,CYBERLEEK / SOL,A,0.0011452498056983293,4805.8720468266,801.7623517826613,6.0,114.5,,0.1792,2.696,440917.8439,835922.750764482,30,21,37.5,0
2026-09-22T14:58:06+00:00,13MEx6gjRadJNUdmToaGSzgeWHLH7FzScUQS9Mc5nYF5,MU / USDC,A,1074.9513791418958,462101.592906455,5254.198506513012,87.9,6.0,,0.5416,0.342,4724311.6764,5520939.34619826,41,21,92.0,0
2026-09-22T14:58:06+00:00,4NfzEdfdSxzsdTUvkCf8UwmMdcV5bq7szcUoQdXFKPm3,BUY / SOL,D,4.821956231377907e-06,52.326166524,0.08083411678968631,647.3,0.0,,0.011,0.0,5892.1709,4750.8235722974,0,1,34.0,0
2026-09-22T14:58:06+00:00,4tJW2axbTxtT6nKbjB5pZwePtW84cB7E1B6tdCCLGfrC,hyUSD / USDC,A,0.997081375232027,270395.513921902,18346.07452017713,14.7,19,,0.0887,-0.157,2611057.5769,22548097.0081946,63,41,328.2,0
2026-09-22T14:58:06+00:00,6qjVoJXVLL7JWiknpeqg88SYexdm7KQqWu8Uir3aD4ZJ,TROOPET / SOL,D,8.079665820692839e-06,9.5489198908,0.524204490512388,18.2,0.0,,0.0038,0.229,8553.066,6564.6021749473,1,0,33.8,0
2026-09-22T14:58:06+00:00,8TbYi38UqcedfptvjN2rURLbGbGub3itp2hgLvvS35hY,DPG / SOL,D,5.81594046410676e-06,2.068417476,0.13238898460710496,15.6,5,,0.0047,0.0,7587.7213,5656.2455258432,0,1,41.0,0
2026-09-22T14:58:06+00:00,CD5HDt23sjGud5VTWsv51BMPey2Qf9qH5cyswWmjBDdq,BULLSHIT / SOL,A,0.0008487279514085793,10901.4045741554,4267.140450094398,2.6,106.5,,0.184,-13.903,151606.6323,840038.683924335,39,23,35.8,0
2026-09-22T14:58:06+00:00,CqU5xCL88SMmPZyTborzUc3afYwJjqu51AXsCjH5WJj2,UMPALUMPA / SOL,D,4.2454405167413905e-05,78.5967526564,4.09705983192227,19.2,0.0,,0.0037,0.0,18423.582,42454.40517,0,1,34.3,0
2026-09-22T14:58:06+00:00,CsioJDbZethDNdy6M6HV5ECeowF8zm7BFvTBcb7FZeCt,SPCX / USDC,A,154.273110988109,96484.2078657637,7874.311963505519,12.3,26,,0.3725,0.436,788304.9523,6554733.89866303,52,84,102.0,0
2026-09-22T14:58:06+00:00,DPAU7wDyMXDgNAfzQYMfyNqmTjzcoRsSPA2LeGH71hgi,SKHY / USDC,A,193.09984999260323,263105.775332996,21701.22995198104,12.1,4,,1.0781,-0.072,2484460.5153,2322529.41376526,24,11,73.6,0
2026-09-22T14:58:06+00:00,E3H4To39g5m31DyVUGqr7shi4m3DpXUVLngBStfam7E8,Sakadung / SOL,D,2.891445336471572e-05,199.7470542388,45.95575859185075,4.3,12.5,,0.1551,2.133,16865.7131,28914.45336,2,0,33.5,0
2026-09-22T14:58:06+00:00,ExoRMH6uApXi6abtqfNbcbDsDYvNP5ZC6cYybzZVUoLH,Z / SOL,C,6.0827304684407945e-05,225.8493233034,51.02443719966898,4.4,16.5,,0.0488,1.339,28917.7406,59531.8973048586,2,5,35.9,0
2026-09-22T14:58:06+00:00,G8kgi7aUpeX8EVR8VMkrth9SKEv5BietWC33UjAiiMGh,CYBERLEEK / SOL,A,0.0010237812173226192,3809.6524228002,801.7623517826613,4.8,113,,0.19,-2.008,422903.7639,747262.306103066,17,32,37.7,0
2026-09-22T18:46:16+00:00,13MEx6gjRadJNUdmToaGSzgeWHLH7FzScUQS9Mc5nYF5,MU / USDC,A,1087.443354467273,66596.821918391,5254.198506513012,12.7,6.0,,0.5454,0.86,4747621.1533,5287983.08212791,18,3,92.2,0
2026-09-22T18:46:16+00:00,2C7PaLGC7wtQZWR9wa7QT2bthqTDyzcBL6BEYFGdSA5e,Z500 / SOL,C,5.048648002128711e-05,499.0446577364,43.78267391466864,11.4,23.0,,0.091,-2.822,32408.0721,50370.323080136,0,2,36.1,0
2026-09-22T18:46:16+00:00,4tJW2axbTxtT6nKbjB5pZwePtW84cB7E1B6tdCCLGfrC,hyUSD / USDC,A,0.9964132749769917,41422.8938009169,18346.07452017713,2.3,19.0,,0.1238,-0.022,2609194.7786,22371954.5068465,15,15,328.3,0
2026-09-22T18:46:16+00:00,5Jm4GnWPt62kphmhEET6rjzzFjvsfNxNqdpEuGwp2U9q,EYE / SOL,B,0.00010748723490896501,1008.0918763134,184.6191071544995,5.5,26.5,,0.0832,6.82,50573.8185,107398.538833553,8,6,36.1,0
2026-09-22T18:46:16+00:00,6qjVoJXVLL7JWiknpeqg88SYexdm7KQqWu8Uir3aD4ZJ,TROOPET / SOL,D,8.055997734768912e-06,2.8092468546,0.524204490512388,5.4,0,,0.0056,0.0,8597.9078,6545.3722250614,0,1,34.0,0
2026-09-22T18:46:16+00:00,8TbYi38UqcedfptvjN2rURLbGbGub3itp2hgLvvS35hY,DPG / SOL,D,5.9684089766795905e-06,0.8208703054,0.17282992600826852,4.7,4.5,,0.0033,0.068,7744.2289,5752.2944362733,3,2,41.2,0
2026-09-22T18:46:16+00:00,CD5HDt23sjGud5VTWsv51BMPey2Qf9qH5cyswWmjBDdq,BULLSHIT / SOL,A,0.0008961282234013015,9849.4548381914,4267.140450094398,2.3,106.0,,0.1475,1.228,154935.527,876503.181683289,52,19,36.0,0
2026-09-22T18:46:16+00:00,CsioJDbZethDNdy6M6HV5ECeowF8zm7BFvTBcb7FZeCt,SPCX / USDC,A,153.156161790329,89862.3115941347,7874.311963505519,11.4,26.0,,0.4058,-0.623,796713.5777,6507270.31170879,236,72,102.2,0
2026-09-22T18:46:16+00:00,DPAU7wDyMXDgNAfzQYMfyNqmTjzcoRsSPA2LeGH71hgi,SKHY / USDC,A,193.126745878276,161294.444223155,21701.22995198104,7.4,4.0,,1.1565,1.032,2479232.6333,2217947.73280126,17,5,73.7,0
2026-09-22T18:46:16+00:00,E3H4To39g5m31DyVUGqr7shi4m3DpXUVLngBStfam7E8,Sakadung / SOL,D,2.210069987454929e-05,282.8036063558,45.95575859185075,6.2,12,,0.2629,-2.33,14916.9128,22100.69987,1,2,33.7,0
2026-09-22T18:46:16+00:00,ExoRMH6uApXi6abtqfNbcbDsDYvNP5ZC6cYybzZVUoLH,Z / SOL,C,6.218651665320545e-05,839.2294096886,51.02443719966898,16.4,16,,0.0696,-4.524,29993.2232,60896.9350355902,6,7,36.0,0
2026-09-22T18:46:16+00:00,F1w2HgzJHTGVhDdH8u95gjSuWTjchGJfmukTyhXnTJYx,Intismeran / SOL,C,3.4789691287413755e-05,10.5233350938,2.9035409079498087,3.6,2,,0.0054,0.0,24066.1972,34789.69129,1,0,34.3,0
2026-09-22T18:46:16+00:00,G8kgi7aUpeX8EVR8VMkrth9SKEv5BietWC33UjAiiMGh,CYBERLEEK / SOL,A,0.0010601279439576281,2138.31009501,801.7623517826613,2.7,108.0,,0.142,1.158,443162.6906,773791.937756054,14,23,37.9,0
2026-09-22T21:56:51+00:00,2C7PaLGC7wtQZWR9wa7QT2bthqTDyzcBL6BEYFGdSA5e,Z500 / SOL,C,4.8164642754381e-05,201.1064344752,43.78267391466864,4.6,22.5,,0.0733,-0.904,31055.5119,48053.8277850971,1,2,36.2,0
2026-09-22T21:56:51+00:00,4tJW2axbTxtT6nKbjB5pZwePtW84cB7E1B6tdCCLGfrC,hyUSD / USDC,A,1.0019935216427287,95323.6347259023,18346.07452017713,5.2,19,,0.1277,-0.013,2609258.5626,22591855.1574844,24,16,328.5,0
2026-09-22T21:56:51+00:00,68C62WPYiiNZxprbuaMj2ULXpiTDKcs5xsX7kBGnyajR,MANLET / SOL,C,0.0006180356363887345,34179.3331677357,1786.125944476536,19.1,32.0,,0.2353,-8.84,29190.1883,618035.6364,149,86,46.9,0
2026-09-22T21:56:51+00:00,9R27f7ibnqi9jfk5LdWHRhX7faJBPPZyr5Va35RYWwoo,LAYOOO / SOL,A,0.00047300592144448276,1394.1227425817,403.67161822853353,3.5,25.0,,0.0806,-3.788,107285.67,446313.565584024,8,3,44.0,0
2026-09-22T21:56:51+00:00,CsioJDbZethDNdy6M6HV5ECeowF8zm7BFvTBcb7FZeCt,SPCX / USDC,A,153.852565983343,35191.8398913912,7874.311963505519,4.5,26,,0.2916,0.117,785570.8549,6536858.32426901,21,57,102.3,0
2026-09-22T21:56:51+00:00,E3H4To39g5m31DyVUGqr7shi4m3DpXUVLngBStfam7E8,Sakadung / SOL,D,2.5866960709100898e-05,806.700453924,45.95575859185075,17.6,12.0,,0.263,10.66,16272.9705,25866.96071,7,5,33.8,0
2026-09-22T21:56:51+00:00,ExoRMH6uApXi6abtqfNbcbDsDYvNP5ZC6cYybzZVUoLH,Z / SOL,C,6.427923669530357e-05,743.254886485,51.02443719966898,14.6,16.0,,0.0786,0.614,29892.0193,62946.2576829704,5,2,36.2,0
2026-09-23T00:17:43+00:00,13MEx6gjRadJNUdmToaGSzgeWHLH7FzScUQS9Mc5nYF5,MU / USDC,A,1092.836446175738,39687.0101370745,5254.198506513012,7.6,6.0,,0.5375,0.411,4758932.6215,5081280.46647015,8,11,92.4,0
2026-09-23T00:17:43+00:00,68C62WPYiiNZxprbuaMj2ULXpiTDKcs5xsX7kBGnyajR,MANLET / SOL,C,0.000597221045953945,4080.3301218138,1786.125944476536,2.3,32.0,,0.2723,2.857,29543.425,597221.046,25,32,47.0,0
2026-09-23T00:17:43+00:00,DPAU7wDyMXDgNAfzQYMfyNqmTjzcoRsSPA2LeGH71hgi,SKHY / USDC,A,194.40915476538498,195073.711540141,21701.22995198104,9.0,4.0,,1.1271,0.319,2497145.6073,2206807.37415083,18,16,74.0,0
2026-09-23T00:17:43+00:00,E3H4To39g5m31DyVUGqr7shi4m3DpXUVLngBStfam7E8,Sakadung / SOL,D,2.9672630705882865e-05,624.5232328843,45.95575859185075,13.6,12,,0.2475,3.566,17594.521,29672.63071,3,3,33.9,0
2026-09-23T05:03:09+00:00,13MEx6gjRadJNUdmToaGSzgeWHLH7FzScUQS9Mc5nYF5,MU / USDC,A,1086.4447311623135,51652.8264070496,5254.198506513012,9.8,6.0,,0.5483,-0.06,4756363.92,5064065.88749037,9,5,92.6,0
2026-09-23T05:03:09+00:00,6VZYoRYbZzeLtUf6BEJJgreKK2EEhq2bx2UNU3EvibLc,67coin / SOL,D,1.3166396119836396e-05,317.0565222606,3.1806023594041486,99.7,1,,0.0268,0.0,13915.2719,13021.0744864301,0,1,35.7,0
2026-09-23T05:03:09+00:00,CD5HDt23sjGud5VTWsv51BMPey2Qf9qH5cyswWmjBDdq,BULLSHIT / SOL,A,0.0010890121944139254,8824.0124354779,2658.4789236696965,3.3,104.5,,0.1668,4.1,173025.4901,1066110.10765992,15,20,36.4,0
2026-09-23T10:01:35+00:00,4tJW2axbTxtT6nKbjB5pZwePtW84cB7E1B6tdCCLGfrC,hyUSD / USDC,A,0.999538138163375,38229.8892239496,18346.07452017713,2.1,19.0,,0.1018,-0.218,2627898.6001,23104878.8178152,30,23,329.0,0
2026-09-23T10:01:35+00:00,CD5HDt23sjGud5VTWsv51BMPey2Qf9qH5cyswWmjBDdq,BULLSHIT / SOL,A,0.0012566557126985527,7250.807911263,2658.4789236696965,2.7,103.0,,0.1519,11.151,184527.1043,1229135.14419832,18,26,36.6,0
2026-09-23T10:01:35+00:00,CsioJDbZethDNdy6M6HV5ECeowF8zm7BFvTBcb7FZeCt,SPCX / USDC,A,153.968352845421,32736.6662226227,12211.046898855038,2.7,25.5,,0.192,-0.036,797508.5301,6510979.66041394,36,27,102.8,0
2026-09-23T10:01:35+00:00,E3H4To39g5m31DyVUGqr7shi4m3DpXUVLngBStfam7E8,Sakadung / SOL,D,3.175487225434713e-05,113.9538293174,45.95575859185075,2.5,12,,0.2539,-1.383,18119.4363,31754.87225,0,3,34.3,0
2026-09-23T10:01:35+00:00,G8kgi7aUpeX8EVR8VMkrth9SKEv5BietWC33UjAiiMGh,CYBERLEEK / SOL,A,0.0009849130675286377,3113.1215838823,801.7623517826613,3.9,99.5,,0.094,-1.397,427580.4862,718892.099769932,11,17,38.5,0
2026-09-23T15:03:06+00:00,13MEx6gjRadJNUdmToaGSzgeWHLH7FzScUQS9Mc5nYF5,MU / USDC,A,1080.624560552885,655386.367108136,5254.198506513012,124.7,6.0,,0.5413,-0.317,4770793.6196,4931564.53181227,19,24,93.0,0
2026-09-23T15:03:06+00:00,2C7PaLGC7wtQZWR9wa7QT2bthqTDyzcBL6BEYFGdSA5e,Z500 / SOL,C,4.471192078197045e-05,453.9484100527,43.78267391466864,10.4,20.5,,0.0821,-4.24,29337.6118,44609.049676856,1,2,37.0,0
2026-09-23T15:03:06+00:00,4tJW2axbTxtT6nKbjB5pZwePtW84cB7E1B6tdCCLGfrC,hyUSD / USDC,A,1.0009084788619944,477626.826445103,18346.07452017713,26.0,19,,0.1285,0.348,2527682.1203,23207044.2235036,67,39,329.2,0
2026-09-23T15:03:06+00:00,5Jm4GnWPt62kphmhEET6rjzzFjvsfNxNqdpEuGwp2U9q,EYE / SOL,C,9.493620521892347e-05,1032.5144965928,184.6191071544995,5.6,25.5,,0.0783,-1.035,46938.1435,94857.8504271548,7,5,37.0,0
2026-09-23T15:03:06+00:00,68C62WPYiiNZxprbuaMj2ULXpiTDKcs5xsX7kBGnyajR,MANLET / SOL,C,0.0005777757753433136,5434.5877881895,1786.125944476536,3.0,32.0,,0.2356,-0.068,25634.9062,577775.7753,36,23,47.6,0
2026-09-23T15:03:06+00:00,8TbYi38UqcedfptvjN2rURLbGbGub3itp2hgLvvS35hY,DPG / SOL,D,5.789516869855442e-06,4.1341047158,0.17282992600826852,23.9,4,,0.0025,-0.306,7498.7608,5579.8799660594,0,2,42.0,0
2026-09-23T15:03:06+00:00,9R27f7ibnqi9jfk5LdWHRhX7faJBPPZyr5Va35RYWwoo,LAYOOO / SOL,A,0.0005176945879336361,3434.0524685634,403.67161822853353,8.5,24.0,,0.046,-0.112,112587.0365,488480.390954362,1,10,44.7,0
2026-09-23T15:03:06+00:00,A9W9TH82joZ23fz1M1sNoFGrm2RnPJTk5hnD8stDs8LV,AXE / SOL,C,0.00012985708130582802,22.5742427329,4.384993415505409,5.1,1.5,,0.0003,0.0,37940.3936,129120.932463696,0,1,35.8,0
2026-09-23T15:03:06+00:00,CD5HDt23sjGud5VTWsv51BMPey2Qf9qH5cyswWmjBDdq,BULLSHIT / SOL,A,0.0010427277299675164,8951.2291128695,2658.4789236696965,3.4,101.0,,0.2146,-2.341,167798.7523,1020101.30489596,23,40,36.8,0
2026-09-23T15:03:06+00:00,CsioJDbZethDNdy6M6HV5ECeowF8zm7BFvTBcb7FZeCt,SPCX / USDC,A,151.99570393218,111963.305086334,12211.046898855038,9.2,26,,0.1632,-1.102,790710.8792,6464156.79958485,88,82,103.0,0
2026-09-23T15:03:06+00:00,DPAU7wDyMXDgNAfzQYMfyNqmTjzcoRsSPA2LeGH71hgi,SKHY / USDC,A,191.14450023533166,228659.980826518,13432.428164612136,17.0,4,,1.0521,0.174,2494657.3953,2169749.12013798,19,17,74.6,0
2026-09-23T15:03:06+00:00,E3H4To39g5m31DyVUGqr7shi4m3DpXUVLngBStfam7E8,Sakadung / SOL,C,4.3567598153472416e-05,2125.9971529815,45.800894667160534,46.4,12.0,,0.2224,42.728,21228.047,43567.59815,7,5,34.5,0
2026-09-23T15:03:06+00:00,ExoRMH6uApXi6abtqfNbcbDsDYvNP5ZC6cYybzZVUoLH,Z / SOL,C,5.5819757690703604e-05,1007.9023164974,51.02443719966898,19.8,16.0,,0.0916,-1.662,27389.4942,54662.2055852036,13,4,36.9,0
2026-09-23T15:03:06+00:00,G8kgi7aUpeX8EVR8VMkrth9SKEv5BietWC33UjAiiMGh,CYBERLEEK / SOL,A,0.0009315358250826956,2924.4301279899,801.7623517826613,3.6,99,,0.095,0.503,420799.6094,679931.827592639,9,21,38.7,0
2026-09-23T19:04:53+00:00,13MEx6gjRadJNUdmToaGSzgeWHLH7FzScUQS9Mc5nYF5,MU / USDC,A,1064.688937447503,38590.352923864,5254.198506513012,7.3,6.0,,0.5548,-0.503,4722910.2302,4858840.3345585,0,5,93.2,0
2026-09-23T19:04:53+00:00,4tJW2axbTxtT6nKbjB5pZwePtW84cB7E1B6tdCCLGfrC,hyUSD / USDC,A,0.9969822845632261,238103.316591968,18346.07452017713,13.0,19.0,,0.1383,-0.303,2509460.2076,23568138.5111004,51,55,329.4,0
2026-09-23T19:04:53+00:00,8TbYi38UqcedfptvjN2rURLbGbGub3itp2hgLvvS35hY,DPG / SOL,D,5.7710667895440995e-06,0.5526999885,0.17282992600826852,3.2,4.0,,0.0033,0.0,7429.2012,5562.0979586698,1,0,42.2,0
2026-09-23T19:04:53+00:00,9R27f7ibnqi9jfk5LdWHRhX7faJBPPZyr5Va35RYWwoo,LAYOOO / SOL,A,0.0004824959037507469,2094.0902392813,403.67161822853353,5.2,23.5,,0.0588,-2.438,106508.2846,455268.015603882,7,2,44.9,0
2026-09-23T19:04:53+00:00,CsioJDbZethDNdy6M6HV5ECeowF8zm7BFvTBcb7FZeCt,SPCX / USDC,A,149.448069341554,96011.2610856491,12211.046898855038,7.9,26.0,,0.1705,0.123,783193.2475,6319752.78634008,65,37,103.2,0
2026-09-23T19:04:53+00:00,DPAU7wDyMXDgNAfzQYMfyNqmTjzcoRsSPA2LeGH71hgi,SKHY / USDC,A,188.07652401968252,58298.6339597986,13432.428164612136,4.3,4.0,,1.0863,-1.668,2467368.0981,2134923.43231432,22,33,74.7,0
2026-09-23T19:04:53+00:00,E3H4To39g5m31DyVUGqr7shi4m3DpXUVLngBStfam7E8,Sakadung / SOL,D,3.7611275328536963e-05,1086.7537467776,45.800894667160534,23.7,12,,0.2657,-16.472,19782.1518,37611.27533,2,5,34.7,0
2026-09-23T19:04:53+00:00,ExoRMH6uApXi6abtqfNbcbDsDYvNP5ZC6cYybzZVUoLH,Z / SOL,C,5.493779255568648e-05,181.034387957,49.50890366205552,3.7,16,,0.068,-0.6,27052.298,53798.5300471828,11,1,37.1,0
2026-09-23T19:04:53+00:00,F1w2HgzJHTGVhDdH8u95gjSuWTjchGJfmukTyhXnTJYx,Intismeran / SOL,C,3.296028202166978e-05,49.1604432537,2.9035409079498087,16.9,1,,0.0035,0.0,23256.2545,32960.28202,0,1,35.3,0
2026-09-23T19:04:53+00:00,G8kgi7aUpeX8EVR8VMkrth9SKEv5BietWC33UjAiiMGh,CYBERLEEK / SOL,A,0.0009592487687143794,3008.4196101761,801.7623517826613,3.8,97.0,,0.0879,-0.528,440540.3758,705173.913026628,9,20,38.9,0
2026-09-23T22:19:33+00:00,13MEx6gjRadJNUdmToaGSzgeWHLH7FzScUQS9Mc5nYF5,MU / USDC,A,1072.603036726726,37944.3568743046,3604.726622357354,10.5,6.0,,0.5898,0.235,4740642.0645,4571372.44747513,9,0,93.3,0
2026-09-23T22:19:33+00:00,4tJW2axbTxtT6nKbjB5pZwePtW84cB7E1B6tdCCLGfrC,hyUSD / USDC,A,0.9995456877984891,64367.1144517569,18346.07452017713,3.5,19,,0.1408,0.006,2521590.8813,23369863.0288285,53,19,329.5,0
2026-09-23T22:19:33+00:00,5Jm4GnWPt62kphmhEET6rjzzFjvsfNxNqdpEuGwp2U9q,EYE / SOL,C,8.841372876218039e-05,954.7260085174,184.6191071544995,5.2,25.0,,0.1379,1.954,44836.4669,88340.7560364051,9,3,37.3,0
2026-09-23T22:19:33+00:00,68C62WPYiiNZxprbuaMj2ULXpiTDKcs5xsX7kBGnyajR,MANLET / SOL,C,0.0005786111569019303,7111.694640105,1786.125944476536,4.0,31.5,,0.125,7.732,26254.3231,578611.1569,35,15,47.9,0
2026-09-23T22:19:33+00:00,CsioJDbZethDNdy6M6HV5ECeowF8zm7BFvTBcb7FZeCt,SPCX / USDC,A,148.708389100107,68844.5383898294,12211.046898855038,5.6,26,,0.2321,0.11,779857.5386,6321811.67322296,68,28,103.4,0
2026-09-23T22:19:33+00:00,ExoRMH6uApXi6abtqfNbcbDsDYvNP5ZC6cYybzZVUoLH,Z / SOL,C,5.722422124437046e-05,414.0282720878,49.50890366205552,8.4,15.5,,0.0579,6.412,27772.1977,56037.5443269681,3,6,37.2,0
2026-09-23T22:19:33+00:00,G8kgi7aUpeX8EVR8VMkrth9SKEv5BietWC33UjAiiMGh,CYBERLEEK / SOL,A,0.0009315289241152877,1190.7166618947,482.3741445506985,2.5,95,,0.0884,-0.439,437160.1515,679926.728570498,6,13,39.1,0
2026-09-23T22:19:33+00:00,HttDe6BsDc3y58owhqayQmERsNmWnRzFvDEwJYmxGAx3,Qenis / SOL,B,0.000269342102653953,1610.4142076621,129.89943061410733,12.4,33,,0.0772,-1.631,69331.2743,259643.255338315,9,5,41.8,0
2026-09-24T00:47:37+00:00,13MEx6gjRadJNUdmToaGSzgeWHLH7FzScUQS9Mc5nYF5,MU / USDC,A,1067.4687376789614,47026.73157057,3604.726622357354,13.0,6.0,,0.5962,-0.448,4724474.1013,4516554.42861451,1,9,93.4,0
2026-09-24T00:47:37+00:00,8TbYi38UqcedfptvjN2rURLbGbGub3itp2hgLvvS35hY,DPG / SOL,D,5.738621977650374e-06,1.0111170769,0.17282992600826852,5.9,4.0,,0.0027,-0.096,7549.0525,5530.8279648955,1,5,42.4,0
2026-09-24T00:47:37+00:00,E3H4To39g5m31DyVUGqr7shi4m3DpXUVLngBStfam7E8,Sakadung / SOL,D,3.606265787013964e-05,381.3505552011,45.800894667160534,8.3,12,,0.2648,7.724,19131.1288,36062.65787,4,0,34.9,0
2026-09-24T00:47:37+00:00,ExoRMH6uApXi6abtqfNbcbDsDYvNP5ZC6cYybzZVUoLH,Z / SOL,C,5.556144806243316e-05,280.4411349312,49.50890366205552,5.7,15,,0.0656,-1.64,27529.5434,54409.2526043223,2,2,37.3,0
2026-09-24T00:47:37+00:00,GwTzkbi3ogqYSphVeSMGaBwdkBvEzBo87dmDWyCxd1aj,BILLY / SOL,C,6.0232491025245016e-05,40.9801590231,12.04246357260765,3.4,2.0,,0.0013,0.0,25115.6342,59607.1518534999,0,1,37.9,0
2026-09-24T00:47:37+00:00,HttDe6BsDc3y58owhqayQmERsNmWnRzFvDEwJYmxGAx3,Qenis / SOL,B,0.0002666193676102435,2152.3876046894,129.89943061410733,16.6,32.5,,0.0943,-3.814,68021.6015,257018.564294096,7,5,41.9,0
2026-09-24T06:00:26+00:00,13MEx6gjRadJNUdmToaGSzgeWHLH7FzScUQS9Mc5nYF5,MU / USDC,A,1061.540215684612,77671.3390178802,3604.726622357354,21.5,6.0,,0.5946,-0.616,4721929.1258,4516285.04193689,10,8,93.7,0
2026-09-24T06:00:26+00:00,4tJW2axbTxtT6nKbjB5pZwePtW84cB7E1B6tdCCLGfrC,hyUSD / USDC,A,0.9970244619299914,39142.3792703137,18346.07452017713,2.1,20,,0.1413,-0.487,2501469.2477,23356132.3464959,15,28,329.8,0
2026-09-24T06:00:26+00:00,5Jm4GnWPt62kphmhEET6rjzzFjvsfNxNqdpEuGwp2U9q,EYE / SOL,C,9.129563494759618e-05,244.2570795088,118.37932751928767,2.1,25.0,,0.1343,2.143,45777.0014,91220.2704700651,5,4,37.6,0
2026-09-24T06:00:26+00:00,DPAU7wDyMXDgNAfzQYMfyNqmTjzcoRsSPA2LeGH71hgi,SKHY / USDC,A,187.5247851906624,107759.282101192,13432.428164612136,8.0,4,,0.7898,-0.573,2474013.6928,2129409.98544519,17,10,75.2,0
2026-09-24T06:00:26+00:00,E3H4To39g5m31DyVUGqr7shi4m3DpXUVLngBStfam7E8,Sakadung / SOL,D,3.643781054341065e-05,704.3317405978,45.800894667160534,15.4,12.0,,0.306,6.565,18991.0114,36437.81054,4,3,35.1,0
2026-09-24T06:00:26+00:00,HttDe6BsDc3y58owhqayQmERsNmWnRzFvDEwJYmxGAx3,Qenis / SOL,B,0.0003570664810473908,9909.6533835644,129.89943061410733,76.3,32,,0.2183,6.585,80730.8336,344208.731458313,28,33,42.1,0
2026-09-24T11:51:09+00:00,13MEx6gjRadJNUdmToaGSzgeWHLH7FzScUQS9Mc5nYF5,MU / USDC,A,1049.9468391551015,159640.022244086,3604.726622357354,44.3,6.0,,0.697,-0.326,4734861.8784,4465901.88247321,12,6,93.9,0
2026-09-24T11:51:09+00:00,2C7PaLGC7wtQZWR9wa7QT2bthqTDyzcBL6BEYFGdSA5e,Z500 / SOL,C,4.330126807188981e-05,41.4881192988,17.58741764219315,2.4,18.0,,0.0235,1.309,28384.1054,43201.6126677365,1,1,37.8,0
2026-09-24T11:51:09+00:00,6qjVoJXVLL7JWiknpeqg88SYexdm7KQqWu8Uir3aD4ZJ,TROOPET / SOL,D,7.874534915345826e-06,18.6238681856,0.524204490512388,35.5,0,,0.0095,-1.341,8396.07,6397.9365205119,1,1,35.7,0
2026-09-24T11:51:09+00:00,CsioJDbZethDNdy6M6HV5ECeowF8zm7BFvTBcb7FZeCt,SPCX / USDC,A,148.951698157899,33074.5561425914,12211.046898855038,2.7,26.0,,0.2902,0.314,783083.0391,6298830.09426208,54,8,103.9,0
2026-09-24T11:51:09+00:00,E3H4To39g5m31DyVUGqr7shi4m3DpXUVLngBStfam7E8,Sakadung / SOL,D,3.407541592087375e-05,273.0500169333,45.800894667160534,6.0,12,,0.2967,-1.262,18373.3051,34075.41592,2,2,35.4,0
2026-09-24T11:51:09+00:00,EWLKmz6R2tcVKiep4ZZXQYbnBXm96YfhMW97Csn1ZL6P,BOLLOCKS / SOL,D,6.836179410257227e-06,44.0096057119,2.1272204108882877,20.7,1.0,,0.0711,0.0,7355.8879,6836.17941,0,1,37.7,0
2026-09-24T11:51:09+00:00,ExoRMH6uApXi6abtqfNbcbDsDYvNP5ZC6cYybzZVUoLH,Z / SOL,C,5.6509997371067724e-05,197.959295835,49.50890366205552,4.0,15,,0.0721,1.286,27107.9366,55338.1244336971,1,0,37.8,0
2026-09-24T11:51:09+00:00,HttDe6BsDc3y58owhqayQmERsNmWnRzFvDEwJYmxGAx3,Qenis / SOL,B,0.0003066361658722075,815.241130014,129.89943061410733,6.3,32.0,,0.286,1.438,73197.2239,295594.381718734,4,2,42.4,0
2026-09-24T16:58:05+00:00,13MEx6gjRadJNUdmToaGSzgeWHLH7FzScUQS9Mc5nYF5,MU / USDC,A,1075.0880893563883,465822.951591281,3604.726622357354,129.2,6.0,,0.6736,1.398,4728435.3852,4536779.36418485,24,15,94.1,0
2026-09-24T16:58:05+00:00,2C7PaLGC7wtQZWR9wa7QT2bthqTDyzcBL6BEYFGdSA5e,Z500 / SOL,C,4.5040111275902625e-05,348.3307950084,17.58741764219315,19.8,18.0,,0.0236,2.485,29915.6013,44936.4540291236,4,2,38.0,0
2026-09-24T16:58:05+00:00,4tJW2axbTxtT6nKbjB5pZwePtW84cB7E1B6tdCCLGfrC,hyUSD / USDC,A,1.0019051020063687,46478.9303921431,18346.07452017713,2.5,19,,0.1481,0.508,2522182.4019,23710932.9973305,21,27,330.3,0
2026-09-24T16:58:05+00:00,5Jm4GnWPt62kphmhEET6rjzzFjvsfNxNqdpEuGwp2U9q,EYE / SOL,C,9.127515299952385e-05,304.5255529495,118.37932751928767,2.6,24.0,,0.1141,0.907,46371.3111,91199.5537446529,2,4,38.0,0
2026-09-24T16:58:05+00:00,9R27f7ibnqi9jfk5LdWHRhX7faJBPPZyr5Va35RYWwoo,LAYOOO / SOL,A,0.00047790908036281996,949.8429063868,403.67161822853353,2.4,22.0,,0.0283,2.6,107061.3189,450939.919160735,3,2,45.8,0
2026-09-24T16:58:05+00:00,CsioJDbZethDNdy6M6HV5ECeowF8zm7BFvTBcb7FZeCt,SPCX / USDC,A,147.672049303018,113091.975514347,12211.046898855038,9.3,26,,0.357,-0.452,722549.7374,6243034.52487696,138,65,104.1,0
2026-09-24T16:58:05+00:00,DPAU7wDyMXDgNAfzQYMfyNqmTjzcoRsSPA2LeGH71hgi,SKHY / USDC,A,188.969877965309,217645.783233266,13432.428164612136,16.2,4,,0.4636,1.55,2479611.965,2145819.46260707,27,13,75.7,0
2026-09-24T16:58:05+00:00,E3H4To39g5m31DyVUGqr7shi4m3DpXUVLngBStfam7E8,Sakadung / SOL,C,5.779184508348733e-05,1597.598804049,45.800894667160534,34.9,12.0,,0.2456,4.04,24845.084,56911.52888,13,8,35.6,0
2026-09-24T16:58:05+00:00,G8kgi7aUpeX8EVR8VMkrth9SKEv5BietWC33UjAiiMGh,CYBERLEEK / SOL,A,0.0010238601372821138,4481.2749646913,482.3741445506985,9.3,95,,0.0877,-1.929,473343.2586,746560.079306572,11,30,39.8,0
2026-09-24T16:58:05+00:00,HttDe6BsDc3y58owhqayQmERsNmWnRzFvDEwJYmxGAx3,Qenis / SOL,B,0.0003066735421453116,1514.6488451295,129.89943061410733,11.7,32,,0.2889,7.772,74679.6234,295630.411843912,10,5,42.6,0
2026-09-24T20:22:41+00:00,13MEx6gjRadJNUdmToaGSzgeWHLH7FzScUQS9Mc5nYF5,MU / USDC,A,1071.7839967086659,137726.405431476,3604.726622357354,38.2,6.0,,0.7698,-0.209,4756383.3495,4484577.95973466,14,5,94.3,0
2026-09-24T20:22:41+00:00,2C7PaLGC7wtQZWR9wa7QT2bthqTDyzcBL6BEYFGdSA5e,Z500 / SOL,C,4.545635522241369e-05,74.5859225938,17.58741764219315,4.2,17.5,,0.0246,0.81,29571.8499,45351.7400074026,1,1,38.2,0
2026-09-24T20:22:41+00:00,4tJW2axbTxtT6nKbjB5pZwePtW84cB7E1B6tdCCLGfrC,hyUSD / USDC,A,0.9956857992644049,172870.565730609,18346.07452017713,9.4,19.5,,0.1115,-0.586,2484555.6467,23610616.6181362,24,17,330.4,0
2026-09-24T20:22:41+00:00,8TbYi38UqcedfptvjN2rURLbGbGub3itp2hgLvvS35hY,DPG / SOL,D,5.856162746186734e-06,0.9427398826,0.17282992600826852,5.5,4.0,,0.0008,-1.24,7614.4624,5644.1126121787,1,1,43.2,0
2026-09-24T20:22:41+00:00,CsioJDbZethDNdy6M6HV5ECeowF8zm7BFvTBcb7FZeCt,SPCX / USDC,A,147.25091552286,205327.777207541,12211.046898855038,16.8,26.0,,0.34,0.318,724376.2828,6226905.51909651,57,90,104.3,0
2026-09-24T20:22:41+00:00,DPAU7wDyMXDgNAfzQYMfyNqmTjzcoRsSPA2LeGH71hgi,SKHY / USDC,A,186.04790646227465,169192.220235007,13432.428164612136,12.6,4.0,,0.5808,0.071,2465686.5516,2112639.44776561,10,32,75.8,0
2026-09-24T20:22:41+00:00,E3H4To39g5m31DyVUGqr7shi4m3DpXUVLngBStfam7E8,Sakadung / SOL,C,5.623980512972175e-05,257.1855399579,45.800894667160534,5.6,12,,0.2173,-3.802,24715.0592,56239.80513,2,4,35.7,0
2026-09-24T20:22:41+00:00,EWLKmz6R2tcVKiep4ZZXQYbnBXm96YfhMW97Csn1ZL6P,BOLLOCKS / SOL,D,7.1030894297449065e-06,45.3899059119,2.1272204108882877,21.3,1.0,,0.0522,1.613,7475.0113,7103.08943,1,1,38.0,0
2026-09-24T20:22:41+00:00,F1w2HgzJHTGVhDdH8u95gjSuWTjchGJfmukTyhXnTJYx,Intismeran / SOL,C,3.3542006857134684e-05,12.7993822489,1.3587754941087087,9.4,1,,0.0014,0.0,23618.305,33542.00686,0,1,36.3,0
2026-09-24T20:22:41+00:00,HttDe6BsDc3y58owhqayQmERsNmWnRzFvDEwJYmxGAx3,Qenis / SOL,B,0.00029478092714282,520.5459635007,129.89943061410733,4.0,32.0,,0.2865,-3.292,73859.0079,284166.04277485,3,5,42.7,0
2026-09-24T23:21:17+00:00,4tJW2axbTxtT6nKbjB5pZwePtW84cB7E1B6tdCCLGfrC,hyUSD / USDC,A,0.9961640130375978,41393.3913498258,18346.07452017713,2.3,20,,0.1044,0.879,2509546.2781,24003552.834691,27,18,330.5,0
2026-09-24T23:21:17+00:00,CD5HDt23sjGud5VTWsv51BMPey2Qf9qH5cyswWmjBDdq,BULLSHIT / SOL,A,0.0009931650571017006,26383.1125873859,2658.4789236696965,9.9,94.0,,0.1126,-7.743,164010.1491,971414.696099195,173,74,38.2,0
2026-09-24T23:21:17+00:00,CsioJDbZethDNdy6M6HV5ECeowF8zm7BFvTBcb7FZeCt,SPCX / USDC,A,147.58726159543,63260.7665285811,12211.046898855038,5.2,26,,0.3331,0.189,726681.3994,6241124.1505226,257,174,104.4,0
2026-09-24T23:21:17+00:00,E3H4To39g5m31DyVUGqr7shi4m3DpXUVLngBStfam7E8,Sakadung / SOL,C,5.883968508769799e-05,1600.1605182562,45.800894667160534,34.9,12.0,,0.2438,15.601,25460.5732,58839.68509,8,4,35.8,0
2026-09-24T23:21:17+00:00,EcGDaedZL6ZPqKHyQThL6epLS1KuHtk94jWcRWXAC8mn,CLUG / SOL,D,9.876183038789073e-06,64.8342283696,4.834915324488715,13.4,2,,0.0145,0.0,11522.8439,9804.1252181819,1,0,36.9,0
2026-09-24T23:21:17+00:00,ExoRMH6uApXi6abtqfNbcbDsDYvNP5ZC6cYybzZVUoLH,Z / SOL,C,6.084920487312356e-05,278.4272437918,49.50890366205552,5.6,15.0,,0.0786,0.505,28934.4286,59587.3432928341,11,8,38.2,0
2026-09-24T23:21:17+00:00,F1w2HgzJHTGVhDdH8u95gjSuWTjchGJfmukTyhXnTJYx,Intismeran / SOL,C,3.32559396935236e-05,14.4443316986,1.3587754941087087,10.6,1.0,,0.001,0.367,23510.6133,33255.93969,0,2,36.5,0
2026-09-24T23:21:17+00:00,HttDe6BsDc3y58owhqayQmERsNmWnRzFvDEwJYmxGAx3,Qenis / SOL,B,0.00041554069174589006,4291.9647773684,129.89943061410733,33.0,32,,0.2006,11.249,87341.1938,400577.320703843,60,47,42.9,0
2026-09-25T01:48:25+00:00,13MEx6gjRadJNUdmToaGSzgeWHLH7FzScUQS9Mc5nYF5,MU / USDC,A,1090.7397922215036,149099.155814389,3604.726622357354,41.4,6.0,,0.7918,1.311,4776415.2921,4460082.86442062,8,0,94.5,0
2026-09-25T01:48:25+00:00,CD5HDt23sjGud5VTWsv51BMPey2Qf9qH5cyswWmjBDdq,BULLSHIT / SOL,A,0.0010320800806178918,29070.5145753973,2658.4789236696965,10.9,94.0,,0.1421,7.166,166513.8657,1009477.47916357,89,131,38.3,0
2026-09-25T01:48:25+00:00,DPAU7wDyMXDgNAfzQYMfyNqmTjzcoRsSPA2LeGH71hgi,SKHY / USDC,A,187.6107230083581,55620.6923211914,13432.428164612136,4.1,4.0,,0.6276,0.145,2477420.0027,2130385.77959859,17,0,76.0,0
2026-09-25T01:48:25+00:00,E3H4To39g5m31DyVUGqr7shi4m3DpXUVLngBStfam7E8,Sakadung / SOL,C,6.611384528240967e-05,812.0422425431,45.800894667160534,17.7,12,,0.2123,11.932,26662.4259,66113.84528,6,3,35.9,0
2026-09-25T01:48:25+00:00,G8kgi7aUpeX8EVR8VMkrth9SKEv5BietWC33UjAiiMGh,CYBERLEEK / SOL,A,0.0010036259795561321,1561.6404820597,482.3741445506985,3.2,90.5,,0.0778,-1.198,468158.5968,732550.607223267,3,11,40.2,0
2026-09-25T01:48:25+00:00,HttDe6BsDc3y58owhqayQmERsNmWnRzFvDEwJYmxGAx3,Qenis / SOL,B,0.00038279244874909606,2917.3389892406,129.89943061410733,22.5,32.0,,0.2253,-10.976,84723.1716,369008.322286294,66,71,43.0,0
2026-09-25T07:32:51+00:00,5Jm4GnWPt62kphmhEET6rjzzFjvsfNxNqdpEuGwp2U9q,EYE / SOL,C,9.924893553362077e-05,1127.7417310634,118.37932751928767,9.5,23.0,,0.0607,5.918,48545.1912,99166.7204883937,4,4,38.7,0
2026-09-25T07:32:51+00:00,CsioJDbZethDNdy6M6HV5ECeowF8zm7BFvTBcb7FZeCt,SPCX / USDC,A,148.890521088235,107434.817108132,12211.046898855038,8.8,26,,0.327,0.502,729346.8529,6296235.58301172,9,62,104.7,0
2026-09-25T07:32:51+00:00,E3H4To39g5m31DyVUGqr7shi4m3DpXUVLngBStfam7E8,Sakadung / SOL,C,8.222478344746759e-05,361.4378539625,45.800894667160534,7.9,11.5,,0.2327,2.979,29980.9519,82224.78345,2,2,36.2,0
2026-09-25T07:32:51+00:00,HttDe6BsDc3y58owhqayQmERsNmWnRzFvDEwJYmxGAx3,Qenis / SOL,B,0.00039840512062301977,1111.2457182179,129.89943061410733,8.6,32,,0.0904,0.086,86133.0151,384058.790921659,2,3,43.2,0
2026-09-25T13:00:33+00:00,4tJW2axbTxtT6nKbjB5pZwePtW84cB7E1B6tdCCLGfrC,hyUSD / USDC,A,0.9960850937371742,478769.541529854,18346.07452017713,26.1,20.0,,0.0854,-0.568,2492101.8903,23574691.1179673,71,30,331.1,0
2026-09-25T13:00:33+00:00,5Jm4GnWPt62kphmhEET6rjzzFjvsfNxNqdpEuGwp2U9q,EYE / SOL,B,0.00010322433852359887,926.1041544629,118.37932751928767,7.8,22.5,,0.0629,-0.974,50025.4286,103138.830345789,2,1,38.9,0
2026-09-25T13:00:33+00:00,CsioJDbZethDNdy6M6HV5ECeowF8zm7BFvTBcb7FZeCt,SPCX / USDC,A,148.765476216145,41939.1390329479,12211.046898855038,3.4,26.0,,0.3137,-0.819,730179.8506,6293413.72382411,40,37,105.0,0
2026-09-25T13:00:33+00:00,DPAU7wDyMXDgNAfzQYMfyNqmTjzcoRsSPA2LeGH71hgi,SKHY / USDC,A,187.33949000677208,57252.9161088453,13432.428164612136,4.3,4.0,,0.6539,-0.441,2484409.0507,2139802.08929226,2,15,76.5,0
2026-09-25T13:00:33+00:00,E3H4To39g5m31DyVUGqr7shi4m3DpXUVLngBStfam7E8,Sakadung / SOL,C,9.441407193285405e-05,2195.1607715796,45.800894667160534,47.9,11,,0.2647,-8.914,33048.226,94414.07193,13,11,36.4,0
2026-09-25T13:00:33+00:00,G8kgi7aUpeX8EVR8VMkrth9SKEv5BietWC33UjAiiMGh,CYBERLEEK / SOL,A,0.0010453122094163116,1295.0217976831,482.3741445506985,2.7,90.0,,0.0618,0.91,482949.0936,762977.551841828,9,8,40.7,0
2026-09-25T13:00:33+00:00,HttDe6BsDc3y58owhqayQmERsNmWnRzFvDEwJYmxGAx3,Qenis / SOL,B,0.00038336642814428446,2715.5221464879,129.89943061410733,20.9,32.0,,0.0983,-3.282,84251.7515,368415.32114059,6,5,43.4,0
2026-09-25T17:57:49+00:00,13MEx6gjRadJNUdmToaGSzgeWHLH7FzScUQS9Mc5nYF5,MU / USDC,A,1074.6285673313419,38966.2585539904,3604.726622357354,10.8,6.0,,0.5913,-0.285,4748332.4177,4047125.79603111,10,1,95.2,0
2026-09-25T17:57:49+00:00,2C7PaLGC7wtQZWR9wa7QT2bthqTDyzcBL6BEYFGdSA5e,Z500 / SOL,C,5.417194182729698e-05,258.0534023126,17.58741764219315,14.7,16.0,,0.0426,1.256,33447.34,54047.2297276231,6,4,39.1,0
2026-09-25T17:57:49+00:00,5Jm4GnWPt62kphmhEET6rjzzFjvsfNxNqdpEuGwp2U9q,EYE / SOL,B,0.00018872232113517322,17302.2112320897,118.37932751928767,146.2,22.0,,0.2087,13.864,68069.939,188565.946334742,61,58,39.1,0
2026-09-25T17:57:49+00:00,68C62WPYiiNZxprbuaMj2ULXpiTDKcs5xsX7kBGnyajR,MANLET / SOL,C,0.0007887152300521595,19849.9527709473,1786.125944476536,11.1,31.0,,0.1155,13.333,28566.7468,788715.2301,44,61,49.7,0
2026-09-25T17:57:49+00:00,8TbYi38UqcedfptvjN2rURLbGbGub3itp2hgLvvS35hY,DPG / SOL,D,6.083520031808259e-06,0.9819144175,0.17282992600826852,5.7,4,,0.002,0.0,7866.3047,5863.2373498339,1,0,44.1,0
2026-09-25T17:57:49+00:00,CD5HDt23sjGud5VTWsv51BMPey2Qf9qH5cyswWmjBDdq,BULLSHIT / SOL,A,0.0009807140881145518,31264.200097146,2658.4789236696965,11.8,91.5,,0.1996,1.553,164960.0122,959236.380681694,104,159,39.0,0
2026-09-25T17:57:49+00:00,CsioJDbZethDNdy6M6HV5ECeowF8zm7BFvTBcb7FZeCt,SPCX / USDC,A,148.176166066696,120644.004938524,12211.046898855038,9.9,26,,0.3396,-0.386,732124.7745,6264781.99852053,302,367,105.2,0
2026-09-25T17:57:49+00:00,E3H4To39g5m31DyVUGqr7shi4m3DpXUVLngBStfam7E8,Sakadung / SOL,C,9.18845118119302e-05,2970.7752418621,45.800894667160534,64.9,11.5,,0.3389,-15.258,32491.3005,91884.51181,24,11,36.6,0
2026-09-25T17:57:49+00:00,ExoRMH6uApXi6abtqfNbcbDsDYvNP5ZC6cYybzZVUoLH,Z / SOL,C,7.143596031565311e-05,517.0766450314,49.50890366205552,10.4,15.0,,0.0687,1.587,32003.1551,69953.3384729603,10,9,39.0,0
2026-09-25T17:57:49+00:00,G8kgi7aUpeX8EVR8VMkrth9SKEv5BietWC33UjAiiMGh,CYBERLEEK / SOL,A,0.0011078396358045598,2549.1902215147,482.3741445506985,5.3,90,,0.0365,-0.308,513844.048,808616.565758275,12,26,40.9,0
2026-09-25T17:57:49+00:00,GwTzkbi3ogqYSphVeSMGaBwdkBvEzBo87dmDWyCxd1aj,BILLY / SOL,C,5.32482290112511e-05,44.7313323853,12.04246357260765,3.7,2.0,,0.0249,-0.272,23963.5684,52695.4010742831,0,3,39.6,0
2026-09-25T17:57:49+00:00,HttDe6BsDc3y58owhqayQmERsNmWnRzFvDEwJYmxGAx3,Qenis / SOL,B,0.0003526734453350533,996.5579891525,129.89943061410733,7.7,32,,0.1401,-3.233,81817.2801,339973.885847927,12,5,43.6,0
2026-09-25T21:28:05+00:00,5Jm4GnWPt62kphmhEET6rjzzFjvsfNxNqdpEuGwp2U9q,EYE / SOL,B,0.00017656288207737244,896.4814314242,118.37932751928767,7.6,22.0,,0.2534,2.035,66329.2155,176491.737785459,8,8,39.2,0
2026-09-25T21:28:05+00:00,68C62WPYiiNZxprbuaMj2ULXpiTDKcs5xsX7kBGnyajR,MANLET / SOL,C,0.0006563307936220214,3652.0797725144,1786.125944476536,2.0,31.0,,0.1517,-8.346,29413.0094,656900.5601,24,12,49.9,0
2026-09-25T21:28:05+00:00,9R27f7ibnqi9jfk5LdWHRhX7faJBPPZyr5Va35RYWwoo,LAYOOO / SOL,A,0.0004597797192602389,1050.9886642642,403.67161822853353,2.6,20.0,,0.0298,-2.763,107890.4594,433833.624562773,5,6,47.0,0
2026-09-25T21:28:05+00:00,CD5HDt23sjGud5VTWsv51BMPey2Qf9qH5cyswWmjBDdq,BULLSHIT / SOL,A,0.0008753856674522736,33639.4477752209,2658.4789236696965,12.7,91.5,,0.2924,0.907,157857.5817,856214.659891484,126,136,39.1,0
2026-09-25T21:28:05+00:00,CsioJDbZethDNdy6M6HV5ECeowF8zm7BFvTBcb7FZeCt,SPCX / USDC,A,147.899938728506,80922.0406658988,12211.046898855038,6.6,26.0,,0.3457,-0.928,729019.4873,6256645.57688844,125,127,105.3,0
2026-09-25T21:28:05+00:00,E3H4To39g5m31DyVUGqr7shi4m3DpXUVLngBStfam7E8,Sakadung / SOL,C,9.545672216326738e-05,275.0711151679,45.800894667160534,6.0,12,,0.351,-1.249,33454.7205,94495.13038,5,3,36.8,0
2026-09-25T21:28:05+00:00,F1w2HgzJHTGVhDdH8u95gjSuWTjchGJfmukTyhXnTJYx,Intismeran / SOL,C,3.895733666354981e-05,466.5508147853,1.3587754941087087,343.4,1,,0.0229,5.02,26033.0183,39193.03281,1,3,37.4,0
2026-09-25T21:28:05+00:00,G8kgi7aUpeX8EVR8VMkrth9SKEv5BietWC33UjAiiMGh,CYBERLEEK / SOL,A,0.0010402687796951737,3517.0227611642,482.3741445506985,7.3,89.5,,0.0503,-3.504,502049.7394,760686.833818413,17,26,41.0,0
2026-09-25T21:28:05+00:00,HttDe6BsDc3y58owhqayQmERsNmWnRzFvDEwJYmxGAx3,Qenis / SOL,B,0.000408853095869281,923.5740115988,129.89943061410733,7.1,32.0,,0.1248,2.405,88621.1622,397166.286295521,9,5,43.8,0
2026-09-26T00:06:51+00:00,5Jm4GnWPt62kphmhEET6rjzzFjvsfNxNqdpEuGwp2U9q,EYE / SOL,B,0.00019972825387934591,1384.5327152043,118.37932751928767,11.7,22.0,,0.2355,-1.844,71054.4399,199562.759650899,42,66,39.3,0
2026-09-26T00:06:51+00:00,68C62WPYiiNZxprbuaMj2ULXpiTDKcs5xsX7kBGnyajR,MANLET / SOL,C,0.0006659077950246834,3996.2487902179,1786.125944476536,2.2,31.0,,0.1446,-0.5,29473.9835,665907.795,14,8,50.0,0
2026-09-26T00:06:51+00:00,9R27f7ibnqi9jfk5LdWHRhX7faJBPPZyr5Va35RYWwoo,LAYOOO / SOL,A,0.0004516452185282203,1850.0715121873,403.67161822853353,4.6,20.0,,0.0341,1.381,107158.5895,426158.166472874,6,3,47.1,0
2026-09-26T00:06:51+00:00,CD5HDt23sjGud5VTWsv51BMPey2Qf9qH5cyswWmjBDdq,BULLSHIT / SOL,A,0.0009741312740012986,20471.3268368406,2658.4789236696965,7.7,91.5,,0.2745,15.608,166437.051,953151.693398074,42,107,39.2,0
2026-09-26T00:06:51+00:00,CsioJDbZethDNdy6M6HV5ECeowF8zm7BFvTBcb7FZeCt,SPCX / USDC,A,148.823861488747,34985.3452838256,12211.046898855038,2.9,26,,0.3158,0.315,725196.3094,6293383.32012828,73,104,105.4,0
2026-09-26T00:06:51+00:00,E3H4To39g5m31DyVUGqr7shi4m3DpXUVLngBStfam7E8,Sakadung / SOL,C,9.51093335507677e-05,511.9687656009,45.800894667160534,11.2,11.5,,0.3319,-2.272,33628.5143,95109.33355,5,5,36.9,0
2026-09-26T00:06:51+00:00,EcGDaedZL6ZPqKHyQThL6epLS1KuHtk94jWcRWXAC8mn,CLUG / SOL,D,1.0286902083696318e-05,31.2843937263,4.834915324488715,6.5,2,,0.0075,0.585,12152.0201,10211.8476035968,2,0,37.9,0
2026-09-26T00:06:51+00:00,F1w2HgzJHTGVhDdH8u95gjSuWTjchGJfmukTyhXnTJYx,Intismeran / SOL,C,4.1368904605588923e-05,90.3632072403,1.3587754941087087,66.5,1.0,,0.0304,0.523,26922.216,41368.90461,2,0,37.5,0
2026-09-26T00:06:51+00:00,G8kgi7aUpeX8EVR8VMkrth9SKEv5BietWC33UjAiiMGh,CYBERLEEK / SOL,A,0.0010626502645728346,2665.0943221303,482.3741445506985,5.5,89,,0.055,-0.194,508601.4934,775632.616794675,8,19,41.1,0
2026-09-26T05:03:35+00:00,4tJW2axbTxtT6nKbjB5pZwePtW84cB7E1B6tdCCLGfrC,hyUSD / USDC,A,0.9962447009373318,40468.1269044774,18346.07452017713,2.2,20.0,,0.0967,-0.253,2490944.9951,24163675.517613,20,16,331.8,0
2026-09-26T05:03:35+00:00,5Jm4GnWPt62kphmhEET6rjzzFjvsfNxNqdpEuGwp2U9q,EYE / SOL,B,0.00015408399255294617,408.3586860843,118.37932751928767,3.4,22.0,,0.3628,-3.561,62233.5657,153956.207132615,2,8,39.5,0
2026-09-26T05:03:35+00:00,68C62WPYiiNZxprbuaMj2ULXpiTDKcs5xsX7kBGnyajR,MANLET / SOL,C,0.000618442940783603,4437.9782018933,1786.125944476536,2.5,31.0,,0.1859,1.119,28677.6843,618442.9408,12,31,50.2,0
2026-09-26T05:03:35+00:00,CD5HDt23sjGud5VTWsv51BMPey2Qf9qH5cyswWmjBDdq,BULLSHIT / SOL,A,0.0008882720834894548,12458.7985669901,2658.4789236696965,4.7,90.5,,0.314,-7.511,157900.5776,868818.788584179,76,18,39.4,0
2026-09-26T05:03:35+00:00,F1w2HgzJHTGVhDdH8u95gjSuWTjchGJfmukTyhXnTJYx,Intismeran / SOL,C,4.075642852518782e-05,15.9742751447,1.3587754941087087,11.8,1,,0.0317,-1.32,26844.7477,40756.42853,1,1,37.7,0
2026-09-26T05:03:35+00:00,HttDe6BsDc3y58owhqayQmERsNmWnRzFvDEwJYmxGAx3,Qenis / SOL,B,0.0003272310110547329,839.6396845471,129.89943061410733,6.5,31.5,,0.119,-2.429,78671.9057,315447.618458993,3,2,44.1,0
2026-09-26T09:55:03+00:00,4tJW2axbTxtT6nKbjB5pZwePtW84cB7E1B6tdCCLGfrC,hyUSD / USDC,A,0.9967190636409092,57647.4421985326,18346.07452017713,3.1,20,,0.1096,0.017,2492620.1397,24158962.6441667,30,23,332.0,0
2026-09-26T09:55:03+00:00,6VZYoRYbZzeLtUf6BEJJgreKK2EEhq2bx2UNU3EvibLc,67coin / SOL,D,1.0634634144799794e-05,6.4966298635,2.873346600838149,2.3,1,,0.0015,0.0,11971.8824,10517.2558076251,0,1,38.9,0
2026-09-26T09:55:03+00:00,E3H4To39g5m31DyVUGqr7shi4m3DpXUVLngBStfam7E8,Sakadung / SOL,C,6.343724075685318e-05,313.518409718,45.800894667160534,6.8,11.0,,0.5489,-2.485,26711.5603,63437.24076,4,12,37.3,0
2026-09-26T09:55:03+00:00,EWLKmz6R2tcVKiep4ZZXQYbnBXm96YfhMW97Csn1ZL6P,BOLLOCKS / SOL,D,7.154095917454212e-06,39.7464671808,2.1272204108882877,18.7,1,,0.0058,0.0,7724.7054,7154.095917,0,1,39.6,0
2026-09-26T09:55:03+00:00,EcGDaedZL6ZPqKHyQThL6epLS1KuHtk94jWcRWXAC8mn,CLUG / SOL,D,9.84113880371479e-06,52.889584765,4.834915324488715,10.9,2,,0.0144,-1.482,11844.3957,9769.3366701408,0,3,38.3,0
2026-09-26T09:55:03+00:00,F1w2HgzJHTGVhDdH8u95gjSuWTjchGJfmukTyhXnTJYx,Intismeran / SOL,C,4.096263304499441e-05,8.2757195951,1.3587754941087087,6.1,1.0,,0.0346,0.0,26482.6149,40962.63304,1,0,37.9,0
2026-09-26T14:17:56+00:00,2C7PaLGC7wtQZWR9wa7QT2bthqTDyzcBL6BEYFGdSA5e,Z500 / SOL,C,5.014495718388542e-05,55.9544810122,17.58741764219315,3.2,14.5,,0.041,0.0,31600.7249,50029.4955873267,0,1,39.9,0
2026-09-26T14:17:56+00:00,4tJW2axbTxtT6nKbjB5pZwePtW84cB7E1B6tdCCLGfrC,hyUSD / USDC,A,0.9987892684831152,128755.619178095,18346.07452017713,7.0,20.0,,0.0731,-0.044,2536239.0602,24210972.72414,20,22,332.2,0
2026-09-26T14:17:56+00:00,5Jm4GnWPt62kphmhEET6rjzzFjvsfNxNqdpEuGwp2U9q,EYE / SOL,B,0.00012806295937138666,610.4373305514,118.37932751928767,5.2,21.5,,0.439,-2.379,56628.0119,127955.237674037,5,12,39.9,0
2026-09-26T14:17:56+00:00,9R27f7ibnqi9jfk5LdWHRhX7faJBPPZyr5Va35RYWwoo,LAYOOO / SOL,A,0.00046844485156031303,1888.6692067527,403.67161822853353,4.7,19.0,,0.0407,2.366,108758.6518,442009.766944739,4,6,47.7,0
2026-09-26T14:17:56+00:00,E3H4To39g5m31DyVUGqr7shi4m3DpXUVLngBStfam7E8,Sakadung / SOL,C,5.8156198239398763e-05,961.1755246036,45.800894667160534,21.0,11,,0.5845,0.576,25782.287,58156.19824,4,4,37.5,0
2026-09-26T14:17:56+00:00,F1w2HgzJHTGVhDdH8u95gjSuWTjchGJfmukTyhXnTJYx,Intismeran / SOL,C,4.0577248604500716e-05,8.9130374569,1.3587754941087087,6.6,1,,0.0352,-1.631,26712.571,40577.2486,2,2,38.1,0
2026-09-26T14:17:56+00:00,G8kgi7aUpeX8EVR8VMkrth9SKEv5BietWC33UjAiiMGh,CYBERLEEK / SOL,A,0.0011141742535043082,4698.9668753558,482.3741445506985,9.7,87.0,,0.0662,1.634,518685.5882,813240.074147267,10,18,41.7,0
2026-09-26T17:55:51+00:00,4tJW2axbTxtT6nKbjB5pZwePtW84cB7E1B6tdCCLGfrC,hyUSD / USDC,A,0.9963808503123035,48261.4770972327,18346.07452017713,2.6,20,,0.0538,-0.01,2521732.1247,24151628.472094,41,10,332.3,0
2026-09-26T17:55:51+00:00,5Jm4GnWPt62kphmhEET6rjzzFjvsfNxNqdpEuGwp2U9q,EYE / SOL,B,0.00013902937009603215,1710.042099108,118.37932751928767,14.4,21.0,,0.2345,9.486,58349.1844,138912.423843433,10,13,40.1,0
2026-09-26T17:55:51+00:00,68C62WPYiiNZxprbuaMj2ULXpiTDKcs5xsX7kBGnyajR,MANLET / SOL,C,0.000583138088817386,3957.658565915,1786.125944476536,2.2,31.0,,0.1409,-5.155,27685.6942,583138.0888,14,21,50.7,0
2026-09-26T17:55:51+00:00,9R27f7ibnqi9jfk5LdWHRhX7faJBPPZyr5Va35RYWwoo,LAYOOO / SOL,A,0.00044834076013147527,2060.3751033488,403.67161822853353,5.1,19.0,,0.0433,-4.965,106230.3773,423040.181158494,8,4,47.8,0
2026-09-26T17:55:51+00:00,CD5HDt23sjGud5VTWsv51BMPey2Qf9qH5cyswWmjBDdq,BULLSHIT / SOL,A,0.000809905113636209,18174.8873575499,2658.4789236696965,6.8,88.0,,0.32,-3.671,151504.5841,792168.032087439,40,24,40.0,0
2026-09-26T17:55:51+00:00,E3H4To39g5m31DyVUGqr7shi4m3DpXUVLngBStfam7E8,Sakadung / SOL,C,5.478165582445482e-05,226.2321079203,45.800894667160534,4.9,10.5,,0.4055,1.058,24889.9718,54781.65582,6,6,37.6,0
2026-09-26T17:55:51+00:00,ExoRMH6uApXi6abtqfNbcbDsDYvNP5ZC6cYybzZVUoLH,Z / SOL,C,5.9972334324109095e-05,109.6034799995,49.50890366205552,2.2,14.0,,0.064,-0.651,29337.0295,58727.6349741417,0,2,40.0,0
2026-09-26T17:55:51+00:00,F1w2HgzJHTGVhDdH8u95gjSuWTjchGJfmukTyhXnTJYx,Intismeran / SOL,C,4.099634495650744e-05,4.8845477291,1.3587754941087087,3.6,1.0,,0.0349,0.0,26812.8676,40996.34496,0,1,38.2,0
2026-09-26T17:55:51+00:00,G8kgi7aUpeX8EVR8VMkrth9SKEv5BietWC33UjAiiMGh,CYBERLEEK / SOL,A,0.001159742845272242,974.1497977788,482.3741445506985,2.0,87,,0.0646,0.24,534951.9322,846500.694360479,16,10,41.9,0
2026-09-26T17:55:51+00:00,HttDe6BsDc3y58owhqayQmERsNmWnRzFvDEwJYmxGAx3,Qenis / SOL,B,0.00034496516704651684,2204.5137593532,129.89943061410733,17.0,30,,0.0736,8.205,81760.7798,332543.1780309,9,4,44.6,0
